continent,period,adpe,ap,ctue,ctuh-c,ctuh-nc,gwp,ir,pm,wu
Asia,2019-01,5.125954404731909e-7,0.0014557132417836055,0.2640131380959262,0.000016340300834334978,0.000008353033475852522,0.6304409916605827,0.007807684496921396,0.000042859552683958004,0.07212510948201625
Europe,2019-01,5.516412256432673e-7,0.0008132918043688748,0.15246373520011108,0.0000309359169202231,0.000015752524404008743,0.3647668373813117,0.007806193935869284,0.0000401308826250699,0.06785741754044164
Africa,2019-01,3.36456694468107e-7,0.0013345845121714545,0.19062019834905392,0.000003206090811283837,0.0000016524619327046893,0.4683494873157284,0.006437611489080771,0.00004327464570533654,0.04630306196964299
South America,2019-01,1.7951837574316163e-7,0.0006045600392471255,0.08739017484009029,3.405619801804012e-7,1.7950770971087303e-7,0.1857114259117446,0.003252639632519556,0.000020739716701332592,0.018348595549745366
North America,2019-01,4.942025582489288e-7,0.0013569548838068062,0.19812003292421865,0.000015308115377049535,0.000007811420095149099,0.45605329393511623,0.007660196004261783,0.00005050684942440751,0.06672788322385337
Oceania,2019-01,0.0000010399099491909193,0.0024078596570983697,0.3124183597282886,0.00006995608357505872,0.00003561796440333904,0.6816248574970897,0.006528740862980209,0.00012644277695974873,0.06786002931257273
Asia,2019-02,5.139444766861197e-7,0.0014520351204929441,0.26372817324351827,0.00001640161224347755,0.000008384160170459713,0.6293956056777711,0.007785482452670371,0.00004278961777521654,0.07188141077834889
Europe,2019-02,6.055759491771707e-7,0.0008224041018391851,0.14954370604161316,0.00003377883218417342,0.000017197187506952478,0.3570716765759997,0.007757400511574898,0.0000432693448832621,0.06687003338972237
Africa,2019-02,3.32844947327954e-7,0.0013358512737719932,0.18971972247069224,0.0000029175163280127287,0.0000015054279835912538,0.4662224075576521,0.006413596927641851,0.00004334085991779692,0.04591457033217073
South America,2019-02,1.7448296151354925e-7,0.0006396667239077989,0.09122247020141,3.3565025410956703e-7,1.7751739541567522e-7,0.19871840400435117,0.003420891457887199,0.000021893560450532305,0.019567321665454947
North America,2019-02,5.053412829334621e-7,0.0013984346795947852,0.1946609731954959,0.00001609944529755916,0.000008211863761829394,0.4499235363895316,0.0075612735660627725,0.000054266114104734855,0.06441340965759536
Oceania,2019-02,0.0000010365163900573976,0.002509766767286352,0.3136271830005102,0.00007135752551029714,0.00003632917270580197,0.6827275857971937,0.006460228351658163,0.0001332451576502245,0.06655766308227037
Asia,2019-03,5.293751227881212e-7,0.001424855663796405,0.2598068350716102,0.00001622727474404757,0.000008294788728380641,0.6191069985768752,0.0077605740712183395,0.00004194169541565154,0.0713291588683768
Europe,2019-03,6.464055175876954e-7,0.0007956849992168208,0.14294537853872166,0.0000336900066353408,0.000017150358189298223,0.33730716926471654,0.007583085489376665,0.000043162911267952296,0.06461606042448119
Africa,2019-03,3.3835979573729026e-7,0.0013262378483950967,0.1898328356630296,0.0000033891443751216915,0.0000017454436679516379,0.4667926516748903,0.006432101465359999,0.00004308177941862078,0.04621427672593547
South America,2019-03,1.7801752529988156e-7,0.0006336483355513083,0.09013500410965869,3.417173857033596e-7,1.8063738547830304e-7,0.19307784244513843,0.003327244050037687,0.000021687080214182895,0.019238062910843113
North America,2019-03,5.370683255692401e-7,0.0013709451654113475,0.19040853544487843,0.00001661573032914021,0.000008473408816476287,0.4396491025932713,0.007510000402232278,0.00005400330747053663,0.06328390629554673
Oceania,2019-03,0.0000010271759579756835,0.0024767512247598775,0.3165494751325227,0.00007235329739761748,0.0000368369941265775,0.6914985820091183,0.006541063957750758,0.0001313451827342358,0.0682642116741641
Asia,2019-04,5.321359960217642e-7,0.0014147037688818534,0.25655754557632515,0.000016392720118740217,0.000008377982431275782,0.6123258684748245,0.007720472001882283,0.0000422297215079147,0.070348005720996
Europe,2019-04,6.846910291288869e-7,0.0008121975429901799,0.14230615126125204,0.00003629214647042953,0.00001847327645279616,0.3389389724193739,0.007613533924693125,0.000045931398304198656,0.06427717200335514
Africa,2019-04,3.361813627858141e-7,0.0013253241813651678,0.19010543995767087,0.0000030958742073871216,0.0000015964369479374958,0.46719357829550984,0.006429977539653651,0.00004275110363383335,0.04627008766744437
South America,2019-04,1.7382594613623855e-7,0.0006346158581814679,0.08894539575987676,3.3815360102794667e-7,1.7858732064999448e-7,0.189898162190657,0.0032784979576592935,0.000021906312375944352,0.01890005769560911
North America,2019-04,5.568595324723709e-7,0.0013856095397230025,0.18284204081568653,0.000016803146665530644,0.000008565984775602747,0.42008020172698257,0.00736107478333569,0.00005676627963551336,0.06045478690295992
Oceania,2019-04,0.0000010456491811612062,0.002556723198498216,0.31307920522997074,0.00007797361304786305,0.0000396925750034022,0.6801121604411288,0.006314599519623743,0.00014089754024695532,0.065817051469348
Asia,2019-05,5.318091686950225e-7,0.0013917502476234514,0.25335135865420555,0.00001616687975101872,0.000008262539284342665,0.6042492497337018,0.007645605645389185,0.000041455235963637995,0.06944099059580722
Europe,2019-05,7.05923686087443e-7,0.0008044500967150848,0.13892560457732284,0.000036702169335753605,0.000018681071219306504,0.33043801770468306,0.007459508168137178,0.000046362865470393154,0.06247946376382097
Africa,2019-05,3.3806120020399805e-7,0.0013201945792075257,0.1905986163403241,0.0000032388345629402667,0.0000016693493831707137,0.4686734611227056,0.006442890615455799,0.00004244601651513746,0.04647609069993352
South America,2019-05,1.7764823664064637e-7,0.0006367961577569735,0.08981432258180032,3.493126308414106e-7,1.8446362725372565e-7,0.1912438419373328,0.003280351162590752,0.000021842028466637585,0.019158463279218295
North America,2019-05,5.503176497892491e-7,0.001356117535632724,0.18552908152247696,0.000016159025784552562,0.00000823982025021973,0.4296786731970905,0.007545139042978434,0.000053917301053742074,0.06247557382679571
Oceania,2019-05,9.897262177627116e-7,0.0024727325097842834,0.3087645431261633,0.00007554794468069695,0.00003845907304336117,0.6713582394052389,0.006239746422095531,0.00013530123159409595,0.06545154814607086
Asia,2019-06,5.22057705299512e-7,0.0013923140341980088,0.25453350674721187,0.00001576168659667176,0.000008056945630774449,0.6069945629308132,0.007646923553545342,0.00004090048732082564,0.06972754208140744
Europe,2019-06,7.420125227965414e-7,0.0008092140929161853,0.13972074472299983,0.000037239661888267245,0.000018954409528215625,0.33456076002910834,0.007509085293844442,0.00004682899196255876,0.062209422809211955
Africa,2019-06,3.374701065826723e-7,0.0013244861810326712,0.19042491889706953,0.00000310954847683572,0.0000016034624124509423,0.4683836701512918,0.006450365054964421,0.00004265261404334691,0.04641531431298935
South America,2019-06,1.8496626266889262e-7,0.0006367645069749583,0.08985368664260435,3.5209402788470243e-7,1.8562108529610462e-7,0.19247103169910965,0.003385053240584307,0.000021928716522115513,0.019797718845186423
North America,2019-06,5.503684658081485e-7,0.0013350084666910354,0.18779518949957555,0.000015311281387445096,0.000007809484262561021,0.4413234967774734,0.0077881487786579835,0.000051587991700934296,0.06415959481057941
Oceania,2019-06,9.510705964680978e-7,0.0024362574448442698,0.30526966564414876,0.00007414760688955544,0.00003774658560261717,0.6658115568097974,0.006204115723495616,0.00013288325463789037,0.06495418822255819
Asia,2019-07,5.137281933901263e-7,0.0013853545595628707,0.2559455510029573,0.000015290342765210364,0.000007818041343316683,0.6083080113718642,0.007606311692602539,0.0000397801251035492,0.07008538339585091
Europe,2019-07,7.242393977888931e-7,0.0008156280415188291,0.14387654425508292,0.000036036680901296804,0.000018343764257520388,0.3474365103724812,0.007738298532463459,0.000045423913635584385,0.06447527372821386
Africa,2019-07,3.3956674417131264e-7,0.0013314387148104408,0.19103726290753165,0.0000032591885780695274,0.0000016796170725843882,0.469683679508971,0.006458501946822097,0.000043039361216344215,0.04650606308302076
South America,2019-07,1.925246683091576e-7,0.0006433751362570474,0.0931632374537413,3.3745038098201336e-7,1.7890012244709616e-7,0.20303935791023045,0.0035440802340139035,0.000021575259201115205,0.021192447121900486
North America,2019-07,5.362895154584087e-7,0.0012945294098220422,0.19424375754025955,0.000014153692849056512,0.0000072231501213489475,0.4621434786119606,0.007962261667734739,0.00004702563921079222,0.0661998389793712
Oceania,2019-07,9.771380160650885e-7,0.002395312317094674,0.30158567351041415,0.0000732434104418926,0.000037286238114350586,0.6560125323047336,0.006181724540414201,0.00013068631243600342,0.06433667450946742
Asia,2019-08,5.171279377521357e-7,0.001384749674109095,0.25652975006673545,0.00001531478228080308,0.000007830681544903202,0.6096468558945147,0.007626947843343641,0.00003961517740942797,0.07037345178591843
Europe,2019-08,7.233282690728768e-7,0.0008236260270983195,0.14370004494108338,0.000036618132451395894,0.00001863928244237988,0.34580786465948976,0.007710970046557021,0.00004635120255253809,0.06444455771171508
Africa,2019-08,3.344030999850421e-7,0.0013452040352155967,0.1916762713230451,0.0000032652161024598307,0.0000016827038209122639,0.47041810909513604,0.0064373228185527105,0.00004370366441304828,0.046430864893129746
South America,2019-08,2.0242691195841316e-7,0.0006474872157953488,0.0929641881963338,3.583542758135378e-7,1.8925884016859102e-7,0.20231271580476062,0.003569003195595076,0.0000219359445378497,0.0211936818671409
North America,2019-08,5.341364700051274e-7,0.0012999500649539372,0.1923609036559634,0.000014597918250941045,0.000007448239743403118,0.4608675105646615,0.008027453353188007,0.000048072192645960284,0.06609688570136121
Oceania,2019-08,0.0000010225419052382357,0.0023750106506717963,0.2957321666659958,0.00007325459202019768,0.0000372903151290287,0.6436017997010949,0.006195517129387392,0.00013076814124965414,0.06305701392956493
Asia,2019-09,5.166709145874911e-7,0.0013946280204337495,0.2546347002012011,0.00001576233305580295,0.000008057306624125825,0.6078243616078287,0.007643216857542051,0.000040981085563111324,0.0697026520775839
Europe,2019-09,6.882059245224712e-7,0.0008184664075392061,0.14339138442397217,0.00003687760601427913,0.000018770883236948638,0.3445405218692558,0.007686545496145666,0.000046577176703453313,0.06446581716391957
Africa,2019-09,3.383402656297054e-7,0.001324268772469654,0.18992223982598716,0.000003362024757606121,0.0000017316430055150565,0.46787277870640204,0.006450721130304737,0.000042941563544573095,0.046260534555697806
South America,2019-09,2.0399086209839692e-7,0.0006507433201990049,0.09370434971197347,1.9782340553903813e-7,1.0788281123117741e-7,0.2030033068292979,0.0035508966952902156,0.0000218466324722223,0.02117122152017689
North America,2019-09,5.416539310332197e-7,0.0013540305615532416,0.19462979023184063,0.000015439943940850434,0.000007876313267578326,0.4606868118840547,0.007910660906699589,0.000051391403377936396,0.06556519478523973
Oceania,2019-09,0.0000010769242516677235,0.002447634457396956,0.2956907338388079,0.00007394621729528897,0.00003764070026621369,0.6433135653994928,0.006253832640868739,0.0001355076239558203,0.06207443600760939
Asia,2019-10,5.140995043368141e-7,0.0013974118707680604,0.25495114044579287,0.000015414230863361023,0.00000788026916933681,0.6089236162205856,0.007667921786633746,0.000040856989127290257,0.06982073983319517
Europe,2019-10,6.307873505964967e-7,0.0008198829350072404,0.14704190069479284,0.000035236761010282866,0.00001793756969795772,0.354444983811668,0.00773422218603281,0.00004472316602113635,0.06568463316323817
Africa,2019-10,3.4266119340909083e-7,0.0013231448450205208,0.19041534438990348,0.0000035499417260793492,0.0000018274301231867428,0.46820533299507494,0.006427355351105582,0.000042882260915279386,0.04626206523106915
South America,2019-10,2.057365495844156e-7,0.0006394020325140692,0.09260163126004331,2.095726880514611e-7,1.1367698185330085e-7,0.20045548144686148,0.003523774605481602,0.00002145249365649607,0.02082156596385281
North America,2019-10,5.374351260514285e-7,0.0013683951057651578,0.18686524521912082,0.00001564933261546797,0.00000798021325642144,0.4395428040732654,0.007713046056868383,0.00005412402055983171,0.0629307417155038
Oceania,2019-10,0.0000011311382002076124,0.002460160691557093,0.29804986737565264,0.00007636699790544115,0.00003887221246318716,0.6476783377414282,0.006317261971877951,0.00013741752464380383,0.06282835321799307
Asia,2019-11,5.14408153574305e-7,0.0014274637504887485,0.2610435771617024,0.000015388936255418875,0.000007868843671687057,0.6215168267235993,0.007746267894126223,0.00004124657765711966,0.07141448548898817
Europe,2019-11,5.760136052517494e-7,0.0008098488845881504,0.14664936907449042,0.00003393952969006035,0.00001727816312567813,0.3516531602771145,0.007571793311212733,0.000043271388736072953,0.06509745037861271
Africa,2019-11,3.4174751139593763e-7,0.0013261238634541832,0.190175797052261,0.0000035147687260280966,0.000001809425308286241,0.4675341409779833,0.00641758579606698,0.0000430850455711845,0.046117688233552105
South America,2019-11,2.0423697075157146e-7,0.000636042462378792,0.09235974470526374,3.5158689892354206e-7,1.859508338091828e-7,0.1997034567684067,0.0035083154175676416,0.000021400269294249753,0.02073333427187756
North America,2019-11,5.075855200042504e-7,0.0013812247209592718,0.19158858437151358,0.000014622744225307344,0.000007460002249924183,0.44459773243183653,0.007621594573947987,0.0000529812972754172,0.06398252123412805
Oceania,2019-11,0.000001130818400575585,0.00243773845672043,0.2996749416035421,0.0000692576746001043,0.00003525839585325458,0.6427302504933587,0.006213402222074637,0.0001306093375228532,0.06243248965275142
Asia,2019-12,5.147082760671365e-7,0.00144736719238919,0.2682827856963512,0.00001484646111401038,0.0000075951028058981466,0.6360502922691925,0.007815620094199319,0.00004034135832842868,0.07336524094787827
Europe,2019-12,5.653323642172573e-7,0.0007896794980854035,0.14315222514198886,0.000033075517487870254,0.00001683802494660688,0.33982995556905043,0.007464625525297665,0.00004236771752324636,0.06424476519322359
Africa,2019-12,3.3995755228139233e-7,0.0013263626034795894,0.18952170596057802,0.000003458869937616203,0.0000017807653959883436,0.4663778641972647,0.006414829006812057,0.0000432123066640639,0.045928885828584745
South America,2019-12,2.0522995296873322e-7,0.0006317216618373268,0.09313679660399701,3.253333267865693e-7,1.7293930611905017e-7,0.19958593352057588,0.003466825758026217,0.000021032893437918027,0.020622730253357688
North America,2019-12,4.914550764686681e-7,0.0013202310150912358,0.183450695791069,0.000014976195429826014,0.000007638125233217295,0.42872049140323487,0.007685292039531258,0.00005151273058701852,0.06386967938975592
Oceania,2019-12,0.000001155783748127442,0.0024080684904628797,0.3038231772206793,0.00007012020118887009,0.000035698890145796506,0.653364045166817,0.006344065043162008,0.00012845223912695439,0.06454353605951305
Asia,2020-01,5.195341889313172e-7,0.0014586031717499324,0.26316628942569276,0.000015863569618256585,0.000008110177643645564,0.6288819814658395,0.007817297709952084,0.0000429342533403928,0.0716719731102569
Europe,2020-01,5.747978666397083e-7,0.0007769388190743166,0.14096952560511472,0.000032996351200485774,0.000016797101537222056,0.3367293284395082,0.007573225443978143,0.000042128358076285407,0.0645062910648816
Africa,2020-01,3.4414643069329476e-7,0.001376193935391691,0.1932846443543266,0.0000037553627100308825,0.0000019323241221183883,0.46862497439649414,0.006300721484940167,0.00004542302849352702,0.045969751114915997
South America,2020-01,1.9557323104392715e-7,0.000623911370556726,0.09195815410822714,3.1444380064231543e-7,1.6716016684525438e-7,0.20013710267354892,0.0034899036789950485,0.000020787849652076495,0.020347194744864638
North America,2020-01,4.975377031888325e-7,0.0012736906159399825,0.17572689767739433,0.000014897607634507345,0.000007596405525105585,0.4127680103266627,0.0076438722399731,0.00005047082535783329,0.06239701992776779
Oceania,2020-01,0.0000011228354213487134,0.002417338732732919,0.3086182204557231,0.00007180246959120148,0.000036555567153890256,0.6672298679680567,0.006422859598757763,0.000129180029448072,0.06621380468086363
Asia,2020-02,5.237144301491347e-7,0.0014485970314534,0.2621074340793828,0.000015850096279760646,0.000008103185041166023,0.6262280625684715,0.007805177701029429,0.0000425639521203639,0.07150258906683829
Europe,2020-02,6.187706517228556e-7,0.0007655562370349139,0.13622717817235913,0.000034552548132635286,0.00001758690711107866,0.31968163697362556,0.007223483344975891,0.000043845843463607225,0.060875803913944336
Africa,2020-02,3.402575928386374e-7,0.0013753553067495706,0.19277594914935228,0.000003445966014954993,0.0000017748726294943401,0.467238102596553,0.006286775188955248,0.00004526274171956213,0.04579825892323216
South America,2020-02,1.9039944443972096e-7,0.0006253346454311096,0.0905009993085459,3.274419615416232e-7,1.7347506229022236e-7,0.19403623034145412,0.003364058591704818,0.000021187160765971633,0.019425839458033573
North America,2020-02,5.215858791229145e-7,0.0012973514871066126,0.1739084302896832,0.000015773806186616992,0.000008040840095267104,0.40755507176218814,0.007474494849054799,0.000052930195159572296,0.06010808186154905
Oceania,2020-02,0.0000010882511627315249,0.0024652570962082946,0.3069495893844715,0.00007199182410355728,0.00003665043353962394,0.6665241653944495,0.006406057853133771,0.0001325069162822951,0.06516467832990332
Asia,2020-03,5.412339345421556e-7,0.0014087589387363755,0.25592189107882135,0.000015713202143287084,0.00000803231255833301,0.6103432624128483,0.007744113486408248,0.00004153945720478666,0.07039742498640257
Europe,2020-03,6.73927503593018e-7,0.0007687374182347314,0.1329813519389644,0.00003549078261394999,0.0000180635399773937,0.3113223266407569,0.00722067723118752,0.00004501764705172564,0.060480074336574534
Africa,2020-03,3.4290109862326933e-7,0.0013837158990415857,0.19369355234697314,0.000003647610264602652,0.0000018775886705015958,0.4687819605846599,0.006282024906345738,0.00004568635378090438,0.04589560727690248
South America,2020-03,1.9307300390877726e-7,0.0006289355241821221,0.09009767896474016,3.36583537507381e-7,1.781184434853354e-7,0.19264629381286397,0.003371378502156567,0.000021390252303247346,0.01961224142354971
North America,2020-03,5.50804960837047e-7,0.0013066997136562686,0.17146155042683983,0.000017290451363919224,0.000008811055834120731,0.4027964942860105,0.007475506356182913,0.000055082189217242046,0.05941312758713429
Oceania,2020-03,0.0000011340731078165936,0.0024707219073112916,0.3023901242864629,0.00007720772894795553,0.00003930104218189831,0.6548023322333125,0.0063004547247972565,0.0001376879159420421,0.06378065963256394
Asia,2020-04,5.500121130644293e-7,0.0014070279337806248,0.2552015138823112,0.000015894810032172893,0.000008124484873063548,0.6089670021284807,0.0077461048981162526,0.00004170394814696795,0.07021083584998858
Europe,2020-04,7.751841171516293e-7,0.000792232128813814,0.12789593832858237,0.000040191741884417474,0.000020452380664748387,0.30190033840735514,0.007287339795358795,0.00005050610077293888,0.05970673008475641
Africa,2020-04,3.399615992053381e-7,0.0013740456484087461,0.19116519837216195,0.0000033532568045523194,0.0000017272248294231388,0.46381444104921826,0.006247950931207433,0.000045479247741605296,0.04511620599851103
South America,2020-04,1.9958534378058684e-7,0.0006482693768346284,0.09021743763966139,3.6864117406500657e-7,1.9417158466803903e-7,0.1920889989113418,0.003384850470068422,0.0000224595153191292,0.019752804107039314
North America,2020-04,5.911113763420747e-7,0.001352045776109742,0.1696786524467362,0.000018178817975414237,0.000009261564471540429,0.39517332576846753,0.007406072325727225,0.00005874484601020972,0.058134289636524485
Oceania,2020-04,0.0000011241512490649865,0.0025616694004774536,0.304202146516313,0.00008128005855713303,0.00004137091906147214,0.6577582323507959,0.006197015751525199,0.0001455720265306079,0.06300097768700265
Asia,2020-05,5.461472192145174e-7,0.0013952310426231574,0.25549890419154025,0.000015416209810023477,0.00000788150090755124,0.6078808271078897,0.007703798179129674,0.000040606160029372346,0.07024348987208948
Europe,2020-05,7.981246046887574e-7,0.0007868988701661319,0.12584209869901905,0.000040536974543785134,0.00002062754260372428,0.2958897033470684,0.007151200248655124,0.00005078939552225695,0.05823309985719452
Africa,2020-05,3.4128236700187317e-7,0.001366194307161784,0.19275019498272739,0.0000031721512460413956,0.0000016357688806238695,0.46749690590432486,0.006281366755379685,0.000044527756313842956,0.04574507212505089
South America,2020-05,2.030095181069959e-7,0.0006513145342369684,0.09143069543699134,4.953201990054698e-7,2.5890368706652957e-7,0.19481994936745545,0.003421439168341335,0.000022431835092356793,0.020348522488568815
North America,2020-05,5.956044428523967e-7,0.0013134959436493549,0.16917083385111184,0.000017109937501349662,0.000008718632759346202,0.3940883253655959,0.007459187550443311,0.00005580064033045046,0.05876190999043332
Oceania,2020-05,0.0000010520856810226216,0.0024493061446668736,0.2987908174466687,0.00007744685659753963,0.000039421818224600556,0.6473823042175395,0.006128244867740937,0.00013753303047371552,0.06271753232475982
Asia,2020-06,5.290823307176376e-7,0.0013799616858701077,0.2533009172552869,0.000015070160362775535,0.0000077052117755116,0.6024771543235234,0.007617966334260452,0.000039938071636736104,0.06948379705563498
Europe,2020-06,7.835177924642166e-7,0.000807055937360564,0.132746697382874,0.00004012627926155666,0.00002042013874776768,0.3180194707614517,0.007286717514568207,0.000050209919739407817,0.059283517717419486
Africa,2020-06,3.4405735109576464e-7,0.0013653645124904234,0.1935914840007553,0.000003349019635970602,0.000001725975447525087,0.46944824124049084,0.006297941071931479,0.0000444198624814157,0.046042138953331514
South America,2020-06,2.02433563839311e-7,0.000656138919267947,0.09248675162282283,3.513209190422404e-7,1.8569082680389821e-7,0.19848393963199049,0.003445325879488922,0.000022454089161220757,0.02036600326783387
North America,2020-06,5.744181946597222e-7,0.0012715691188189982,0.17673670466472663,0.00001506880900338934,0.000007683346284559632,0.4166104120856478,0.007651562411036042,0.000050352523201685395,0.06108661224406768
Oceania,2020-06,9.915552447685744e-7,0.002433491738242996,0.3052789960226552,0.00007249216404647983,0.00003690466682050272,0.6652442596711325,0.006293384888915955,0.0001315660263612042,0.06500639397624844
Asia,2020-07,5.17725045354836e-7,0.0013690798639527037,0.25342618475204975,0.00001465039961833338,0.000007492165893832967,0.6017013096131245,0.007565722143872143,0.00003891274174356871,0.0694758595088676
Europe,2020-07,7.773727992069431e-7,0.0007917283698014152,0.13451964193546953,0.00003775248919505727,0.00001921342364009203,0.3255509531541866,0.007471466122594645,0.00004738692069698601,0.06031126321527972
Africa,2020-07,3.4428151002805747e-7,0.001359540588200839,0.1932787704922534,0.000003384169974507584,0.0000017438098063660842,0.4693636047296582,0.006322854375806319,0.000044181783051447925,0.046195361993693694
South America,2020-07,2.03943150843347e-7,0.0006354181751303154,0.08968478300005486,2.316990803039232e-7,1.2437094635572015e-7,0.1906709320459808,0.0033096467530589853,0.00002177427073117381,0.019064242729108366
North America,2020-07,5.560231207174464e-7,0.0012370888484430924,0.1849252161904666,0.000013648893611808128,0.000006964157868136328,0.4442310509621591,0.007903865694894903,0.00004545666860592722,0.06375160460093057
Oceania,2020-07,9.962488760481502e-7,0.0023795774078214913,0.30188762261526714,0.00007127411716126066,0.00003628513244606018,0.6595082971315327,0.006325995452818556,0.00012822921655694398,0.06489414770640047
Asia,2020-08,5.216995197183257e-7,0.0013750787623923507,0.2567045101045955,0.00001443717557945759,0.000007384729133619019,0.608202834298531,0.007586561083902098,0.00003835622306711364,0.07024341014636744
Europe,2020-08,7.567440960512459e-7,0.000807347948823542,0.13738355452602477,0.000037843612563919026,0.000019260416612900413,0.3329778568858364,0.0075506210228520445,0.00004775157854517172,0.06145023595451519
Africa,2020-08,3.438804184721701e-7,0.0013536690793438813,0.19251462059829222,0.0000033140855988749272,0.0000017079892562068666,0.4681837630907197,0.006323577924352951,0.0000439648417932283,0.046041286628368615
South America,2020-08,2.143234431770145e-7,0.0006309188558757154,0.0892350112669529,3.362084553370597e-7,1.7732146106522454e-7,0.18893765224179876,0.003349351382678335,0.00002176656513900268,0.019320841087186257
North America,2020-08,5.50369770752556e-7,0.0012640186459132255,0.18831350297190946,0.00001370607504179084,0.0000069938937337280715,0.4510492131731676,0.007924820849385871,0.00004630871664698793,0.06445193301596733
Oceania,2020-08,0.0000010696063499101794,0.0023912123205449103,0.298366676005509,0.00007270018436097994,0.000037008918808314956,0.6450917684191616,0.006208671619371257,0.00013080918000457016,0.06324594733473053
Asia,2020-09,5.219444672892902e-7,0.0013779908937586324,0.25246437374952546,0.000015071598609670405,0.000007705787632585209,0.6009486781892616,0.007563498253561462,0.00003996357391440788,0.06894256922762242
Europe,2020-09,7.234668949402569e-7,0.0008176813205862338,0.14058828732866582,0.000037826727243188406,0.0000192526127327541,0.3388835562883592,0.007570096850956962,0.000047747810251624775,0.06258944940683328
Africa,2020-09,3.4447526658473083e-7,0.0013548501951989795,0.1923594773108385,0.000003074738332422264,0.0000015862268619508644,0.4676142854910773,0.006314068684052058,0.000043890639501255846,0.04589652580958002
South America,2020-09,2.1852779657036352e-7,0.0006229094453878625,0.0879739043025273,3.2001804190228074e-7,1.6897232711353548e-7,0.18531864682643495,0.00334291450516419,0.00002150768826559859,0.019304565885313308
North America,2020-09,5.573842000449395e-7,0.0013281373969614807,0.18438195693478862,0.000015260405475268138,0.000007782191201277399,0.43800524210628783,0.007832302392498113,0.00005201215312218161,0.06313784586136706
Oceania,2020-09,0.0000011495397269166663,0.0024584070747019227,0.29493520416948715,0.00007476335253283147,0.000038055895841041974,0.6314668797307693,0.006086086771282051,0.00013699296315393509,0.060886329931410244
Asia,2020-10,5.226926416652968e-7,0.0013759630543678442,0.25115683750793905,0.000015305423962958256,0.000007824201738733261,0.5981226651578058,0.00755778385224721,0.00004036088259378643,0.0686350033328666
Europe,2020-10,6.486092413508765e-7,0.0007891569229768187,0.13810536166824716,0.000036209028980272356,0.000018429860005621715,0.3263190152959238,0.00741920780685948,0.00004567490267656617,0.06277389944485542
Africa,2020-10,3.4623405191104887e-7,0.0013592728187542013,0.19293793460622222,0.0000034672129387429014,0.0000017859383529430737,0.46851196585253696,0.006313594873790634,0.00004429769306581566,0.046061685270967205
South America,2020-10,2.2226771506715377e-7,0.0006464128341817986,0.09194752674309661,3.154652177472602e-7,1.673241755646825e-7,0.19747123185177828,0.003483711118405502,0.00002201259920413349,0.02040445066337165
North America,2020-10,5.570541803321263e-7,0.0013351047276649924,0.18065644223230934,0.00001591948077941389,0.000008115981441421969,0.42622080973462995,0.007591680066170232,0.00005381040581182166,0.06070127778098353
Oceania,2020-10,0.0000011717128829359541,0.002417666576185796,0.29042415488877615,0.00007169725033818237,0.000036496203219284714,0.6221650865504122,0.006117798420133164,0.00013325874057570097,0.060084611187064034
Asia,2020-11,5.248300895066997e-7,0.0014186076595268705,0.26143424852310787,0.000015181074112209578,0.000007763532294734823,0.6208098430590434,0.007722864944881934,0.0000404411978391749,0.07153493565329139
Europe,2020-11,6.051234514647977e-7,0.0008093665767857145,0.14404300425180347,0.00003544183542423985,0.00001804111675351384,0.3460448328365294,0.007576232080107106,0.00004494178280112871,0.06451077247412978
Africa,2020-11,3.4256784745645716e-7,0.0013629631917169793,0.19229738056022602,0.0000032415161246741584,0.000001670954579840121,0.4663701035267505,0.006296429999483737,0.000044493329267355476,0.045869394590060585
South America,2020-11,2.2226904938168655e-7,0.0006794399656679651,0.09527555785755198,3.321542306283482e-7,1.7604524910018106e-7,0.20789410663043842,0.0036111981387940964,0.000023303437395693558,0.0211212868709058
North America,2020-11,5.491330993505379e-7,0.0013570266249557914,0.1817806513574677,0.000016710695658302204,0.00000851880083924172,0.4193020654749816,0.0074194063487336105,0.00005540304539277165,0.06085275887543661
Oceania,2020-11,0.0000012390210324209861,0.002430814224358407,0.2949289735102402,0.00007147879887220679,0.00003638647447247629,0.6288081724273072,0.0062027240597977255,0.0001327913802155264,0.06115210507142857
Asia,2020-12,5.254668323043735e-7,0.0014451106634829833,0.269951910582269,0.000014651092665006466,0.0000074964828685563705,0.6374337269076296,0.007796051461386663,0.00003964428167903242,0.07378307655614026
Europe,2020-12,5.662720990130393e-7,0.0007871261962842974,0.14210872570415417,0.00003345095742288193,0.00001702852891355847,0.3409157050025527,0.0075673888047125765,0.000042691504813887756,0.06465173236429751
Africa,2020-12,3.4210748191729513e-7,0.0013628380194261134,0.19194603312990716,0.0000031719381806134,0.0000016354335470582831,0.46595898067099906,0.0063032315805964054,0.000044522437014568215,0.045795264014163985
South America,2020-12,2.246548670663401e-7,0.0006467623063470343,0.09412786397887342,4.442999902166597e-7,2.3321337628037487e-7,0.20370360826445533,0.003560280502028538,0.000021837471004115394,0.020872000365456285
North America,2020-12,5.214484433091305e-7,0.0013072157619076058,0.18518197419119262,0.00001536134162611314,0.000007834608846234959,0.42947533500001805,0.007549549290976585,0.000050736875481556733,0.06301386769373751
Oceania,2020-12,0.0000012519308292392637,0.002409920733690184,0.2949186072856441,0.00007373897549664686,0.00003753600550282084,0.6289161787239262,0.006206698425337423,0.00013324743584723725,0.061635838752760706
Asia,2021-01,5.392082465346298e-7,0.001444276027338091,0.2649200564996306,0.00001525784634735795,0.000007803176032086536,0.6283266529242896,0.007780181538607821,0.00004121227106822567,0.07227755905742177
Europe,2021-01,5.618232188730241e-7,0.0007825634820316862,0.14183580842327925,0.00003247709512290334,0.000016533427832312254,0.34019242629084806,0.007560691753994561,0.00004173578414153983,0.06453536351097992
Africa,2021-01,3.43942121066558e-7,0.0013663660598169985,0.19243170303941434,0.0000036219372315683685,0.0000018643312089688213,0.46721147374198174,0.0062904487324359475,0.00004494720585460989,0.04573725807130269
South America,2021-01,2.2237620556497922e-7,0.0006548248425475425,0.09460404366041196,3.0657645121779496e-7,1.6315177753042192e-7,0.20375987174271717,0.0035357960185323704,0.000022196246264412134,0.02058396302217774
North America,2021-01,5.253533963075766e-7,0.0012964863454046028,0.18435210314610792,0.000015311460150950773,0.000007809369862399735,0.42682688881401887,0.007534561822114455,0.000050170921791823606,0.06304223582989156
Oceania,2021-01,0.0000012640175675462539,0.0024187814796057016,0.29845072681747037,0.00007508510244473671,0.00003822149429882467,0.6371492963572946,0.006267083062359721,0.00013392177281239132,0.06278247526357292
Asia,2021-02,5.405425427639516e-7,0.001431518362876737,0.26377285812226414,0.000014878729637052504,0.000007610256806946088,0.6256710798627018,0.007764811389327588,0.000040441130767913094,0.07202593780522047
Europe,2021-02,6.174724324881046e-7,0.0007811845576692109,0.13859218650531185,0.00003471888922730099,0.000017672294723265032,0.3300236201532172,0.007368498241517606,0.00004402653492542051,0.062191005845675766
Africa,2021-02,3.4273193110831557e-7,0.0013710850391227538,0.1920299337760069,0.000003388545224657555,0.00000174548308728308,0.4657886481735349,0.00626508339715059,0.00004513771429239195,0.04543030750985806
South America,2021-02,2.0507668984584783e-7,0.0006471513693651582,0.0922632731468258,3.2569560510065764e-7,1.7263555111735456e-7,0.1972466206232389,0.003401080948240234,0.000022152079614097643,0.019589770615393118
North America,2021-02,5.492773261301751e-7,0.001378158398747513,0.19593806775987876,0.000015662386230448364,0.000007990238774439544,0.450079375792629,0.007510408969858836,0.00005255211581438094,0.06399127372020842
Oceania,2021-02,0.00000122406810384815,0.002500426008951979,0.3026320734310188,0.00007414735463121005,0.00003774470757983614,0.6465082966125892,0.0062523381395846855,0.0001370876286119518,0.06268916632121997
Asia,2021-03,5.585154399388495e-7,0.0014189343819257865,0.26385831940548443,0.000014989272879353403,0.000007666815855926268,0.6242818435573538,0.0077840591145764,0.00003972883812347963,0.0724718788034046
Europe,2021-03,6.800819047037696e-7,0.0007703028221996075,0.13587536097587882,0.00003432588441372142,0.000017471991063913152,0.3236537142487326,0.007514235115878779,0.000043497306416123615,0.06272702483861194
Africa,2021-03,3.476525265237862e-7,0.001369823119569735,0.19311297199893915,0.0000036169614597833597,0.000001861982578336445,0.4683565019437948,0.006293754307149428,0.00004498570540087778,0.04586056503139037
South America,2021-03,2.1667149311695758e-7,0.0006133457842438135,0.08944162567145612,4.3551276474063056e-7,2.2811329864079193e-7,0.19121158371857255,0.0034091918676634543,0.000020876742164526258,0.019453451817035686
North America,2021-03,6.005513415998151e-7,0.0013131899292176243,0.1770504372384696,0.000016140254618337077,0.0000082280904238552,0.40326987342060655,0.007293225259950682,0.00005347320535997424,0.05947103581659154
Oceania,2021-03,0.0000012051562717192328,0.002461701428432282,0.302928144385405,0.00007653755069908491,0.000038960830288475254,0.6490499429746444,0.006248856699814471,0.00013649441434556534,0.0635922473883735
Asia,2021-04,5.588588058716861e-7,0.0014032359771222445,0.2592615636223906,0.00001535657723316633,0.000007852301566793513,0.6148151742505124,0.007728694644474859,0.0000401428435691698,0.07120177577331772
Europe,2021-04,7.387644482881409e-7,0.0007822193692769927,0.13352321914147336,0.00003685250329178547,0.000018755964083183646,0.3195307483733869,0.007499323675747305,0.00004636481469935751,0.061711047655790593
Africa,2021-04,3.4566235543549554e-7,0.001368088688992382,0.19323029911550862,0.0000033634322998734297,0.0000017331442374276613,0.46858440820526437,0.006294021007739433,0.00004466946079673963,0.04589827802434329
South America,2021-04,2.2059799092491484e-7,0.0006328418805421914,0.0907838890674523,4.5268601202237967e-7,2.3692305630990866e-7,0.19492504346872805,0.0034312310884588347,0.00002165671865872683,0.019678372565435965
North America,2021-04,6.316516595887349e-7,0.0013493449588545946,0.17716513476130377,0.000016860637617348783,0.000008593579872731762,0.4070738617536271,0.007353988069063681,0.000056079855321418,0.05869808729292479
Oceania,2021-04,0.000001179290005518792,0.0025168574547767423,0.3050172752176036,0.000078002331249816,0.00003970543681124189,0.6555558643270158,0.0062463928699646645,0.00014029273512932637,0.06358960358368133
Asia,2021-05,5.62516250660285e-7,0.0013777568966596722,0.2541990487838613,0.000015024181013632669,0.0000076821342889022,0.6021587346822064,0.007644883781465772,0.00003956240225396752,0.06991894776837954
Europe,2021-05,7.890903281316176e-7,0.0007714490600603247,0.12660526557311957,0.000038162542900069665,0.000019420553299812665,0.29675078564347185,0.007196449749995781,0.00004806128858380985,0.058769716404134156
Africa,2021-05,3.447962983360617e-7,0.001361860390711467,0.19345724743121218,0.000003142857943117735,0.0000016211354343825167,0.4693234870438259,0.006308297143050374,0.00004410285643657474,0.04607455310217116
South America,2021-05,2.2556919461571258e-7,0.0006345082334351347,0.0920998011211811,4.5728774150091146e-7,2.3951847515131644e-7,0.19962886711763134,0.003526830569491526,0.000021446148557934804,0.02054369000341115
North America,2021-05,6.38035229509286e-7,0.0013237092113887877,0.17930342698511537,0.00001628030132266649,0.0000082997584074649,0.41294162986907257,0.00750758700267924,0.0000535851153744844,0.06060845281779246
Oceania,2021-05,0.0000010863821382102358,0.002435437652598835,0.30169963345142503,0.00007367834265458511,0.00003750676809832516,0.6500566686791297,0.0061890566313208715,0.0001333414799444826,0.06341832362243334
Asia,2021-06,5.518309676830536e-7,0.0013774182424868583,0.25541528866432517,0.00001462164650819929,0.000007477991690986687,0.604749534841572,0.007635376356744246,0.00003891934098699924,0.07020669560674542
Europe,2021-06,8.114771866973683e-7,0.0007946810385039489,0.13346180101448282,0.00003843828368526992,0.000019562437365360806,0.320356020218619,0.007529219276926555,0.00004797015712819353,0.06125340957343608
Africa,2021-06,3.4548476323469484e-7,0.0013621865540125438,0.19310531198141942,0.0000032658713318865528,0.0000016835508016741976,0.468738662154444,0.006315497502691108,0.00004429588768977015,0.04605176746118793
South America,2021-06,2.3250044258512182e-7,0.0006898611116470334,0.09759653171360337,4.432644812835083e-7,2.3284491196530584e-7,0.21479529664638802,0.0036951764807057175,0.000023535693860088747,0.02173275936786617
North America,2021-06,6.003168214951974e-7,0.0012919204253531676,0.18832502910928953,0.000014757477194177125,0.000007528392893864002,0.4437552281410415,0.007791692670798225,0.00004862735754956099,0.06364992716713477
Oceania,2021-06,9.947664305907044e-7,0.0023609587833193398,0.29652003327736126,0.00006780797514002332,0.000034521076400076156,0.6426746609775112,0.006182099868965517,0.00012602343530525103,0.06272200944227883
Asia,2021-07,5.419918219425708e-7,0.0013650145894658857,0.256178598652928,0.000014055952844234827,0.000007191016062222688,0.6045115225763398,0.0075875273752631376,0.0000375470218333489,0.07049769203413105
Europe,2021-07,7.917123416290919e-7,0.0008056311806654156,0.13863117654634188,0.00003695323455911544,0.00001880848534470539,0.33123204577562343,0.00757699507789856,0.00004657642860283594,0.062276387050060854
Africa,2021-07,3.4620800552884353e-7,0.0013620492717298198,0.19320523776829585,0.00000353891160470489,0.0000018223926277861264,0.4694693987907445,0.006345614303733479,0.000044471814371698035,0.04630781287390541
South America,2021-07,2.461111487143237e-7,0.0006961442178527769,0.09923554914083445,4.3848041493948994e-7,2.306120143081584e-7,0.2195084004044114,0.0038013566171884138,0.00002357407334080147,0.022598979129630613
North America,2021-07,5.85397537447891e-7,0.001274439693011817,0.1928330450422256,0.000013836923895940913,0.0000070618677528147695,0.4587966295849992,0.007959925104757919,0.00004591976700692848,0.0654563533437059
Oceania,2021-07,0.0000010240923385409458,0.0023249635305853515,0.29605622736032294,0.00006794848412663133,0.000034593123501525656,0.6357428025144176,0.0060760444811995395,0.00012413855066973966,0.06268122054036906
Asia,2021-08,5.445386443998838e-7,0.0013722019344023552,0.25690384107650127,0.000014247734836200728,0.000007288649092413776,0.6068515546925723,0.007609681711266447,0.00003792542516758675,0.0706389319524893
Europe,2021-08,7.778795613542619e-7,0.0008030536261923071,0.13554092237280435,0.000037860784193017394,0.000019268930872339686,0.3236996996179138,0.00751997075001593,0.00004785462282374445,0.06163301132639494
Africa,2021-08,3.446748064369884e-7,0.001358797189460318,0.19249761976856705,0.0000034802540144377723,0.0000017923651619071572,0.46835939863135867,0.00634649068506739,0.00004440363973184085,0.04615872030071761
South America,2021-08,2.565127248672144e-7,0.000700413189517095,0.09933397098421415,4.3254191308429374e-7,2.2744179968640344e-7,0.21958445244876756,0.0038655572840763327,0.00002385410106717222,0.02298719497111052
North America,2021-08,5.808133936088279e-7,0.00126248568400411,0.19177656642514404,0.000013513882064117323,0.000006897355747343341,0.4557740620706266,0.007923685888086533,0.00004529830995546148,0.06509391861614133
Oceania,2021-08,0.0000011495228264440434,0.0023760874023435624,0.2905684631309266,0.00007447870800593953,0.00003791126946301654,0.6215113778941036,0.00603132822791817,0.00013289099417644352,0.060709625687725643
Asia,2021-09,5.359452534117069e-7,0.0013720644768371328,0.2523400132549039,0.000014824694485999716,0.000007580447502274908,0.5982111484879693,0.007557970921482961,0.000039408859563340515,0.06924152103464273
Europe,2021-09,7.44489295509202e-7,0.0008228228284386612,0.14090393377684793,0.00003815978400895744,0.00001942222935990213,0.34050275911806666,0.007784741965113799,0.0000480418609956454,0.0645845168351339
Africa,2021-09,3.4867424924830985e-7,0.001351442559437976,0.19130578980789778,0.000003457215904615615,0.0000017804285305597694,0.46528291299106656,0.006322105836801157,0.00004420705328859308,0.04584590130545121
South America,2021-09,2.6639016956191485e-7,0.0006861804943674779,0.09722768825878579,4.5518174016770277e-7,2.3871410057170366e-7,0.21226545125605784,0.0037533004175982886,0.000023472502750785683,0.022034273181599364
North America,2021-09,6.012693314406144e-7,0.0013208316996252318,0.1875101826607584,0.000015321246114799498,0.000007814347596071689,0.4398834712217641,0.007766982098801476,0.00005093774814970611,0.06334803084058133
Oceania,2021-09,0.0000012338036842135365,0.0024083646732888466,0.28334083143209404,0.00007487658323215183,0.00003811083911778646,0.6012094649253257,0.005933456121512552,0.00013663144906528126,0.05772714595741976
Asia,2021-10,5.409084118457239e-7,0.001377777568115011,0.25228378897855613,0.000015068507952318083,0.00000770414928543074,0.598655946649264,0.007600395255481045,0.000039999848545915825,0.06936325346846417
Europe,2021-10,6.905436160828306e-7,0.0007953572454360676,0.1380762571853237,0.00003654835402045881,0.000018602086284705054,0.3279307616811419,0.007559272111891839,0.00004625832527669435,0.06336192079437075
Africa,2021-10,3.515378212054365e-7,0.0013653878779068007,0.1919087403745321,0.000003154241146939587,0.0000016263842708642194,0.46536528683345013,0.006301515131592146,0.00004466539546848782,0.04568571799649424
South America,2021-10,2.621649543648295e-7,0.0006711492401195111,0.09637098011078268,4.508688972089794e-7,2.3630580516966338e-7,0.210379347969642,0.0037461661814650804,0.000022978356383479293,0.021634860941684896
North America,2021-10,5.875508686401606e-7,0.0013302570262065708,0.18129429046610726,0.000015940925649147108,0.000008127104686254874,0.4259714763118236,0.00753205626144067,0.000053415033754821146,0.06011770833767386
Oceania,2021-10,0.0000013079988216241738,0.002404001676270066,0.2828134252006295,0.00007567238810833711,0.00003851561913221561,0.5992382800629525,0.006005525779886685,0.00013687250759098572,0.057889718915328923
Asia,2021-11,5.448908717822863e-7,0.0014078273246282053,0.2584122223075119,0.000015180577858521513,0.000007762533950949457,0.6119503627642529,0.007680073416444337,0.000040480600825306966,0.07084755783478612
Europe,2021-11,6.034248285171909e-7,0.0008032743426455872,0.1428549481176737,0.000034617619744539844,0.000017621526588102614,0.34556775871563356,0.007674343340413421,0.000044289037285279284,0.06484439732281262
Africa,2021-11,3.4160594177019456e-7,0.0013876595235940976,0.19307910376826334,0.0000031063443042223936,0.0000016020459214850804,0.4675195469845386,0.006287789331590081,0.00004568921195147492,0.045652634049313724
South America,2021-11,2.6348607710009054e-7,0.0006571620312134448,0.0938694174353167,4.4225553195490887e-7,2.3173708159670804e-7,0.20379112053081555,0.003670553817455921,0.000022516895754208966,0.02110676435934587
North America,2021-11,5.695110009667686e-7,0.0013121546257484377,0.17602347781313296,0.00001607601298969263,0.00000819465032437446,0.4091735979934393,0.0074375596855004176,0.00005369404409513886,0.05959375817999883
Oceania,2021-11,0.0000012827930648304542,0.002427952508758797,0.2851071315114523,0.00007613750094375125,0.00003875237346255566,0.6041955576071658,0.0059853749446257196,0.00013819368211498618,0.05810658907805502
Asia,2021-12,5.489792186515791e-7,0.0014281971850546589,0.2659707914207568,0.000014751252041050192,0.000007546463308381284,0.6266332182570524,0.007771962535852877,0.00003960263570409679,0.07315389432950302
Europe,2021-12,5.73869904638061e-7,0.0007890561894644525,0.14180048524114897,0.00003283066976103527,0.000016712852163541495,0.3401702122627826,0.007551085751741471,0.000042448280878167415,0.0642123003627648
Africa,2021-12,3.400980753815269e-7,0.0013819802508856633,0.19244557511300137,0.000002911932207619404,0.000001503076008521117,0.4662765764272887,0.006286082551984264,0.000045358351963197514,0.04555559811278989
South America,2021-12,2.554516557140632e-7,0.0006177239927368529,0.0913017691717178,4.2478026381647197e-7,2.2274105495623736e-7,0.19678826435347557,0.0035965333312516228,0.00002083562231741324,0.020609319412864036
North America,2021-12,5.359848156833479e-7,0.0012576154372859964,0.17115578096630085,0.000015688602928097917,0.000007997222434298231,0.3966887064154228,0.007384624023792801,0.000051318181730541794,0.0596149600839918
Oceania,2021-12,0.0000013901015517639863,0.0023577107877560386,0.28400014260984413,0.00007131069911975599,0.000036298873340239066,0.5993200864261694,0.0061700132997248545,0.00013068869274748178,0.05874878554937329
Asia,2022-01,5.553100078962426e-7,0.0014422501124762585,0.265118901600194,0.000015006356736068203,0.000007675592831356564,0.6267269771861663,0.007795745050878844,0.000040785988414559764,0.07268905594269112
Europe,2022-01,5.94572940980693e-7,0.0007741039447896221,0.1400292603712002,0.000032863491019737484,0.0000167290728744918,0.334771050590575,0.007542274446975485,0.000042117654600057614,0.06374087434973771
Africa,2022-01,3.382883990735826e-7,0.0013828353988605227,0.19328705072869123,0.000002650147590956656,0.0000013702021679135847,0.4682102082303319,0.006287659775873081,0.000045033896619226355,0.04566481231133248
South America,2022-01,2.540408291939714e-7,0.0006162472814886064,0.08949404943282752,6.782704151856024e-7,3.512652898919808e-7,0.19193127795951853,0.0035233251416233726,0.00002128618188146603,0.019842589352193813
North America,2022-01,5.456622264940023e-7,0.0012915001864848795,0.1855994735432878,0.000014965373636283025,0.000007633546080865195,0.42821345975857417,0.0074619535400337915,0.00004953831247220002,0.06216208603723601
Oceania,2022-01,0.0000013327830395294119,0.002332081688076471,0.28875559339047063,0.00007071044460409882,0.00003599545700226823,0.612672653132353,0.0062414473445,0.00012776739994553092,0.06073748482764705
Asia,2022-02,5.579993316300666e-7,0.00143448168732223,0.2644147012454141,0.00001499325196982406,0.000007668812341976848,0.625381800732223,0.007778867529203543,0.000040481312360717635,0.07241466179968208
Europe,2022-02,6.639976738166581e-7,0.0007724704337773254,0.13722655158923983,0.00003562104479635513,0.00001813016356943382,0.3222558884834962,0.007299298151865835,0.0000448383653560448,0.06120374015195478
Africa,2022-02,3.384641219861834e-7,0.0013868896078030198,0.19330980416095891,0.0000026041869634545164,0.0000013468021910047239,0.4678948470374354,0.006264404753362638,0.000045221128992272524,0.04545753937776805
South America,2022-02,2.497110713753889e-7,0.0006157608253406287,0.08845147882092051,5.851474948095055e-7,3.0377557747827486e-7,0.18742254939352004,0.0034203507868147197,0.000021386513345699873,0.019120930848943247
North America,2022-02,5.805229372319947e-7,0.0013287852418603732,0.18315358604313767,0.000015435332723961735,0.000007871189176589178,0.41917578393001664,0.007336268844166165,0.000052564609679558934,0.06036001422954101
Oceania,2022-02,0.000001318632599571611,0.00241739616810422,0.2884230080776215,0.000071527090592847,0.00003640903168122889,0.6124381157320972,0.006199564336445014,0.0001335186789129857,0.05931520294373401
Asia,2022-03,5.770905699581652e-7,0.0013944998125575718,0.25835103724605213,0.00001484298311244451,0.0000075911039810091505,0.609874785809661,0.007686986637257567,0.00003943874139513735,0.07094864409334183
Europe,2022-03,7.190813493759426e-7,0.0008088486670121988,0.14296863730172002,0.000035102905212472224,0.000017868452124958714,0.34113053915739855,0.007567373210182693,0.00004476280916906437,0.06317888624152874
Africa,2022-03,3.466308635558798e-7,0.001391159279110894,0.19423155579671716,0.0000033569153848678707,0.0000017297850832744913,0.46974830941121104,0.006276822893450687,0.000045806725160190754,0.04574497487055512
South America,2022-03,2.541511856746622e-7,0.0005870180295449175,0.0858964324380297,5.546493582446351e-7,2.8808270408639385e-7,0.1788361011675998,0.0033128766238635777,0.000020243133313359384,0.018436825043813238
North America,2022-03,6.263213031146005e-7,0.0012982233432318993,0.1748319406590167,0.000016072990814257196,0.000008193315943812114,0.39743389520328665,0.007223181241374982,0.00005311226431871519,0.05821028281029831
Oceania,2022-03,0.0000012639965883922044,0.0023900638489068207,0.2932906931528624,0.0000724820913545771,0.00003689664860428166,0.6264233348873325,0.006256050973051157,0.00013152638379752138,0.06148599370950058
Asia,2022-04,5.912807624804645e-7,0.0013836853332896502,0.25240575927378384,0.00001537621901881711,0.000007860461147935306,0.5973035879533579,0.007628033251960943,0.000040547423600623264,0.06920120363949518
Europe,2022-04,7.910535708232923e-7,0.0007819080513231033,0.1330694202607498,0.000037920234960043395,0.000019298519386269616,0.31305223566060714,0.007285477654746209,0.00004741369013219485,0.05961088839602837
Africa,2022-04,3.475835461540126e-7,0.0013975416703599765,0.19387414934482508,0.0000035513743161123598,0.0000018284361144509583,0.46886763879170595,0.0062662182913757105,0.00004640883467758938,0.04552269065890191
South America,2022-04,2.4848808995195383e-7,0.0006025070877017937,0.08524791878774292,5.819256791482116e-7,3.0170758031245995e-7,0.17642198203283152,0.0032521502937486657,0.000021190330349099142,0.018025926879030537
North America,2022-04,6.664709831874505e-7,0.0013381454339455407,0.17664625923474356,0.000016562899800064887,0.000008442015396536324,0.40088933676308214,0.007169336607565114,0.00005549820687867495,0.05696315426685083
Oceania,2022-04,0.0000012215482453136053,0.0024660108590157607,0.29189045902914124,0.00007809506615438926,0.00003974884598808812,0.6270657989449983,0.006172617229591508,0.00014046441737844393,0.0603573728530074
Asia,2022-05,5.860397712933723e-7,0.0013597450255468276,0.24844225218067428,0.000015090623220723261,0.00000771447558463,0.587223397432737,0.007537263083308926,0.00003982540960636867,0.06815314768291676
Europe,2022-05,8.651967610219422e-7,0.0007774129131009086,0.12943359817329875,0.00003874116316540659,0.000019715146443204656,0.3053006635062209,0.007230354600224436,0.000048286024253041786,0.057892036395877366
Africa,2022-05,3.509243241519081e-7,0.0013923334657121702,0.1943430857903428,0.000004049039456004251,0.000002081735425596247,0.47025133031076044,0.006282007039785751,0.00004634649668465087,0.04583290249270601
South America,2022-05,2.530224630349459e-7,0.000606659045454927,0.0868064164787491,7.562410163015795e-7,3.9062649494684645e-7,0.1825481022160248,0.0033590348088204432,0.00002115748903381592,0.01898380576765663
North America,2022-05,6.598380487842208e-7,0.0012877507711138712,0.17574541191333035,0.000015512744498417722,0.00000790848367073741,0.40549523309781754,0.007401888735717286,0.00005191400660940771,0.05855814062781481
Oceania,2022-05,0.0000011051382386953882,0.0023763826842779128,0.2868447192082524,0.00007582554396849048,0.00003859467866767293,0.6189112003640778,0.006037283674514563,0.00013480159160763667,0.05989951187378642
Asia,2022-06,5.720574307184335e-7,0.001350441448119511,0.24999248739668425,0.000014538816660441468,0.000007434668015819227,0.5904099930443699,0.007509691015801114,0.00003848677458638263,0.06846816514703198
Europe,2022-06,8.769399462174249e-7,0.0007972213183586299,0.13431300174789293,0.000038716854527199415,0.000019703906886320723,0.32014676976781564,0.007366312904533537,0.00004827237121727002,0.059014364448948115
Africa,2022-06,3.4729504661816615e-7,0.0013900078420913122,0.19422568399062792,0.000003832309623946233,0.000001971451128886032,0.47088731639258574,0.0063045230443136814,0.00004610428067867171,0.04588661675542953
South America,2022-06,2.45699578505741e-7,0.0006190890613064182,0.08876938076164878,3.885142675107149e-7,2.0388981260109006e-7,0.18943009388655482,0.0034092421867664953,0.000021191970889917342,0.019265944881422296
North America,2022-06,6.379219000277702e-7,0.0012492913131599698,0.17828599144024282,0.000014308832897589185,0.00000729758727097456,0.4194120933820283,0.0076269456693894,0.000048150234183354544,0.06042087156095723
Oceania,2022-06,0.0000010731083998293613,0.0022924493074757283,0.27643557110044126,0.00007352961128464277,0.00003742491283597704,0.5968895893792292,0.005933114491232716,0.00013077603226911212,0.057687510763754044
Asia,2022-07,5.656148252747605e-7,0.00136128696578483,0.256587278405919,0.0000139075835321942,0.000007115858557296448,0.6035229131888558,0.007574817277156283,0.00003709166224618688,0.07049660710866333
Europe,2022-07,8.806309727259289e-7,0.0008049051079457347,0.138564752868125,0.000037361826982158565,0.00001901580980461657,0.3304593179790539,0.00749053669885346,0.000046910505456030746,0.06024833743982263
Africa,2022-07,3.490220198988849e-7,0.0013894907902573103,0.19402573515496652,0.000003937128567381917,0.0000020246741544477517,0.4706009679300442,0.006307866432503123,0.0000462009892237085,0.045849617540885006
South America,2022-07,2.642306719579981e-7,0.0006070389013206561,0.08802477658136036,6.274929065013794e-7,3.2525048041176476e-7,0.18590450408912337,0.0033887898829641624,0.000020883715130352335,0.019167852882248457
North America,2022-07,6.143931061151022e-7,0.001217322160735928,0.1815471114774454,0.000013614089458033666,0.000006945460110751796,0.43562205900798945,0.007851682133709641,0.00004509243123640714,0.062164511855940636
Oceania,2022-07,0.0000010953011661358445,0.002278124677137557,0.28133061727625563,0.00007267204783747333,0.000036990866158788515,0.6068742008504565,0.006025448034817351,0.00012808672686671349,0.05947805716038812
Asia,2022-08,5.666284838121768e-7,0.0013796364486741513,0.26135624354649295,0.0000138877283337502,0.0000071070224139367504,0.6136681751516866,0.0076330902804136085,0.000037055611144292837,0.07177565077823579
Europe,2022-08,8.545090002047749e-7,0.0008251592897136544,0.1430800555047328,0.00003761908850465906,0.00001914768741399115,0.34603634374553915,0.0076508845168748426,0.000047172773967822396,0.06198463988567423
Africa,2022-08,3.5012882983267125e-7,0.0013876131604837168,0.1937029850732856,0.0000039209141872282744,0.0000020163520214623235,0.47000323775832653,0.0063207049634763,0.000046153270471777675,0.04590075051734178
South America,2022-08,2.823717948810397e-7,0.0006020272643973378,0.08679266778811445,6.20982006302133e-7,3.216636673250183e-7,0.18083632601902316,0.003392813322157007,0.00002089681684895349,0.019129251045697515
North America,2022-08,6.008574679377519e-7,0.001226731781517176,0.1820537217581191,0.00001373504506939079,0.0000070070435911787615,0.43878284465331563,0.007919336213899819,0.00004555238855551045,0.06275697209719434
Oceania,2022-08,0.0000011711946250204556,0.002294460484988311,0.27828579041449436,0.00007373834241351134,0.000037532048671979254,0.5925589987434249,0.005883250259555815,0.00013045143496180758,0.05783435711104617
Asia,2022-09,5.746614414821215e-7,0.0013843063589735975,0.2564419566819358,0.000014710265378495552,0.000007523324922297281,0.6057118523340851,0.007638271107250217,0.00003911422300082388,0.07031202515418669
Europe,2022-09,7.862289203825115e-7,0.0008363333139299314,0.14471456598551363,0.00003855344108205507,0.0000196230368405298,0.34755800799936537,0.007575825417140794,0.00004833415949676762,0.06269690836780605
Africa,2022-09,3.4849319352037793e-7,0.0014044784123924713,0.19331320413884978,0.000003903219676882382,0.0000020069672272682962,0.4685818275388228,0.006285567814108897,0.00004721949993632528,0.045379611896472084
South America,2022-09,2.945132667704944e-7,0.0006064312410053869,0.0863231705177023,6.166338559345301e-7,3.191791914770921e-7,0.179519078992853,0.003378241437927357,0.000021278558967705186,0.018669172654861593
North America,2022-09,6.205183045806066e-7,0.001286398229899027,0.17915828685516752,0.000015075635364750408,0.000007686956742089045,0.42727863745151645,0.007801377963132898,0.000050666910578604054,0.06123018305280713
Oceania,2022-09,0.0000012510123723305478,0.0023552632639770974,0.27741449164085424,0.0000744096824733878,0.00003787244138582823,0.5883445213091922,0.005899248960940887,0.00013447338615627753,0.05670756162612195
Asia,2022-10,5.743876677179044e-7,0.001372056537887565,0.2525107111784852,0.000015041748429009445,0.00000769072457885542,0.5971510309549444,0.007618975108192999,0.00003957850367419372,0.06955985289513952
Europe,2022-10,7.326672682665189e-7,0.0008095587229378509,0.14167342255004586,0.00003807598629141264,0.000019379227166334773,0.3379781051150178,0.007404416859734164,0.000047568864749073864,0.06126819636922618
Africa,2022-10,3.481275315063245e-7,0.0014049734664171856,0.1936287933760336,0.0000037925043497480014,0.000001950858325057797,0.4680121233944762,0.006273540863840114,0.00004708158049822522,0.04553412909620516
South America,2022-10,3.032078163686006e-7,0.0005914718457190863,0.08481486494109741,5.712434090855079e-7,2.95870102574324e-7,0.17417036382257814,0.003300851791630349,0.00002076867950294827,0.017913485941401942
North America,2022-10,6.293389781956377e-7,0.0013256352798722835,0.17714987696465928,0.000016276497095763615,0.000008296373541688016,0.4163369000357685,0.007551555812546169,0.00005435634648887805,0.059095209488938996
Oceania,2022-10,0.000001325452387174386,0.0023689934655704075,0.276429203809885,0.00007693727117927219,0.00003915716857386229,0.5848009032918868,0.0059331017299347226,0.00013726203522624263,0.056425631949020824
Asia,2022-11,5.662487197868917e-7,0.001403295943343052,0.2592956711985324,0.000015090434771138326,0.000007717121726529646,0.6126025351640593,0.007715073470425342,0.00003990950288125015,0.0713835985732815
Europe,2022-11,6.476016500932078e-7,0.0008172130322262162,0.14547279371056562,0.00003643329265897632,0.00001854509903313509,0.34633388352267247,0.0073668013882912,0.000045999463834775186,0.06245252779782721
Africa,2022-11,3.446220922666665e-7,0.001387980383719212,0.19238146076508889,0.000003880445723827074,0.000001995433369413333,0.46611526553800403,0.0062713957773713495,0.000046425261558198986,0.04544715451785471
South America,2022-11,2.7813279506445475e-7,0.0005978012971153846,0.08475035045530432,4.594420917168429e-7,2.390434025179101e-7,0.1776680601520499,0.003288269943681319,0.00002095129732350341,0.017532131406593408
North America,2022-11,5.82520886783439e-7,0.0013001979662492157,0.17494872293789018,0.000016375302538906963,0.000008346522131783628,0.4055880949990681,0.0073536342117513954,0.000053554183000442134,0.05865090136414296
Oceania,2022-11,0.0000014105415762396427,0.0023304211052039515,0.2680278139739961,0.00006977566836562065,0.00003551372722272338,0.5602962743275972,0.005899271931548757,0.00013159122226576796,0.05364449531102612
Asia,2022-12,5.621099105840141e-7,0.0014170017631713132,0.265028029095522,0.00001454941757941412,0.000007443761756788541,0.6223251015153934,0.007722718301136062,0.00003901953809145786,0.07280175971268579
Europe,2022-12,5.885465766851494e-7,0.000810036378827845,0.14636075774439292,0.00003413406393922419,0.000017376438670765607,0.3524145114252196,0.007462413476398474,0.00004364285969665025,0.06346185951397532
Africa,2022-12,3.490379708966828e-7,0.0013980915492683521,0.19204507055657416,0.000004212345241353358,0.0000021638928761387975,0.4655429922502988,0.006258937458520934,0.00004733862102276925,0.04509752696155518
South America,2022-12,2.900281052643465e-7,0.0005994844453870239,0.08598415680876709,6.122744511236579e-7,3.1693089767749723e-7,0.1803422002177908,0.0033978548340108817,0.000021029423587568783,0.018387324905245868
North America,2022-12,5.450630330187889e-7,0.0012899439489277374,0.18079305387995964,0.000015441681584759657,0.000007873924122909365,0.4207013140478614,0.007475967401295013,0.000050945702544120014,0.06096623589427267
Oceania,2022-12,0.0000014991784982031491,0.002323940588558197,0.2706354575969126,0.00007274440581287997,0.0000370242850936008,0.5651766505310282,0.006020929485087991,0.00013266143920689084,0.0549905826810744
Asia,2023-01,5.772715111284113e-7,0.001423538888364884,0.26243953473927084,0.000015099718762031693,0.000007722528265935166,0.617991191938849,0.007730134007400293,0.00004039156842904319,0.07196707993466935
Europe,2023-01,6.155739751120353e-7,0.0007744070622630022,0.13976849804080485,0.00003401909683012199,0.000017316420976910187,0.3289498034434016,0.007228712170919515,0.000043187343214523925,0.06122850672058606
Africa,2023-01,3.4765008554486634e-7,0.001389221014216533,0.1921119281712918,0.000004085681752135834,0.0000020996385305456806,0.4660186061181857,0.006266543532735472,0.000046713308287241396,0.045238040968748276
South America,2023-01,2.940698149649711e-7,0.0005921008963397299,0.08534048257427151,4.953250433306328e-7,2.5746835230038583e-7,0.17764591027485027,0.003376207397857651,0.000020653795580518176,0.018271143816428064
North America,2023-01,5.591409000028633e-7,0.0012501680712945597,0.1715752477540874,0.000015444805781498894,0.000007873349236285486,0.4000378068384932,0.00746969951401575,0.00005061993582833041,0.05976736903439513
Oceania,2023-01,0.0000014513286254295945,0.0023120565265960617,0.2781148792847255,0.00007171309724280865,0.000036502354340718074,0.5850710910501195,0.006160913312112171,0.00012958473663795324,0.057676547053699276
Asia,2023-02,5.806533899741429e-7,0.001416755750600168,0.26177371585958276,0.000015003255976002547,0.000007673347397771097,0.6168495483448535,0.007722456537149995,0.000040081311291175174,0.0717138758943519
Europe,2023-02,6.767069192637936e-7,0.0008007719117014635,0.14155513826520452,0.00003601965583648812,0.000018333758547067887,0.3401610615635464,0.007445203955716139,0.000045539529436250434,0.06190706675376009
Africa,2023-02,3.469499711198114e-7,0.00139364238502026,0.19178605848361618,0.000003791494640303553,0.000001949904641421612,0.4648009406574306,0.006246088340455589,0.00004682373380048151,0.0449740823155733
South America,2023-02,2.9173090687122366e-7,0.0005948118555046499,0.08545213512459414,5.2014492812244e-7,2.7014222936951616e-7,0.1762270933656281,0.0033070083019597547,0.000020823349772882773,0.017856977803394104
North America,2023-02,5.967393524779776e-7,0.0012841165306341274,0.16975167468356642,0.000016124327374813043,0.000008217534268795408,0.39277833026280995,0.007301226197213417,0.00005360775378163292,0.05738077529260087
Oceania,2023-02,0.0000014170466000314266,0.0023755411419327465,0.2835188983089881,0.00007030913159564456,0.00003578895031994185,0.5966923420301696,0.0061877888760527985,0.00013121726442131965,0.05813442636769327
Asia,2023-03,6.088187050206815e-7,0.0013930066937296302,0.2605526271370544,0.000014759858558167449,0.000007549676437243476,0.6124830983630516,0.007732180316567753,0.00003874027540255603,0.07181042507418903
Europe,2023-03,7.351547738081492e-7,0.0007749293827487482,0.13552881564467745,0.0000355343449186638,0.000018085703417983177,0.31935636059187034,0.007230514190183603,0.00004500489185061779,0.05945381109733923
Africa,2023-03,3.4752048496118555e-7,0.0013892023868058742,0.19290366625153763,0.000003999182096947064,0.000002055926371590732,0.4675504642706445,0.006272420877100968,0.00004646717316165479,0.04546394264531658
South America,2023-03,2.873218711972181e-7,0.000566633040303527,0.08371718670090414,4.964743087688078e-7,2.581480197314953e-7,0.17334807396219576,0.003301238424595132,0.00001945350680196394,0.017898197657824143
North America,2023-03,6.35215853109365e-7,0.0012498499353761675,0.16811327879581406,0.000015801301643486617,0.00000805323488877025,0.3898250583001572,0.007338275561168532,0.00005172359197678528,0.057146921480595365
Oceania,2023-03,0.0000013432217282037368,0.002344351330973478,0.2846410187488848,0.0000717438417927282,0.000036519304279382446,0.6046463358649788,0.006212178617359856,0.0001301828702583931,0.0593881340464135
Asia,2023-04,6.076759391876134e-7,0.001380487781397633,0.25566905432252796,0.000015143825423722195,0.000007743376268867995,0.602217729409611,0.0076673486266281956,0.00003948736688234099,0.07030426626057207
Europe,2023-04,8.3987136409946e-7,0.0007696638495756042,0.1281673483097312,0.000038974483748468613,0.000019833317297843512,0.3021387731652889,0.0072678931494846956,0.00004842931250174808,0.058466957731866644
Africa,2023-04,3.476352146681184e-7,0.0013804040828505303,0.19173958465697788,0.000003831395128994345,0.000001970385160438115,0.4652307479950992,0.006263425136153006,0.00004608207271910082,0.04522227250656136
South America,2023-04,2.850748993941313e-7,0.0005911780632678911,0.0845691687011822,5.27008333752449e-7,2.7372360286959053e-7,0.175343150770741,0.00331756292590247,0.00002058893297093745,0.018158730409541905
North America,2023-04,6.941228919327065e-7,0.001294342043660874,0.16671042002084682,0.000016875663853063748,0.000008598232489318432,0.3854685131262945,0.00731644625413443,0.00005541452116715237,0.055706228320477724
Oceania,2023-04,0.000001283964460867609,0.002400797150652314,0.2822517109812339,0.00007190296086747421,0.00003659852519116547,0.599293912429306,0.006057889956555269,0.00013421192379785908,0.0575296103322622
Asia,2023-05,6.063042775257672e-7,0.001368856520175008,0.25504298061142094,0.000014852981005629918,0.0000075955740850621685,0.600556756845666,0.007659268475374594,0.00003870242444850323,0.07030924774104859
Europe,2023-05,9.190029610248902e-7,0.0007623696040849194,0.12452752666785573,0.00003996810979036298,0.000020337506015043853,0.29241099572769425,0.00711386783793203,0.00004950408958940117,0.05568691713740626
Africa,2023-05,3.46245385839022e-7,0.0013851988460044245,0.19263037925003637,0.0000040003868379991646,0.0000020565007867959304,0.46740272912795117,0.0062798809148781705,0.000046295599540939596,0.045479229763848786
South America,2023-05,3.122445692310089e-7,0.0005985717363668933,0.08676667564922376,4.893220098537048e-7,2.5490715370304793e-7,0.18091680731621584,0.003436894024128979,0.000020515862281987565,0.019178381325821697
North America,2023-05,6.902907196985188e-7,0.0012633048331157427,0.1653795597798476,0.000016110062229487178,0.000008209216225576051,0.3890665982133588,0.007489885599434488,0.00005309346270664174,0.05668031352628129
Oceania,2023-05,0.0000011749039824635526,0.0022953447841088954,0.2804386119108598,0.00006798750593662494,0.0000346086284639625,0.5973372398661113,0.005992418344004761,0.00012575352280237085,0.05820504302052959
Asia,2023-06,6.010875389553032e-7,0.0013728518594012906,0.2580465773967826,0.00001448529101997012,0.000007409675891987867,0.6071873384537361,0.0076803948701208696,0.00003790892993106261,0.07111257586806205
Europe,2023-06,9.628717810689804e-7,0.0007613469403375009,0.12503025242536034,0.000040167337313253355,0.000020439176822238985,0.2959954575130605,0.007333386041219741,0.000049316785465955495,0.057052254336453286
Africa,2023-06,3.468082481339402e-7,0.0013818594863548932,0.1929963938940006,0.000004050622618810529,0.000002082225950134451,0.4678438702415074,0.0062744955685083885,0.00004605803170086618,0.04559468286145307
South America,2023-06,3.143677391099449e-7,0.0006063841410186302,0.08832348705912361,6.272264091430439e-7,3.2502764960467066e-7,0.1863729815365521,0.0035347458626502227,0.000020847448576074044,0.0198316109816846
North America,2023-06,6.779664065754433e-7,0.0012532566263823675,0.17222943121632212,0.00001487527299225072,0.000007583385220566998,0.4110237680918425,0.007759173486489944,0.00005009992360218331,0.05934418737788212
Oceania,2023-06,0.0000011071263025932503,0.002284126282984014,0.27848226574351687,0.00006906350893646135,0.00003515512452676258,0.5909845894079337,0.005801287124718769,0.00012656392238654486,0.05735574108466547
Asia,2023-07,5.909348333278673e-7,0.0013620010187269066,0.26005673631957454,0.000013885589345234542,0.000007105744436257089,0.609294029482071,0.00762645917412082,0.000036352534885976786,0.07156545427319516
Europe,2023-07,9.367601087012092e-7,0.0007525237559570385,0.12708029703351464,0.000037841157447534576,0.000019256715661729317,0.29960155808441274,0.007369628097456822,0.00004692832924811299,0.05760268273652851
Africa,2023-07,3.466521324106925e-7,0.0013809916653775537,0.1929019172902037,0.000004047787983524614,0.0000020807710058540652,0.4676264990926588,0.006272727727100436,0.00004602579536593876,0.045575696498452084
South America,2023-07,3.3282678655724126e-7,0.0006029463529120281,0.08768615921153627,7.279329384403559e-7,3.762376882294308e-7,0.18174644823000052,0.0034670198273805204,0.000020826733163245562,0.019474126864081186
North America,2023-07,6.534951462235792e-7,0.0012129651528944732,0.17800294394563337,0.0000136400039684073,0.000006957403326415265,0.4291275978320182,0.007912484534496635,0.00004567097111222369,0.061346027388914974
Oceania,2023-07,0.0000011589406089787603,0.002286614337011929,0.28063313586139077,0.0000713293114975503,0.00003630798341207767,0.5956660614751237,0.005879880860430608,0.00012777090856213292,0.05830225574919986
Asia,2023-08,5.909348333278673e-7,0.0013620010187269066,0.26005673631957454,0.000013885589345234542,0.000007105744436257089,0.609294029482071,0.00762645917412082,0.000036352534885976786,0.07156545427319516
Europe,2023-08,9.086155374510746e-7,0.0007741850691254584,0.13041537400163372,0.00003824323014748755,0.00001946198287707897,0.3083364634999126,0.007385118083258342,0.00004767506614564948,0.05842028457828059
Africa,2023-08,3.466521324106925e-7,0.0013809916653775537,0.1929019172902037,0.000004047787983524614,0.0000020807710058540652,0.4676264990926588,0.006272727727100436,0.00004602579536593876,0.045575696498452084
South America,2023-08,3.3386571114789716e-7,0.0006018308055403237,0.08771614457635922,4.729283979202525e-7,2.4661166233966164e-7,0.18131280297429,0.003460150747441932,0.000020567502538981614,0.01946088788277895
North America,2023-08,6.534951462235792e-7,0.0012129651528944732,0.17800294394563337,0.0000136400039684073,0.000006957403326415265,0.4291275978320182,0.007912484534496635,0.00004567097111222369,0.061346027388914974
Oceania,2023-08,0.0000012657482793724096,0.002301383325817052,0.27682420529473056,0.00007257494015370539,0.000036940154165181166,0.5883886570929544,0.005994385742243931,0.0001300745501402037,0.05752160036293665
