subdivision,year,adpe,ap,ctue,ctuh-c,ctuh-nc,gwp,ir,pm,wu
CA-AB,2019,4.06783e-7,0.00115354,0.234014,0.00000304849,0.00000159178,0.587634,0.00781873,0.0000191989,0.0726945
CA-AB,2020,3.92801e-7,0.00104224,0.212064,0.00000224209,0.00000117554,0.544599,0.00770355,0.0000175359,0.0674087
CA-AB,2021,4.13189e-7,0.000970355,0.194922,0.00000291477,0.00000151316,0.50826,0.00755621,0.0000175555,0.0638295
CA-AB,2022,4.33824e-7,0.000917345,0.17763,0.00000236804,0.00000122944,0.475817,0.0075482,0.0000184916,0.0589453
CA-AB,2023,5.33599e-7,0.000792285,0.16041,0.00000227514,0.00000117809,0.430563,0.007342,0.0000154904,0.0543607
CA-AB,2024,5.78368e-7,0.000776617,0.157515,0.00000400172,0.0000020552,0.416774,0.00717224,0.0000167441,0.0528879
CA-AB,2025,6.58943e-7,0.000766581,0.155025,0.00000505111,0.00000258833,0.406928,0.00713313,0.0000174338,0.0519553
CA-BC,2019,1.09946e-7,0.000167435,0.0510398,3.38541e-7,1.77804e-7,0.0746023,0.00161596,0.00000212696,0.00962952
CA-BC,2020,1.11482e-7,0.000132863,0.0452788,1.98537e-7,1.05133e-7,0.0578885,0.00145249,0.00000154867,0.00766961
CA-BC,2021,1.05261e-7,0.000135112,0.0445707,2.89729e-7,1.51417e-7,0.0593584,0.00149792,0.00000172147,0.00784122
CA-BC,2022,9.43873e-8,0.000115226,0.0400792,1.92996e-7,1.01275e-7,0.0484367,0.00138012,0.00000150185,0.00636523
CA-BC,2023,1.06417e-7,0.000130749,0.0433181,2.73951e-7,1.42786e-7,0.0594501,0.00157207,0.00000181037,0.00779616
CA-BC,2024,1.0738e-7,0.000131224,0.0432315,4.80928e-7,2.48001e-7,0.0592316,0.00156813,0.00000200645,0.00776587
CA-BC,2025,1.04665e-7,0.000124731,0.0418917,5.72438e-7,2.94342e-7,0.0552921,0.0015097,0.00000197017,0.00726618
CA-MB,2019,7.77756e-8,0.0000485112,0.0292435,1.13922e-8,7.10035e-9,0.0127178,0.000868811,6.68973e-8,0.00205552
CA-MB,2020,7.74459e-8,0.0000479791,0.029119,7.90063e-9,5.29947e-9,0.0124901,0.000867386,5.82457e-8,0.00202507
CA-MB,2021,8.25441e-8,0.0000487244,0.0295723,1.37771e-8,8.29124e-9,0.0128714,0.000875194,7.62673e-8,0.00211755
CA-MB,2022,7.77099e-8,0.0000477203,0.0290541,8.81889e-9,5.73644e-9,0.0123483,0.000867833,6.47408e-8,0.0020095
CA-MB,2023,7.71777e-8,0.0000481518,0.0290649,1.10847e-8,6.90063e-9,0.0126891,0.000874067,7.28011e-8,0.00204464
CA-MB,2024,8.04155e-8,0.0000480713,0.0292828,1.87622e-8,1.07915e-8,0.0126075,0.000873777,7.74013e-8,0.00206399
CA-MB,2025,8.01423e-8,0.0000475057,0.0291637,1.99786e-8,1.13951e-8,0.0122789,0.000869036,6.80676e-8,0.00202177
CA-NB,2019,3.18542e-7,0.000458255,0.106565,0.00000115212,6.03553e-7,0.224151,0.00842296,0.00000717924,0.0762033
CA-NB,2020,3.11141e-7,0.000389393,0.093459,7.67219e-7,4.04681e-7,0.193509,0.00847508,0.00000605162,0.0751598
CA-NB,2021,3.11793e-7,0.000438904,0.0995667,0.00000127321,6.6274e-7,0.221198,0.00848747,0.00000751446,0.0742857
CA-NB,2022,2.84699e-7,0.000449241,0.0969431,0.00000119065,6.18967e-7,0.225531,0.0077862,0.00000868772,0.0653449
CA-NB,2023,2.87257e-7,0.000429514,0.0943816,0.00000122897,6.37678e-7,0.22736,0.00815247,0.00000810783,0.0675211
CA-NB,2024,3.14419e-7,0.000531524,0.112862,0.00000274578,0.00000141078,0.282659,0.00702162,0.000011328,0.0557169
CA-NB,2025,3.05781e-7,0.000380182,0.0867964,0.00000232798,0.00000119493,0.196361,0.00793689,0.00000819177,0.0662648
CA-NL,2019,7.70522e-8,0.0000932037,0.0364698,1.4138e-7,7.4871e-8,0.0360219,0.00114655,8.49907e-7,0.00478921
CA-NL,2020,7.54476e-8,0.0000865815,0.0351629,9.5763e-8,5.13469e-8,0.0332219,0.00112967,7.40449e-7,0.00444169
CA-NL,2021,7.35711e-8,0.0000796675,0.0336708,1.24548e-7,6.56706e-8,0.0295825,0.00109394,6.80348e-7,0.00401862
CA-NL,2022,7.20473e-8,0.000074695,0.0325384,8.90828e-8,4.73384e-8,0.0268163,0.00106963,6.48157e-7,0.00364251
CA-NL,2023,6.90986e-8,0.0000643458,0.0308326,6.80006e-8,3.63158e-8,0.0219191,0.00100782,4.21905e-7,0.00305354
CA-NL,2024,7.10298e-8,0.0000690067,0.0315965,1.37191e-7,7.1612e-8,0.0244255,0.00104508,5.69345e-7,0.00336156
CA-NL,2025,7.21167e-8,0.00007039,0.0318278,1.9088e-7,9.89388e-8,0.0250982,0.00105505,6.42414e-7,0.00344707
CA-NS,2019,3.96719e-7,0.00098761,0.206285,0.00000262875,0.00000137216,0.501111,0.00678207,0.0000163499,0.0624307
CA-NS,2020,3.8339e-7,0.000952599,0.197137,0.00000203799,0.00000106862,0.496601,0.00709027,0.0000159524,0.0616963
CA-NS,2021,3.87163e-7,0.000881375,0.180584,0.00000268414,0.00000139295,0.460632,0.00689687,0.000015915,0.0580403
CA-NS,2022,3.74296e-7,0.00079883,0.160435,0.00000204781,0.0000010632,0.41359,0.00658935,0.0000160121,0.0514883
CA-NS,2023,3.65554e-7,0.000709281,0.147245,0.00000208001,0.00000107655,0.386774,0.00647338,0.0000139357,0.0485575
CA-NS,2024,3.92658e-7,0.000723891,0.149567,0.00000376988,0.00000193584,0.391086,0.00653697,0.0000157251,0.0492038
CA-NS,2025,3.9925e-7,0.000715699,0.1478,0.000004725,0.00000242109,0.384351,0.0064353,0.0000164226,0.0484053
CA-NT,2019,2.97983e-7,0.000825509,0.172275,0.0000021908,0.00000114371,0.416907,0.00575256,0.0000135619,0.0516073
CA-NT,2020,2.78634e-7,0.000712518,0.150115,0.00000150824,7.91097e-7,0.368033,0.00544072,0.0000117459,0.0455828
CA-NT,2021,2.6693e-7,0.00067249,0.139237,0.00000203369,0.0000010556,0.348307,0.00537567,0.0000119778,0.0435941
CA-NT,2022,2.63631e-7,0.000685112,0.135438,0.0000017509,9.09293e-7,0.353046,0.00571,0.0000136275,0.0434022
CA-NT,2023,2.82683e-7,0.000701826,0.139833,0.00000212249,0.00000109817,0.382839,0.00639317,0.0000138566,0.0473275
CA-NT,2024,3.32178e-7,0.00075407,0.147561,0.00000392686,0.00000201674,0.40792,0.00679564,0.0000164227,0.05048
CA-NT,2025,3.33184e-7,0.000650595,0.129735,0.00000435876,0.0000022334,0.347023,0.00592344,0.0000149028,0.043147
CA-NU,2019,4.02655e-7,0.00125068,0.249609,0.00000335847,0.00000175304,0.638258,0.00841953,0.0000209273,0.0786162
CA-NU,2020,3.80632e-7,0.0011556,0.229441,0.00000251028,0.00000131594,0.605469,0.00846987,0.0000195537,0.074454
CA-NU,2021,3.78572e-7,0.0010987,0.213294,0.0000034152,0.00000177193,0.577694,0.00844685,0.0000201097,0.0718423
CA-NU,2022,3.54203e-7,0.00105288,0.195762,0.00000275118,0.00000142819,0.549695,0.00849704,0.0000214577,0.0671556
CA-NU,2023,3.47663e-7,0.000956853,0.182002,0.00000284736,0.00000147371,0.527506,0.00854644,0.0000191517,0.0648889
CA-NU,2024,3.60711e-7,0.000966779,0.181845,0.00000519207,0.00000266574,0.527536,0.00853925,0.0000214626,0.0648592
CA-NU,2025,3.70281e-7,0.000972664,0.181768,0.00000669762,0.00000343117,0.527538,0.00853526,0.0000229157,0.0648429
CA-ON,2019,3.76509e-7,0.000152738,0.0506446,2.812e-7,1.5035e-7,0.0626085,0.00941562,0.00000180843,0.0839027
CA-ON,2020,3.79797e-7,0.000142158,0.048844,2.10641e-7,1.13817e-7,0.0584338,0.00924026,0.00000165244,0.0818083
CA-ON,2021,3.86366e-7,0.000158622,0.0513964,3.2666e-7,1.73114e-7,0.0676478,0.00926183,0.00000207322,0.0817505
CA-ON,2022,3.7323e-7,0.000169977,0.0526399,3.35813e-7,1.77379e-7,0.073625,0.0087991,0.00000259556,0.0767593
CA-ON,2023,3.6996e-7,0.000181165,0.0542171,4.1677e-7,2.18767e-7,0.0839065,0.00897091,0.00000279768,0.0777622
CA-ON,2024,3.73727e-7,0.000209207,0.0588764,8.91344e-7,4.6065e-7,0.0990241,0.00885781,0.00000373785,0.0764143
CA-ON,2025,3.76682e-7,0.000233416,0.0624415,0.00000125051,6.43786e-7,0.112186,0.00868684,0.00000449075,0.0744107
CA-PE,2019,6.76686e-7,0.0000637544,0.0763648,3.78689e-8,1.93173e-8,0.0180311,0.00110285,1.89643e-7,0.00817176
CA-PE,2020,6.76686e-7,0.0000623007,0.0761004,2.76551e-8,1.40504e-8,0.0174165,0.00109936,1.65437e-7,0.00809841
CA-PE,2021,6.76147e-7,0.0000643898,0.0763008,4.69519e-8,2.39145e-8,0.0185582,0.00111748,2.22388e-7,0.00823351
CA-PE,2022,6.76556e-7,0.0000641229,0.0761357,3.69257e-8,1.87582e-8,0.0183711,0.00112083,2.38047e-7,0.00819781
CA-PE,2023,6.76412e-7,0.0000631876,0.0759981,3.90105e-8,1.97842e-8,0.0181962,0.00112236,2.15882e-7,0.0081805
CA-PE,2024,9.37306e-7,0.0000749183,0.0756645,5.61148e-8,2.89397e-8,0.0185919,0.00152707,2.07171e-7,0.00899161
CA-PE,2025,0.00000110266,0.0000857977,0.0758495,8.71082e-8,4.50886e-8,0.0207581,0.00181327,2.81776e-7,0.00972227
CA-QC,2019,9.66698e-8,0.000056308,0.0319322,3.16355e-8,1.76282e-8,0.0167045,0.000921623,1.97317e-7,0.0026983
CA-QC,2020,9.59167e-8,0.0000557849,0.03176,2.50896e-8,1.42597e-8,0.0165965,0.000924497,1.91639e-7,0.00267762
CA-QC,2021,9.36828e-8,0.0000551346,0.031417,3.32509e-8,1.83728e-8,0.0162844,0.0009232,1.95381e-7,0.00262653
CA-QC,2022,9.48353e-8,0.0000544723,0.0313008,2.65421e-8,1.48928e-8,0.0158855,0.000922561,2.03556e-7,0.00257761
CA-QC,2023,9.4002e-8,0.0000540325,0.031183,2.8641e-8,1.59433e-8,0.015946,0.000926782,1.91614e-7,0.0025809
CA-QC,2024,1.01392e-7,0.0000565719,0.0320735,6.49577e-8,3.44538e-8,0.0172837,0.00094845,2.68921e-7,0.00280354
CA-QC,2025,1.00013e-7,0.0000545301,0.0316618,6.88087e-8,3.63572e-8,0.016109,0.000930677,2.35389e-7,0.00265251
CA-SK,2019,3.59739e-7,0.00103164,0.210713,0.00000271412,0.00000141733,0.524259,0.00704805,0.0000170933,0.0648155
CA-SK,2020,3.32812e-7,0.000917995,0.187787,0.00000196163,0.00000102872,0.478252,0.0068437,0.0000153541,0.0590756
CA-SK,2021,3.51149e-7,0.000934064,0.185921,0.00000282655,0.00000146723,0.489182,0.00726679,0.000016911,0.0610898
CA-SK,2022,3.41483e-7,0.000848905,0.164725,0.00000219228,0.00000113821,0.440408,0.0069648,0.0000170962,0.0542709
CA-SK,2023,3.50803e-7,0.000783172,0.156284,0.00000228252,0.00000118166,0.428731,0.00709888,0.000015466,0.0532912
CA-SK,2024,3.68574e-7,0.00079619,0.157333,0.00000416835,0.00000214053,0.431634,0.00713966,0.0000174089,0.053664
CA-SK,2025,3.75825e-7,0.000765391,0.152303,0.00000511448,0.00000262056,0.411862,0.00684434,0.0000176904,0.0513447
CA-YT,2019,1.28212e-7,0.000281714,0.070967,7.3089e-7,3.81513e-7,0.133986,0.00232891,0.00000417941,0.0167781
CA-YT,2020,1.16827e-7,0.000239634,0.0628038,4.45787e-7,2.34612e-7,0.115158,0.00217989,0.00000343793,0.014444
CA-YT,2021,9.86285e-8,0.000167484,0.04903,3.87202e-7,2.02087e-7,0.0769311,0.00173014,0.0000023302,0.00986351
CA-YT,2022,1.02835e-7,0.000164167,0.0472671,3.9229e-7,2.04003e-7,0.074449,0.00175553,0.00000259625,0.00943079
CA-YT,2023,1.04736e-7,0.000162112,0.0472776,4.03324e-7,2.09466e-7,0.0771294,0.00183957,0.00000249448,0.00981726
CA-YT,2024,1.37488e-7,0.00023956,0.0604449,0.00000109583,5.63576e-7,0.11985,0.00247823,0.00000452755,0.0150912
CA-YT,2025,2.69627e-7,0.000342601,0.077482,0.00000209664,0.00000107514,0.174534,0.0034267,0.00000721857,0.0221277
US-AK,2019,2.37134e-7,0.0012361,0.179213,2.50086e-9,2.08346e-8,0.450055,0.00632827,0.0000380715,0.0436065
US-AK,2020,2.33947e-7,0.00128504,0.181861,2.52412e-9,2.12083e-8,0.451424,0.00621458,0.0000402887,0.043195
US-AK,2021,2.38122e-7,0.00117703,0.177162,2.45382e-9,2.08488e-8,0.451453,0.00648297,0.0000350815,0.0444856
US-AK,2022,2.37201e-7,0.00111389,0.171836,2.38126e-9,2.00518e-8,0.44269,0.00650401,0.0000325538,0.0441331
US-AK,2023,2.33785e-7,0.00114042,0.173046,2.37415e-9,2.01403e-8,0.443868,0.00646071,0.0000338103,0.0438942
US-AK,2024,2.43265e-7,0.00117926,0.176654,2.43861e-9,2.06924e-8,0.45061,0.00648896,0.0000352706,0.0444052
US-AK,2025,2.30862e-7,0.00129291,0.183467,2.53185e-9,2.20563e-8,0.450529,0.00609051,0.0000402612,0.0431324
US-AL,2019,3.33939e-7,0.000528859,0.14567,2.1302e-9,2.64931e-8,0.369173,0.00987105,0.00000203914,0.0852845
US-AL,2020,3.23804e-7,0.000481373,0.132881,1.93156e-9,2.33009e-8,0.3403,0.00979236,0.00000206972,0.0832294
US-AL,2021,3.39568e-7,0.00052564,0.14472,2.12779e-9,2.66305e-8,0.362535,0.00994885,0.00000201507,0.0866716
US-AL,2022,3.49728e-7,0.000522269,0.145072,2.11079e-9,2.57643e-8,0.373867,0.00989303,0.00000194789,0.0839421
US-AL,2023,3.55933e-7,0.000457562,0.127826,1.8461e-9,2.13338e-8,0.337498,0.0101662,0.00000197821,0.0841499
US-AL,2024,3.58372e-7,0.00047517,0.132551,1.91404e-9,2.23292e-8,0.350195,0.0100994,0.00000198014,0.083637
US-AL,2025,3.63604e-7,0.000487017,0.135736,1.95681e-9,2.28432e-8,0.360188,0.00994064,0.00000198663,0.0818712
US-AR,2019,3.79034e-7,0.000803561,0.218267,3.27576e-9,4.54039e-8,0.520046,0.00944311,0.00000197302,0.090942
US-AR,2020,3.66187e-7,0.000661042,0.182811,2.73322e-9,3.6666e-8,0.438129,0.00967278,0.00000168754,0.0893181
US-AR,2021,3.95722e-7,0.000771203,0.213636,3.20775e-9,4.41362e-8,0.508371,0.00952516,0.00000146498,0.0906049
US-AR,2022,4.04261e-7,0.000715162,0.20041,2.98034e-9,3.97909e-8,0.490763,0.00964388,0.000001359,0.0877288
US-AR,2023,4.01028e-7,0.000645783,0.183639,2.71256e-9,3.52226e-8,0.45767,0.00978124,0.00000117113,0.0861873
US-AR,2024,5.30423e-7,0.000631969,0.177982,2.67706e-9,3.40406e-8,0.439172,0.00978236,0.00000135485,0.0849718
US-AR,2025,7.3426e-7,0.000693033,0.19344,3.01994e-9,3.90415e-8,0.455019,0.00970031,0.00000115392,0.0866425
US-AZ,2019,5.61504e-7,0.000522331,0.156626,2.38256e-9,2.85101e-8,0.38909,0.0100211,3.11611e-7,0.0837826
US-AZ,2020,5.75752e-7,0.000406934,0.127125,1.91412e-9,2.00977e-8,0.334495,0.0100475,2.64787e-7,0.0782121
US-AZ,2021,6.2585e-7,0.000412421,0.128557,2.00942e-9,2.07194e-8,0.331239,0.0100105,2.53158e-7,0.0784167
US-AZ,2022,6.56842e-7,0.000404391,0.126291,1.99297e-9,2.03967e-8,0.322885,0.0101138,2.21232e-7,0.0793586
US-AZ,2023,6.4338e-7,0.000379819,0.120761,1.8854e-9,1.82208e-8,0.319698,0.00998116,1.64541e-7,0.0758493
US-AZ,2024,7.79269e-7,0.000346932,0.111991,1.8277e-9,1.58263e-8,0.297518,0.00997801,1.38271e-7,0.0733005
US-AZ,2025,0.00000101826,0.000332952,0.107195,1.87892e-9,1.48611e-8,0.276018,0.00985809,1.40033e-7,0.0702044
US-CA,2019,0.00000174659,0.000911075,0.0754892,0.000128727,0.0000654509,0.228267,0.0067289,0.000132254,0.0409488
US-CA,2020,0.00000191472,0.000982753,0.0808591,0.000140103,0.0000712348,0.252864,0.00734718,0.000143554,0.0445423
US-CA,2021,0.00000199436,0.000957636,0.0833845,0.000134313,0.0000682915,0.258545,0.00762916,0.000137486,0.0455027
US-CA,2022,0.00000204093,0.000925671,0.081258,0.000130801,0.000066506,0.247821,0.00759373,0.000133456,0.0449306
US-CA,2023,0.00000197282,0.000862413,0.0765939,0.000123561,0.0000628246,0.227556,0.00716413,0.000125544,0.0418783
US-CA,2024,0.00000212383,0.000825017,0.075844,0.000116343,0.0000591549,0.213246,0.00722365,0.000118216,0.041446
US-CA,2025,0.00000243709,0.000827255,0.0726071,0.000118668,0.0000603371,0.18572,0.00704053,0.000120408,0.0388428
US-CO,2019,5.61857e-7,0.000908325,0.264661,5.0466e-9,5.44253e-8,0.594975,0.00715911,5.64241e-7,0.0728182
US-CO,2020,5.91763e-7,0.000761829,0.2297,4.79147e-9,4.45489e-8,0.516509,0.00676461,3.44893e-7,0.0638135
US-CO,2021,6.30216e-7,0.000841837,0.249248,5.24065e-9,5.04896e-8,0.541048,0.00657727,6.32895e-7,0.0670239
US-CO,2022,6.87273e-7,0.000777232,0.233539,5.14644e-9,4.60707e-8,0.504065,0.00642623,5.77845e-7,0.0629095
US-CO,2023,7.79468e-7,0.000709768,0.215593,4.82523e-9,4.10488e-8,0.470201,0.00649118,5.26291e-7,0.0590834
US-CO,2024,8.84811e-7,0.000633511,0.197212,4.67869e-9,3.60822e-8,0.425931,0.00633851,2.99155e-7,0.0542587
US-CO,2025,9.57309e-7,0.000619723,0.193276,4.54639e-9,3.51305e-8,0.419452,0.00645022,1.51049e-7,0.0536942
US-CT,2019,3.05984e-7,0.000327634,0.0811915,1.06558e-9,7.23269e-9,0.250797,0.0111007,0.00000533239,0.0839086
US-CT,2020,3.1191e-7,0.000339054,0.0841139,1.09084e-9,7.16275e-9,0.266016,0.0109375,0.00000545275,0.0809494
US-CT,2021,3.1729e-7,0.000333513,0.0848199,1.11186e-9,7.69134e-9,0.26385,0.0109711,0.000005015,0.0818987
US-CT,2022,3.31688e-7,0.000343838,0.0857728,1.11548e-9,7.19199e-9,0.268361,0.0109825,0.00000575752,0.0807195
US-CT,2023,3.32012e-7,0.000333024,0.087547,1.12527e-9,7.177e-9,0.282586,0.0107089,0.00000469309,0.0768717
US-CT,2024,3.36749e-7,0.000297392,0.0832325,1.08252e-9,7.02293e-9,0.265338,0.0109647,0.00000357138,0.080257
US-CT,2025,3.80094e-7,0.00032842,0.0846266,1.11808e-9,7.16553e-9,0.265257,0.0109293,0.00000495931,0.079865
US-DE,2019,3.09382e-7,0.000405676,0.124612,1.51468e-9,1.0414e-8,0.442277,0.00912968,0.00000190604,0.0520852
US-DE,2020,3.10567e-7,0.000395404,0.122795,1.48957e-9,1.01114e-8,0.438904,0.0091223,0.00000158251,0.0519683
US-DE,2021,3.39342e-7,0.000475242,0.138389,1.76148e-9,1.47758e-8,0.462918,0.00907119,0.00000244358,0.0551041
US-DE,2022,3.19065e-7,0.000501726,0.128654,1.56907e-9,1.04662e-8,0.447328,0.00906832,0.00000646328,0.0518053
US-DE,2023,4.19434e-7,0.000366662,0.114584,1.39927e-9,7.99898e-9,0.418243,0.00912099,0.0000016114,0.0499119
US-DE,2024,4.35872e-7,0.000413215,0.126389,1.59102e-9,1.11319e-8,0.437955,0.00913341,0.00000192094,0.0518195
US-DE,2025,4.6274e-7,0.000515209,0.141455,1.83991e-9,1.48109e-8,0.461435,0.0090946,0.0000045237,0.0539651
US-FL,2019,3.69167e-7,0.000556721,0.139844,1.85406e-9,1.70478e-8,0.430526,0.00961603,0.00000638154,0.0660383
US-FL,2020,4.14869e-7,0.000520401,0.132276,1.74605e-9,1.48832e-8,0.415506,0.00962859,0.00000604686,0.0641329
US-FL,2021,4.72818e-7,0.000516956,0.133448,1.7956e-9,1.57101e-8,0.413363,0.0096279,0.00000540547,0.0646295
US-FL,2022,5.06138e-7,0.000486904,0.12787,1.71695e-9,1.41805e-8,0.402226,0.00964398,0.00000496603,0.0633504
US-FL,2023,5.53839e-7,0.000455892,0.122552,1.64401e-9,1.25811e-8,0.391748,0.00965171,0.00000451395,0.0616062
US-FL,2024,6.31647e-7,0.000418169,0.116076,1.56804e-9,1.0924e-8,0.37791,0.00963415,0.00000373526,0.0595692
US-FL,2025,7.49109e-7,0.000440679,0.117966,1.64869e-9,1.17324e-8,0.372991,0.00962602,0.00000440402,0.0597048
US-GA,2019,4.24531e-7,0.00062137,0.156086,2.29735e-9,2.81456e-8,0.405963,0.00996027,0.00000422578,0.0851111
US-GA,2020,4.81176e-7,0.000515222,0.124123,1.81371e-9,1.96061e-8,0.341196,0.00992964,0.00000475471,0.0796178
US-GA,2021,5.32682e-7,0.000564623,0.137914,2.05838e-9,2.36713e-8,0.363663,0.00997969,0.00000452872,0.0824778
US-GA,2022,6.09029e-7,0.000548096,0.131835,1.97826e-9,2.15729e-8,0.352228,0.0100369,0.00000500422,0.0805512
US-GA,2023,6.25543e-7,0.000513208,0.129185,1.94778e-9,2.11531e-8,0.343246,0.0102109,0.00000389222,0.0817963
US-GA,2024,6.67988e-7,0.000494307,0.123392,1.9047e-9,2.08487e-8,0.316546,0.0104937,0.00000385152,0.0858864
US-GA,2025,7.4203e-7,0.000503261,0.129349,2.02621e-9,2.25546e-8,0.324268,0.0104795,0.00000323837,0.086029
US-HI,2019,4.50398e-7,0.00469234,0.400324,5.63558e-9,3.70724e-8,0.843459,0.00654113,0.000191648,0.0523303
US-HI,2020,6.02585e-7,0.00451203,0.386372,0.00000253273,0.00000132068,0.809342,0.00651219,0.000185933,0.0508996
US-HI,2021,8.78204e-7,0.00459414,0.372916,0.0000476326,0.000024248,0.788064,0.00631651,0.000225925,0.0496587
US-HI,2022,9.15434e-7,0.00482102,0.371473,0.0000531068,0.000027027,0.785405,0.00624509,0.00024369,0.0458355
US-HI,2023,9.38189e-7,0.00502923,0.365093,0.0000498508,0.0000253656,0.768588,0.00612694,0.000255105,0.040168
US-HI,2024,0.00000106937,0.00503737,0.361234,0.0000672643,0.0000342183,0.762067,0.00609627,0.000269325,0.0395501
US-HI,2025,0.00000123998,0.0049636,0.357209,0.0000670886,0.0000341289,0.750935,0.00627796,0.000265679,0.0394491
US-IA,2019,5.32224e-7,0.000700339,0.216438,5.58264e-9,4.31044e-8,0.422919,0.00590452,8.71899e-7,0.0642517
US-IA,2020,5.62321e-7,0.000501533,0.171238,5.70582e-9,3.00448e-8,0.302852,0.00449076,7.75103e-7,0.0461963
US-IA,2021,5.90427e-7,0.000650071,0.209276,6.19178e-9,4.00279e-8,0.386532,0.00439549,7.62434e-7,0.0498764
US-IA,2022,6.105e-7,0.000514272,0.177556,6.10394e-9,3.11875e-8,0.307463,0.00382845,6.01391e-7,0.0408666
US-IA,2023,6.03505e-7,0.000501176,0.173657,5.84634e-9,2.982e-8,0.312182,0.00411052,5.01569e-7,0.0412061
US-IA,2024,6.2017e-7,0.00044895,0.161482,5.85098e-9,2.65206e-8,0.278973,0.0038316,4.5199e-7,0.0374878
US-IA,2025,6.69359e-7,0.00054723,0.184102,5.88389e-9,3.29561e-8,0.33465,0.00431148,4.9948e-7,0.04402
US-ID,2019,4.44447e-7,0.00026675,0.057233,0.0000123632,0.00000628859,0.118636,0.00313446,0.0000156594,0.0170745
US-ID,2020,4.65286e-7,0.00026712,0.0581816,0.0000121888,0.00000619996,0.119558,0.00317753,0.0000154491,0.017452
US-ID,2021,4.91348e-7,0.000291221,0.0637305,0.0000131357,0.00000668168,0.144797,0.00367968,0.0000165392,0.0203093
US-ID,2022,4.77039e-7,0.000278332,0.0604018,0.0000133686,0.00000679984,0.132333,0.00343797,0.0000165581,0.0187888
US-ID,2023,5.44234e-7,0.000286086,0.0650611,0.0000118173,0.00000601157,0.154749,0.00398752,0.0000149604,0.0212504
US-ID,2024,5.63454e-7,0.000266791,0.065561,0.000010932,0.00000556133,0.151759,0.0039619,0.0000135221,0.0208007
US-ID,2025,7.37706e-7,0.000242459,0.0625557,0.00000712714,0.00000362704,0.134319,0.00394196,0.00000944662,0.0198483
US-IL,2019,4.02288e-7,0.000537273,0.159481,2.91783e-9,3.42865e-8,0.326045,0.0111486,5.86297e-7,0.109372
US-IL,2020,3.89546e-7,0.000403083,0.12504,2.45759e-9,2.51563e-8,0.251807,0.0112818,6.06069e-7,0.106045
US-IL,2021,4.19318e-7,0.000493752,0.149147,2.90722e-9,3.13975e-8,0.299067,0.0109338,5.96878e-7,0.106151
US-IL,2022,4.51777e-7,0.000459381,0.141174,2.91125e-9,2.92445e-8,0.276725,0.0107671,5.48603e-7,0.103648
US-IL,2023,4.45127e-7,0.000362631,0.116324,2.48406e-9,2.21838e-8,0.232246,0.0109104,5.24771e-7,0.100159
US-IL,2024,4.77212e-7,0.000351572,0.114194,2.52177e-9,2.14262e-8,0.226331,0.0107519,4.5704e-7,0.0979725
US-IL,2025,5.80453e-7,0.000384338,0.121866,2.58363e-9,2.32434e-8,0.245805,0.0107217,4.36124e-7,0.0969572
US-IN,2019,4.54406e-7,0.00117519,0.325164,5.22903e-9,7.04727e-8,0.754173,0.00838273,0.00000153923,0.0906668
US-IN,2020,4.45244e-7,0.00109872,0.303226,4.91274e-9,6.38446e-8,0.714263,0.00832535,0.00000215877,0.0856919
US-IN,2021,4.75189e-7,0.00115968,0.319481,5.27298e-9,6.88722e-8,0.735284,0.00818225,0.00000206654,0.0884751
US-IN,2022,4.93466e-7,0.0010737,0.299093,5.04836e-9,6.3013e-8,0.693839,0.0080644,0.00000185323,0.0836175
US-IN,2023,5.21293e-7,0.000976703,0.274205,4.62754e-9,5.56386e-8,0.650797,0.00811691,0.00000188265,0.0783494
US-IN,2024,5.7311e-7,0.000917025,0.260297,4.4641e-9,5.17148e-8,0.621952,0.00808246,0.00000161599,0.0750856
US-IN,2025,7.47993e-7,0.000969037,0.272478,4.61759e-9,5.57459e-8,0.6389,0.00822959,0.00000145287,0.0777823
US-KS,2019,5.36242e-7,0.000650318,0.204199,5.40989e-9,4.1536e-8,0.380584,0.00656753,5.28822e-7,0.071953
US-KS,2020,5.43896e-7,0.000598043,0.19161,5.35235e-9,3.82867e-8,0.347519,0.0064427,4.79405e-7,0.0697371
US-KS,2021,5.55209e-7,0.000657237,0.206479,5.656e-9,4.16932e-8,0.378942,0.00609121,7.88806e-7,0.0679645
US-KS,2022,5.59383e-7,0.000612548,0.198864,5.65407e-9,3.96078e-8,0.360935,0.00589297,9.16092e-8,0.065125
US-KS,2023,5.46746e-7,0.00054797,0.180439,5.31358e-9,3.4747e-8,0.324507,0.00614911,3.73338e-7,0.0647907
US-KS,2024,5.55685e-7,0.000469982,0.161646,5.2785e-9,2.9055e-8,0.280466,0.00568201,5.39225e-7,0.0575302
US-KS,2025,5.79087e-7,0.000616024,0.197349,5.45906e-9,3.93165e-8,0.363386,0.00624039,3.28313e-7,0.0673407
US-KY,2019,4.41081e-7,0.00133925,0.367057,5.60546e-9,8.39114e-8,0.829727,0.00834761,8.19562e-7,0.0999012
US-KY,2020,4.28401e-7,0.00129003,0.353535,5.38735e-9,8.02437e-8,0.801888,0.00819466,9.66709e-7,0.0965081
US-KY,2021,4.37661e-7,0.001331,0.363738,5.55541e-9,8.31265e-8,0.821107,0.00825419,0.00000101783,0.0988904
US-KY,2022,4.29525e-7,0.00128856,0.352442,5.36292e-9,7.96625e-8,0.803576,0.00830211,0.00000112538,0.0967183
US-KY,2023,4.41344e-7,0.00130039,0.355116,5.41043e-9,8.04201e-8,0.808178,0.00832096,0.00000119045,0.0973156
US-KY,2024,4.44969e-7,0.00126666,0.348458,5.30193e-9,7.85089e-8,0.797164,0.00834673,7.81483e-7,0.0960241
US-KY,2025,5.26595e-7,0.00125528,0.345226,5.27713e-9,7.75668e-8,0.789231,0.00842132,8.04573e-7,0.0953103
US-LA,2019,2.84255e-7,0.000641918,0.138718,1.80417e-9,1.59724e-8,0.423032,0.00955543,0.000011446,0.0666342
US-LA,2020,2.78457e-7,0.000595715,0.124759,1.5842e-9,1.22222e-8,0.39252,0.00973454,0.0000119534,0.0663963
US-LA,2021,2.96653e-7,0.000680533,0.140294,1.84799e-9,1.66743e-8,0.415807,0.00973541,0.0000132818,0.069891
US-LA,2022,2.95664e-7,0.000631004,0.138928,1.81719e-9,1.62942e-8,0.420851,0.00968418,0.0000108717,0.0680989
US-LA,2023,2.9191e-7,0.000487287,0.124731,1.58505e-9,1.29558e-8,0.40599,0.00961465,0.00000571018,0.0639678
US-LA,2024,3.37301e-7,0.000402769,0.114398,1.46034e-9,1.13976e-8,0.379717,0.00974472,0.00000295897,0.0646097
US-LA,2025,4.09596e-7,0.000460721,0.123868,1.63679e-9,1.38514e-8,0.393214,0.00968593,0.00000414696,0.065245
US-MA,2019,5.54974e-7,0.00064413,0.112496,1.53833e-9,8.58475e-9,0.361498,0.00900217,0.0000159149,0.056352
US-MA,2020,6.70821e-7,0.000715441,0.121029,1.68492e-9,9.00287e-9,0.393708,0.00838457,0.0000178559,0.0476743
US-MA,2021,6.89573e-7,0.000701024,0.120544,1.67164e-9,8.92217e-9,0.390612,0.0083571,0.0000173473,0.0470505
US-MA,2022,7.4202e-7,0.000850018,0.130959,1.81968e-9,9.56044e-9,0.407763,0.0084106,0.0000240862,0.0469808
US-MA,2023,7.94959e-7,0.000694819,0.119826,1.69435e-9,8.94214e-9,0.382589,0.00834294,0.0000171689,0.0462512
US-MA,2024,7.9174e-7,0.000695926,0.121803,1.70609e-9,9.03912e-9,0.39205,0.00852122,0.0000169921,0.0471431
US-MA,2025,8.60572e-7,0.000697041,0.122957,1.74548e-9,9.09159e-9,0.391119,0.00856612,0.000017107,0.0466666
US-MD,2019,3.8414e-7,0.00047865,0.130035,1.97912e-9,2.21515e-8,0.32305,0.0104272,0.00000338477,0.0882811
US-MD,2020,3.85609e-7,0.000400278,0.109098,1.66198e-9,1.65788e-8,0.279312,0.0106959,0.00000355111,0.0877079
US-MD,2021,4.02991e-7,0.000470793,0.125918,1.92532e-9,2.1095e-8,0.311987,0.0104785,0.00000381974,0.0882592
US-MD,2022,4.15262e-7,0.000453483,0.12231,1.86858e-9,2.0011e-8,0.305696,0.010589,0.00000370489,0.0882915
US-MD,2023,4.30983e-7,0.0003324,0.0920673,1.39039e-9,1.16994e-8,0.247661,0.0106825,0.00000341764,0.0837341
US-MD,2024,4.54216e-7,0.000391847,0.101351,1.56224e-9,1.41688e-8,0.260855,0.0106254,0.00000474054,0.0850653
US-MD,2025,4.91281e-7,0.000419635,0.104414,1.59838e-9,1.3955e-8,0.27326,0.0104692,0.00000582365,0.0819551
US-ME,2019,3.92057e-7,0.0008211,0.0684528,2.34406e-9,7.57856e-9,0.139052,0.00301995,0.0000272431,0.0305726
US-ME,2020,4.04256e-7,0.000819612,0.0703179,2.37325e-9,7.53721e-9,0.146654,0.0031845,0.0000271005,0.0310638
US-ME,2021,4.63723e-7,0.000729737,0.0768984,2.40575e-9,7.5692e-9,0.184261,0.00413196,0.0000222286,0.0341576
US-ME,2022,5.35909e-7,0.00074164,0.0851584,2.40026e-9,7.56583e-9,0.203388,0.00443805,0.0000231118,0.0328436
US-ME,2023,5.42054e-7,0.000587298,0.0774112,2.15638e-9,6.7737e-9,0.183825,0.00429121,0.0000168585,0.0298496
US-ME,2024,6.69897e-7,0.000588998,0.085715,2.16907e-9,7.33383e-9,0.229124,0.00542295,0.0000154183,0.0353333
US-ME,2025,9.43552e-7,0.000617577,0.0836473,2.3104e-9,7.61449e-9,0.205705,0.00530319,0.0000167483,0.0341174
US-MI,2019,3.94413e-7,0.000772501,0.202974,3.31918e-9,4.10896e-8,0.473385,0.00987723,0.00000406119,0.0942579
US-MI,2020,3.85224e-7,0.000690836,0.181907,3.04319e-9,3.48939e-8,0.433267,0.00980888,0.00000422803,0.089677
US-MI,2021,4.16759e-7,0.000777131,0.201881,3.41335e-9,4.11354e-8,0.461142,0.00982855,0.00000459017,0.0949048
US-MI,2022,4.25584e-7,0.000772961,0.199581,3.38785e-9,3.83972e-8,0.474021,0.00937209,0.00000531817,0.0861934
US-MI,2023,4.1037e-7,0.000617322,0.163396,2.73777e-9,2.78943e-8,0.413978,0.00956524,0.00000456849,0.0801271
US-MI,2024,4.39188e-7,0.000637144,0.169249,2.88994e-9,2.91775e-8,0.424981,0.00938722,0.00000457114,0.0788043
US-MI,2025,5.00705e-7,0.000689875,0.179805,3.06859e-9,3.25866e-8,0.438062,0.0094255,0.00000502653,0.0816009
US-MN,2019,5.44614e-7,0.000703218,0.191661,3.9469e-9,3.83766e-8,0.410561,0.00846983,0.00000344177,0.0824901
US-MN,2020,5.84169e-7,0.000615921,0.169816,3.75933e-9,3.27618e-8,0.35698,0.00839946,0.00000335115,0.0792986
US-MN,2021,6.04022e-7,0.00065489,0.178719,3.88585e-9,3.47831e-8,0.37889,0.00834458,0.00000360419,0.0792201
US-MN,2022,6.28112e-7,0.000629915,0.17729,4.1621e-9,3.52765e-8,0.355289,0.00797121,0.00000277741,0.0783281
US-MN,2023,6.31064e-7,0.000582973,0.163828,3.88438e-9,3.00413e-8,0.345658,0.00784488,0.00000327477,0.0715204
US-MN,2024,6.35302e-7,0.000541338,0.15386,3.72309e-9,2.70341e-8,0.329465,0.00780742,0.00000313384,0.0688021
US-MN,2025,7.27519e-7,0.000610696,0.172295,3.95365e-9,3.28646e-8,0.36013,0.00800228,0.00000271659,0.0738391
US-MO,2019,4.71357e-7,0.00128235,0.354575,5.67922e-9,8.26986e-8,0.77087,0.00889159,4.64075e-7,0.108343
US-MO,2020,4.77025e-7,0.00128708,0.356364,5.75543e-9,8.29185e-8,0.775346,0.00881525,4.48046e-7,0.107541
US-MO,2021,5.01284e-7,0.00135824,0.374074,6.2431e-9,8.70235e-8,0.805961,0.00824556,0.00000100925,0.104751
US-MO,2022,4.8883e-7,0.0012119,0.33784,5.73123e-9,7.76838e-8,0.727724,0.00851583,6.59755e-7,0.102688
US-MO,2023,4.82145e-7,0.00111931,0.314281,5.39016e-9,7.11717e-8,0.681336,0.0086912,6.43554e-7,0.100447
US-MO,2024,4.78461e-7,0.00108047,0.303467,5.22477e-9,6.85301e-8,0.656097,0.00874866,7.52981e-7,0.0999594
US-MO,2025,5.75601e-7,0.00119151,0.330458,5.55487e-9,7.50042e-8,0.720298,0.0085266,0.00000102842,0.0990933
US-MS,2019,3.12504e-7,0.000417652,0.122592,1.60026e-9,1.44728e-8,0.39222,0.00991419,0.00000185196,0.0690939
US-MS,2020,3.15065e-7,0.000440155,0.129452,1.66926e-9,1.48389e-8,0.422716,0.00955781,0.00000184183,0.063559
US-MS,2021,3.24037e-7,0.000433974,0.127278,1.68608e-9,1.60274e-8,0.39781,0.00994572,0.00000174748,0.0706345
US-MS,2022,3.25826e-7,0.000447505,0.132119,1.73506e-9,1.62957e-8,0.418838,0.0097133,0.00000166238,0.0669021
US-MS,2023,3.27133e-7,0.000396615,0.11911,1.54206e-9,1.32405e-8,0.387488,0.00990503,0.00000158667,0.067576
US-MS,2024,3.91493e-7,0.000380523,0.116248,1.5306e-9,1.19863e-8,0.383797,0.00976059,0.00000142799,0.0642094
US-MS,2025,4.77649e-7,0.000393271,0.119525,1.62944e-9,1.32851e-8,0.382778,0.00976107,0.0000013372,0.0648854
US-MT,2019,3.6281e-7,0.0010653,0.269909,4.59171e-9,5.95084e-8,0.55606,0.00518818,0.00000694425,0.0658318
US-MT,2020,3.2574e-7,0.000837721,0.208661,3.8787e-9,4.3436e-8,0.410977,0.00403197,0.00000761779,0.0485456
US-MT,2021,3.65548e-7,0.000961384,0.241961,4.44287e-9,5.16438e-8,0.487616,0.00467722,0.0000075882,0.0577803
US-MT,2022,3.68073e-7,0.00093992,0.239418,4.45343e-9,5.0983e-8,0.482072,0.00466433,0.00000701113,0.0572853
US-MT,2023,4.2436e-7,0.000940004,0.241123,4.60529e-9,5.10559e-8,0.485454,0.00480841,0.00000684429,0.0579831
US-MT,2024,4.47994e-7,0.000818325,0.213519,4.4393e-9,4.37628e-8,0.417448,0.00432252,0.000006265,0.0503517
US-MT,2025,4.43151e-7,0.000822454,0.211554,4.33456e-9,4.30527e-8,0.416397,0.00436413,0.00000685407,0.0499862
US-NC,2019,6.36328e-7,0.000618967,0.163757,2.56085e-9,3.1886e-8,0.385705,0.0101414,0.00000307029,0.0896511
US-NC,2020,6.6752e-7,0.000511168,0.136,2.14158e-9,2.46664e-8,0.326129,0.0101295,0.00000291379,0.0854122
US-NC,2021,7.24671e-7,0.00048949,0.134435,2.11788e-9,2.36975e-8,0.328497,0.0102803,0.00000227177,0.084524
US-NC,2022,7.41906e-7,0.000424217,0.119447,1.86095e-9,1.86878e-8,0.308958,0.0103235,0.00000207722,0.0801475
US-NC,2023,7.79182e-7,0.000417095,0.118461,1.87242e-9,1.8964e-8,0.300819,0.0104199,0.00000178076,0.0816216
US-NC,2024,7.65541e-7,0.000436651,0.125057,1.96378e-9,2.04853e-8,0.316284,0.0103447,0.00000162849,0.0814744
US-NC,2025,8.21711e-7,0.000447729,0.127716,2.03738e-9,2.12439e-8,0.319351,0.0102694,0.00000160826,0.0808361
US-ND,2019,5.18981e-7,0.00109931,0.316208,6.36225e-9,7.09414e-8,0.645676,0.00604323,5.29289e-7,0.0793103
US-ND,2020,5.35828e-7,0.00104591,0.304842,6.46173e-9,6.75767e-8,0.61433,0.00580358,4.29817e-7,0.0758589
US-ND,2021,5.444e-7,0.00102578,0.300155,6.51687e-9,6.60879e-8,0.601474,0.00571359,5.34719e-7,0.0744181
US-ND,2022,5.51414e-7,0.00100558,0.296807,6.57006e-9,6.51916e-8,0.590971,0.00561522,2.68069e-7,0.0733415
US-ND,2023,5.33447e-7,0.000981545,0.288671,6.30794e-9,6.27022e-8,0.582438,0.00571813,5.6379e-7,0.07203
US-ND,2024,5.37601e-7,0.000993124,0.291993,6.37906e-9,6.36972e-8,0.587517,0.00570867,4.98558e-7,0.0726969
US-ND,2025,5.37637e-7,0.00097027,0.287152,6.3556e-9,6.24877e-8,0.574816,0.00559484,3.1282e-7,0.0712812
US-NE,2019,4.96384e-7,0.000984813,0.282719,5.44795e-9,6.42757e-8,0.576779,0.0080047,3.16807e-7,0.0950994
US-NE,2020,5.10639e-7,0.000923287,0.26885,5.5233e-9,6.01516e-8,0.539308,0.00746977,3.16826e-7,0.088535
US-NE,2021,5.13536e-7,0.000911432,0.264742,5.49184e-9,5.9055e-8,0.528889,0.00756265,5.89389e-7,0.0890111
US-NE,2022,5.33282e-7,0.000892537,0.263157,5.76947e-9,5.79186e-8,0.519444,0.00691427,4.16087e-7,0.0825732
US-NE,2023,5.22934e-7,0.00083331,0.247072,5.47115e-9,5.40232e-8,0.484807,0.00717405,4.31553e-7,0.0832338
US-NE,2024,5.42299e-7,0.000811973,0.241859,5.49455e-9,5.2393e-8,0.47107,0.00694022,5.2426e-7,0.0801663
US-NE,2025,5.43417e-7,0.000852325,0.25111,5.43377e-9,5.50876e-8,0.497234,0.0073162,4.67167e-7,0.0844083
US-NH,2019,3.30482e-7,0.000318443,0.0553003,1.0089e-9,8.35331e-9,0.120006,0.0109704,0.00000691427,0.0975135
US-NH,2020,3.26063e-7,0.000279474,0.0535717,1.00336e-9,7.07498e-9,0.118962,0.011041,0.00000600214,0.0960578
US-NH,2021,3.27841e-7,0.000315063,0.0611456,1.08476e-9,8.20302e-9,0.144946,0.0110268,0.00000643751,0.0951578
US-NH,2022,3.21813e-7,0.000400125,0.067186,1.13905e-9,8.46971e-9,0.153499,0.0110704,0.0000105578,0.0953976
US-NH,2023,3.1302e-7,0.000281424,0.0570632,9.90787e-10,7.2115e-9,0.133502,0.0107921,0.00000573333,0.0923899
US-NH,2024,3.14001e-7,0.000265633,0.0592262,1.02757e-9,7.57718e-9,0.139697,0.0109425,0.00000477605,0.0932865
US-NH,2025,3.15068e-7,0.000302407,0.0634267,1.06653e-9,8.31519e-9,0.151432,0.0109916,0.00000585976,0.0938684
US-NJ,2019,3.71655e-7,0.000322414,0.0894623,1.19285e-9,8.6599e-9,0.276752,0.0110179,0.00000366273,0.0813678
US-NJ,2020,4.03532e-7,0.000307173,0.0837684,1.1538e-9,8.59306e-9,0.248084,0.0113241,0.00000374817,0.0863073
US-NJ,2021,4.11223e-7,0.000299643,0.082378,1.14753e-9,8.72091e-9,0.239765,0.0114314,0.00000356765,0.0880501
US-NJ,2022,4.10603e-7,0.000290014,0.0812704,1.11258e-9,7.7912e-9,0.244418,0.0113271,0.00000342459,0.0854589
US-NJ,2023,4.12731e-7,0.000273639,0.0777064,1.05935e-9,6.95555e-9,0.23663,0.0113617,0.00000324007,0.0853848
US-NJ,2024,4.27259e-7,0.000276557,0.0763758,1.05451e-9,6.9567e-9,0.228446,0.0114448,0.00000360548,0.0867753
US-NJ,2025,4.65656e-7,0.000285226,0.0770521,1.0765e-9,7.01397e-9,0.228238,0.0114248,0.00000397751,0.0862527
US-NM,2019,6.70445e-7,0.00090486,0.25596,0.00000393507,0.00000204937,0.58122,0.0073312,0.00000531595,0.0709716
US-NM,2020,7.29218e-7,0.000815654,0.238127,0.00000372513,0.00000193808,0.541801,0.00721283,0.00000402939,0.0668371
US-NM,2021,7.52815e-7,0.000762798,0.227913,0.00000345099,0.0000017961,0.49478,0.00651715,0.00000369293,0.0618278
US-NM,2022,7.55592e-7,0.000699756,0.214771,0.00000274436,0.00000143325,0.455262,0.00611486,0.00000289856,0.0573909
US-NM,2023,8.17813e-7,0.000492757,0.163592,0.00000217393,0.00000112882,0.355443,0.00594953,0.00000220379,0.0457017
US-NM,2024,0.0000010392,0.000526891,0.170803,0.00000156743,8.23144e-7,0.353152,0.00590385,0.00000175757,0.0463998
US-NM,2025,0.00000134039,0.000517557,0.164323,0.00000311982,0.00000161124,0.333235,0.00610765,0.00000318249,0.0450816
US-NV,2019,0.00000225305,0.00149298,0.118618,0.000233231,0.000118589,0.401166,0.00770803,0.000233563,0.0473938
US-NV,2020,0.00000227838,0.00142196,0.111903,0.000223734,0.000113758,0.386391,0.00781948,0.00022405,0.0459859
US-NV,2021,0.00000238924,0.00144396,0.11737,0.00022326,0.000113519,0.388813,0.00780925,0.000223578,0.0467625
US-NV,2022,0.00000264662,0.00141848,0.1151,0.000218805,0.000111254,0.369187,0.00786371,0.000218994,0.0456318
US-NV,2023,0.00000282786,0.00146976,0.108743,0.000234273,0.000119117,0.356719,0.00787658,0.000234418,0.0443636
US-NV,2024,0.00000286567,0.00132143,0.108744,0.000202537,0.000102983,0.33875,0.00793953,0.000202635,0.0434184
US-NV,2025,0.00000302466,0.00126617,0.107639,0.000190575,0.0000969011,0.31781,0.00784967,0.000190673,0.0420084
US-NY,2019,2.74875e-7,0.000252675,0.066938,1.08322e-9,5.95719e-9,0.17689,0.00862587,0.00000409732,0.065625
US-NY,2020,2.84892e-7,0.000259532,0.0700648,1.11519e-9,5.83827e-9,0.194475,0.00843143,0.00000393034,0.0620373
US-NY,2021,2.93962e-7,0.000287042,0.0745546,1.15121e-9,5.87728e-9,0.214198,0.00818373,0.00000465632,0.0580583
US-NY,2022,3.19999e-7,0.00035184,0.0815958,1.25569e-9,6.21546e-9,0.236226,0.00805228,0.00000705148,0.0554165
US-NY,2023,3.38596e-7,0.000276598,0.076026,1.20671e-9,5.8768e-9,0.220537,0.00802253,0.00000390377,0.055348
US-NY,2024,3.75376e-7,0.000275055,0.0774527,1.27679e-9,5.93761e-9,0.225181,0.00800754,0.00000362781,0.0544745
US-NY,2025,4.67291e-7,0.000310071,0.0806423,1.36177e-9,6.21989e-9,0.230343,0.00815644,0.00000501011,0.0549147
US-OH,2019,3.81181e-7,0.00087873,0.242804,3.67711e-9,4.88137e-8,0.594139,0.00953919,0.0000023006,0.089229
US-OH,2020,3.78652e-7,0.000865301,0.236539,3.58573e-9,4.69586e-8,0.580629,0.00957342,0.00000295827,0.0885592
US-OH,2021,3.95957e-7,0.000849076,0.233648,3.54808e-9,4.59536e-8,0.577011,0.00949543,0.0000027186,0.0866672
US-OH,2022,3.89894e-7,0.000788036,0.218756,3.30239e-9,4.10767e-8,0.555729,0.00943417,0.00000272569,0.0819631
US-OH,2023,3.8409e-7,0.000664753,0.189859,2.80887e-9,3.24744e-8,0.508643,0.00949009,0.00000222704,0.0758665
US-OH,2024,4.68826e-7,0.000627846,0.17992,2.67423e-9,2.9841e-8,0.486072,0.00953214,0.00000221531,0.0739772
US-OH,2025,6.37175e-7,0.000686177,0.194223,2.96358e-9,3.41922e-8,0.50512,0.00942099,0.00000213377,0.0747345
US-OK,2019,4.13188e-7,0.000358571,0.130397,3.61909e-9,1.55001e-8,0.324022,0.00600072,3.87018e-7,0.0402833
US-OK,2020,4.17736e-7,0.000331419,0.123677,3.60137e-9,1.341e-8,0.309945,0.0059617,4.64631e-7,0.038696
US-OK,2021,4.57092e-7,0.00041275,0.145714,4.24315e-9,2.0342e-8,0.330121,0.0055566,4.54955e-7,0.0416176
US-OK,2022,4.67571e-7,0.00035763,0.133344,4.26736e-9,1.66802e-8,0.299166,0.00535453,4.14881e-7,0.0380971
US-OK,2023,4.41716e-7,0.000298473,0.118009,3.83582e-9,1.17583e-8,0.285249,0.00564949,3.6524e-7,0.0360176
US-OK,2024,4.51676e-7,0.000312888,0.120825,3.82189e-9,1.25718e-8,0.292959,0.00573257,4.30486e-7,0.0369589
US-OK,2025,4.76769e-7,0.000369924,0.135045,4.00458e-9,1.6843e-8,0.318403,0.00578141,3.95396e-7,0.0400825
US-OR,2019,3.16982e-7,0.00028664,0.0809483,0.00000709091,0.00000361278,0.198206,0.00412892,0.00000857575,0.0251921
US-OR,2020,3.56082e-7,0.000251447,0.072516,0.00000718856,0.00000366051,0.16686,0.00374554,0.00000865493,0.0217853
US-OR,2021,4.01383e-7,0.000226389,0.0665391,0.00000713316,0.00000362987,0.162322,0.00402322,0.00000868042,0.0214551
US-OR,2022,3.92595e-7,0.000214258,0.0622803,0.00000694359,0.00000353332,0.146119,0.00371558,0.00000846066,0.0194959
US-OR,2023,4.35482e-7,0.000230078,0.069033,0.00000679205,0.00000345666,0.17478,0.00432268,0.00000815995,0.0228811
US-OR,2024,4.3655e-7,0.000234056,0.0697408,0.0000062153,0.0000031635,0.177713,0.00438465,0.00000775885,0.0233602
US-OR,2025,5.20337e-7,0.000223712,0.0665001,0.00000673975,0.00000342998,0.159187,0.00414074,0.00000809809,0.0215381
US-PA,2019,3.32179e-7,0.000491498,0.141472,2.12015e-9,2.44311e-8,0.362955,0.0107046,0.00000189917,0.0906186
US-PA,2020,3.14123e-7,0.000408014,0.121681,1.77465e-9,1.77098e-8,0.339436,0.0105979,0.0000017503,0.0835586
US-PA,2021,3.1816e-7,0.000439566,0.130355,1.89623e-9,1.98231e-8,0.359245,0.0105099,0.00000170786,0.0835195
US-PA,2022,3.13125e-7,0.000410573,0.122789,1.77233e-9,1.75457e-8,0.346171,0.0105557,0.00000179646,0.0823181
US-PA,2023,3.02599e-7,0.000341184,0.106229,1.48895e-9,1.26765e-8,0.318951,0.010595,0.00000154755,0.0791036
US-PA,2024,3.17334e-7,0.000342078,0.10667,1.4954e-9,1.26601e-8,0.320968,0.0105673,0.00000152039,0.0784636
US-PA,2025,3.39985e-7,0.000380045,0.116653,1.65529e-9,1.52049e-8,0.341779,0.0104691,0.00000151627,0.0786036
US-RI,2019,3.05016e-7,0.000383088,0.112175,1.47536e-9,7.63618e-9,0.410681,0.00883185,0.00000268331,0.0496487
US-RI,2020,3.78511e-7,0.000369431,0.111777,1.48e-9,7.63762e-9,0.407061,0.00887758,0.0000020872,0.0492725
US-RI,2021,4.20572e-7,0.000373717,0.111966,1.46699e-9,7.69787e-9,0.406649,0.00892117,0.00000223401,0.0492585
US-RI,2022,5.08982e-7,0.000415576,0.112261,1.55642e-9,7.87028e-9,0.397732,0.0087896,0.00000422335,0.0485997
US-RI,2023,4.72961e-7,0.000384905,0.11193,1.47562e-9,7.77627e-9,0.403731,0.00891975,0.00000272155,0.0491107
US-RI,2024,5.80554e-7,0.000365216,0.110686,1.51054e-9,7.75799e-9,0.395025,0.0089237,0.00000190922,0.0484097
US-RI,2025,7.0624e-7,0.000372755,0.110786,1.55841e-9,7.8584e-9,0.387826,0.0089263,0.00000231509,0.0476901
US-SC,2019,3.86593e-7,0.000421618,0.114926,1.7737e-9,2.22873e-8,0.261597,0.0116815,0.00000215665,0.105709
US-SC,2020,4.2399e-7,0.000386618,0.106115,1.64688e-9,1.9901e-8,0.242404,0.0115698,0.00000207594,0.102909
US-SC,2021,4.63023e-7,0.000431806,0.118002,1.84514e-9,2.29914e-8,0.266751,0.0116303,0.00000206641,0.104725
US-SC,2022,4.6839e-7,0.000422977,0.114755,1.7924e-9,2.19614e-8,0.261104,0.0116938,0.00000230672,0.104507
US-SC,2023,4.8293e-7,0.000418653,0.116308,1.82505e-9,2.25309e-8,0.261948,0.0116809,0.00000182569,0.104654
US-SC,2024,4.95021e-7,0.000449095,0.123483,1.94133e-9,2.44116e-8,0.276523,0.0115468,0.00000193105,0.104373
US-SC,2025,5.13247e-7,0.000453815,0.127347,2.01461e-9,2.57038e-8,0.28068,0.0115901,0.00000146242,0.105597
US-SD,2019,2.78081e-7,0.000378412,0.124217,2.89177e-9,2.2531e-8,0.228138,0.00298567,2.44035e-7,0.0286352
US-SD,2020,3.71161e-7,0.000271122,0.10486,3.6801e-9,1.56369e-8,0.162517,0.00249562,2.06217e-7,0.021969
US-SD,2021,4.50986e-7,0.000245796,0.102576,4.44258e-9,1.34432e-8,0.141338,0.00234243,6.74805e-7,0.0201717
US-SD,2022,4.78898e-7,0.000257651,0.108651,4.73814e-9,1.46396e-8,0.152161,0.00245589,3.79132e-7,0.0217799
US-SD,2023,4.70075e-7,0.000244765,0.10411,4.45059e-9,1.31473e-8,0.154762,0.00269963,4.19888e-7,0.0217626
US-SD,2024,5.58837e-7,0.000216803,0.0987194,4.61667e-9,1.15837e-8,0.134332,0.00258582,2.77746e-7,0.0198696
US-SD,2025,5.95105e-7,0.000250227,0.107633,4.66712e-9,1.44037e-8,0.151654,0.00267501,3.28147e-9,0.0220191
US-TN,2019,3.51165e-7,0.000522426,0.147198,2.25461e-9,3.02386e-8,0.327327,0.0102692,0.00000141639,0.0963779
US-TN,2020,3.3064e-7,0.000427895,0.123756,1.89472e-9,2.45733e-8,0.271253,0.0100596,0.0000011567,0.0923411
US-TN,2021,3.51306e-7,0.000513106,0.146243,2.25316e-9,3.05182e-8,0.318391,0.0102266,0.0000011168,0.0969348
US-TN,2022,3.69142e-7,0.000473049,0.137603,2.10856e-9,2.76923e-8,0.305794,0.0104649,9.67728e-7,0.0964217
US-TN,2023,3.93877e-7,0.000464758,0.135598,2.09863e-9,2.76614e-8,0.296732,0.0107482,8.34707e-7,0.0995434
US-TN,2024,4.04264e-7,0.000518328,0.149457,2.29698e-9,3.0497e-8,0.333537,0.0102903,9.38126e-7,0.0954811
US-TN,2025,4.25166e-7,0.00057159,0.16378,2.50337e-9,3.33889e-8,0.372635,0.0100163,9.57465e-7,0.0928757
US-TX,2019,4.27024e-7,0.000534082,0.168376,3.32542e-9,2.68373e-8,0.430488,0.0081033,6.12028e-7,0.0632514
US-TX,2020,4.77182e-7,0.000493231,0.158539,3.31184e-9,2.42535e-8,0.403187,0.00794622,5.617e-7,0.0605578
US-TX,2021,5.54053e-7,0.000516918,0.164333,3.50164e-9,2.61516e-8,0.405709,0.00781849,6.09374e-7,0.0607046
US-TX,2022,6.14118e-7,0.000483687,0.155936,3.45297e-9,2.38059e-8,0.385347,0.00771228,5.94057e-7,0.0580024
US-TX,2023,6.50377e-7,0.000436347,0.144577,3.28212e-9,2.04617e-8,0.364919,0.00769492,4.21535e-7,0.0550359
US-TX,2024,7.50502e-7,0.000411385,0.138736,3.22477e-9,1.89036e-8,0.350565,0.00766515,2.08649e-7,0.0528868
US-TX,2025,8.90342e-7,0.000409963,0.13748,3.22395e-9,1.8986e-8,0.341386,0.00771235,1.37587e-7,0.0525683
US-UT,2019,8.32959e-7,0.00134218,0.341226,0.0000188838,0.00000967405,0.774077,0.00842917,0.0000205312,0.0936261
US-UT,2020,9.26113e-7,0.00131708,0.329113,0.0000241729,0.0000123599,0.750053,0.00841549,0.0000255187,0.0910307
US-UT,2021,9.89009e-7,0.00132389,0.331349,0.0000234683,0.0000120023,0.753325,0.0085159,0.0000248335,0.0916471
US-UT,2022,0.00000108375,0.00127072,0.311907,0.0000279801,0.0000142908,0.715884,0.00849518,0.000029288,0.0873539
US-UT,2023,0.00000118294,0.00114233,0.273124,0.0000325523,0.0000166047,0.643061,0.00843195,0.0000337634,0.0788906
US-UT,2024,0.00000134476,0.001123,0.268412,0.0000305379,0.0000155795,0.624236,0.00843197,0.0000320607,0.0772075
US-UT,2025,0.0000014093,0.00116261,0.279265,0.0000295833,0.0000150974,0.638635,0.00842802,0.0000311271,0.0792348
US-VA,2019,3.48586e-7,0.000414601,0.0992775,1.33213e-9,1.11169e-8,0.308564,0.0104373,0.00000541923,0.0779055
US-VA,2020,3.62812e-7,0.00040276,0.100573,1.34931e-9,1.11986e-8,0.312769,0.010376,0.00000475849,0.0765768
US-VA,2021,4.80117e-7,0.000417412,0.0983226,1.37383e-9,1.11519e-8,0.298822,0.0104412,0.00000562005,0.0773656
US-VA,2022,5.69045e-7,0.000444173,0.0990144,1.42515e-9,1.15594e-8,0.292491,0.0104685,0.00000675817,0.0779183
US-VA,2023,6.02608e-7,0.000366384,0.0880394,1.26935e-9,9.06901e-9,0.268975,0.0105506,0.00000481926,0.0768309
US-VA,2024,6.42941e-7,0.000372654,0.0932478,1.33925e-9,9.53811e-9,0.288413,0.010368,0.00000433125,0.0733348
US-VA,2025,7.53077e-7,0.000395595,0.0970255,1.43464e-9,1.04114e-8,0.291936,0.0103014,0.00000479949,0.0722327
US-VT,2019,6.31965e-7,0.000503297,0.0353462,1.63327e-9,4.87898e-9,0.0263499,0.00175612,0.0000158446,0.0187677
US-VT,2020,7.67881e-7,0.0005745,0.0366994,1.78025e-9,5.47432e-9,0.0293098,0.00197635,0.0000182361,0.0214242
US-VT,2021,7.59175e-7,0.00063767,0.0361379,1.68769e-9,5.79469e-9,0.032459,0.00200945,0.0000206061,0.0231373
US-VT,2022,8.04298e-7,0.00054856,0.0390342,1.86544e-9,5.36574e-9,0.0308481,0.00201734,0.0000173687,0.0202569
US-VT,2023,6.69201e-7,0.000462132,0.0357384,1.48976e-9,4.66657e-9,0.0266384,0.00181404,0.0000143511,0.0171129
US-VT,2024,7.92327e-7,0.000497049,0.0371946,1.66776e-9,5.05014e-9,0.0277585,0.00199062,0.0000154153,0.0187066
US-VT,2025,8.82701e-7,0.000527569,0.0368506,1.70096e-9,5.35841e-9,0.0275483,0.00212833,0.0000162979,0.0202052
US-WA,2019,1.925e-7,0.000239934,0.073718,1.39002e-9,1.05675e-8,0.143964,0.00380838,0.00000143776,0.0294735
US-WA,2020,1.85037e-7,0.000187533,0.0619497,1.30762e-9,7.81031e-9,0.109068,0.00336626,0.00000120802,0.0249951
US-WA,2021,1.8547e-7,0.000172945,0.0574807,1.24821e-9,6.16923e-9,0.105033,0.00342421,0.00000138276,0.0240039
US-WA,2022,1.74749e-7,0.000163993,0.0556129,1.14849e-9,6.25048e-9,0.0964946,0.0033287,0.00000117832,0.0237816
US-WA,2023,2.08883e-7,0.000202045,0.0660007,1.31359e-9,7.78869e-9,0.133722,0.00393524,0.00000127625,0.0279294
US-WA,2024,2.16205e-7,0.00017563,0.060126,1.30125e-9,6.37478e-9,0.116088,0.00395132,0.00000120945,0.0278151
US-WA,2025,2.18063e-7,0.000172176,0.0589567,1.24902e-9,6.25235e-9,0.111455,0.00346825,0.00000112628,0.0234188
US-WI,2019,3.94172e-7,0.000910326,0.244906,3.84608e-9,5.16992e-8,0.574718,0.00909612,0.00000256151,0.0909396
US-WI,2020,3.87166e-7,0.000853883,0.233044,3.63916e-9,4.81548e-8,0.555155,0.00910994,0.00000213389,0.0882774
US-WI,2021,4.19638e-7,0.000929817,0.250005,3.89636e-9,5.26063e-8,0.587747,0.00920404,0.00000279272,0.091458
US-WI,2022,4.43182e-7,0.000821469,0.223211,3.50123e-9,4.52141e-8,0.536747,0.00924129,0.00000242775,0.0869166
US-WI,2023,4.72725e-7,0.000789262,0.216682,3.38572e-9,4.30153e-8,0.527914,0.00924367,0.00000216569,0.0845071
US-WI,2024,5.92192e-7,0.000752225,0.208141,3.31379e-9,4.10242e-8,0.50476,0.009216,0.0000017686,0.0824167
US-WI,2025,7.18637e-7,0.000799048,0.218707,3.51429e-9,4.43803e-8,0.51865,0.00915574,0.00000178582,0.083405
US-WV,2019,5.05796e-7,0.00159999,0.437226,6.91568e-9,1.04193e-7,0.946277,0.00834644,5.0768e-7,0.114063
US-WV,2020,5.02294e-7,0.00156581,0.428355,6.81364e-9,1.01611e-7,0.928438,0.00827968,5.94879e-7,0.111917
US-WV,2021,5.04562e-7,0.0015975,0.436075,6.89054e-9,1.03802e-7,0.944863,0.00836002,6.18003e-7,0.11386
US-WV,2022,5.05454e-7,0.00157877,0.431394,6.87653e-9,1.02539e-7,0.932481,0.00825057,6.57872e-7,0.11243
US-WV,2023,4.96589e-7,0.00152594,0.417687,6.67195e-9,9.84471e-8,0.908217,0.00822907,7.59921e-7,0.109432
US-WV,2024,5.14618e-7,0.00151672,0.415835,6.64581e-9,9.79403e-8,0.904801,0.00825451,6.22625e-7,0.109116
US-WV,2025,5.29067e-7,0.00155615,0.425801,6.78213e-9,1.00852e-7,0.923408,0.00830956,5.97916e-7,0.111394
US-WY,2019,5.40334e-7,0.00148645,0.4094,6.88676e-9,9.63735e-8,0.874005,0.0078021,7.39743e-7,0.105818
US-WY,2020,5.39387e-7,0.00141396,0.391782,6.78181e-9,9.1389e-8,0.832999,0.00753903,7.66759e-7,0.101032
US-WY,2021,5.52981e-7,0.00132122,0.369753,6.77969e-9,8.51082e-8,0.776469,0.00711273,8.62411e-7,0.0945673
US-WY,2022,5.56038e-7,0.00129472,0.364121,6.78225e-9,8.35497e-8,0.761971,0.00700279,7.24971e-7,0.0929538
US-WY,2023,5.47915e-7,0.0012844,0.360918,6.66682e-9,8.25991e-8,0.759068,0.00705188,7.70742e-7,0.0924971
US-WY,2024,5.57037e-7,0.00111771,0.318543,6.09118e-9,7.02342e-8,0.678785,0.00690191,8.62464e-7,0.0828652
US-WY,2025,5.77842e-7,0.00110122,0.315468,6.19662e-9,6.9511e-8,0.66478,0.00671877,7.70063e-7,0.0814375
