continent,period,Bioenergy,Hydro,Solar,Wind
Africa,2019-01,0.0194,0.924,0.0309,0.0258
Africa,2019-02,0.0194,0.9258,0.0303,0.0246
Africa,2019-03,0.0193,0.9243,0.0308,0.0255
Africa,2019-04,0.0194,0.9246,0.0304,0.0256
Africa,2019-05,0.0192,0.9238,0.0302,0.0269
Africa,2019-06,0.0193,0.9237,0.0301,0.027
Africa,2019-07,0.0191,0.9209,0.03,0.03
Africa,2019-08,0.0194,0.9255,0.0297,0.0254
Africa,2019-09,0.0193,0.9239,0.0304,0.0263
Africa,2019-10,0.0192,0.9229,0.0309,0.027
Africa,2019-11,0.0192,0.9226,0.0309,0.0272
Africa,2019-12,0.0193,0.9238,0.0307,0.0262
Africa,2020-01,0.0194,0.9264,0.0324,0.0219
Africa,2020-02,0.0194,0.9276,0.0314,0.0216
Africa,2020-03,0.0194,0.9263,0.0328,0.0215
Africa,2020-04,0.0192,0.9261,0.0325,0.0222
Africa,2020-05,0.0192,0.9257,0.033,0.0222
Africa,2020-06,0.0192,0.9247,0.0323,0.0238
Africa,2020-07,0.0191,0.923,0.0318,0.0261
Africa,2020-08,0.0191,0.9228,0.0326,0.0255
Africa,2020-09,0.0192,0.9233,0.0329,0.0246
Africa,2020-10,0.0192,0.9235,0.0334,0.0239
Africa,2020-11,0.0193,0.9251,0.0333,0.0223
Africa,2020-12,0.0193,0.9242,0.0333,0.0232
Africa,2021-01,0.0193,0.9236,0.0331,0.0241
Africa,2021-02,0.0193,0.9251,0.0331,0.0225
Africa,2021-03,0.0192,0.9211,0.0341,0.0256
Africa,2021-04,0.0192,0.9237,0.0336,0.0235
Africa,2021-05,0.0192,0.9212,0.0335,0.0261
Africa,2021-06,0.0192,0.9206,0.0328,0.0274
Africa,2021-07,0.0192,0.9199,0.0329,0.028
Africa,2021-08,0.0192,0.9201,0.0338,0.0269
Africa,2021-09,0.0191,0.9191,0.034,0.0277
Africa,2021-10,0.0192,0.9186,0.0342,0.028
Africa,2021-11,0.0193,0.9222,0.0346,0.0238
Africa,2021-12,0.0193,0.9225,0.0339,0.0242
Africa,2022-01,0.0195,0.9219,0.0345,0.0241
Africa,2022-02,0.0195,0.9241,0.0332,0.0232
Africa,2022-03,0.0193,0.9196,0.0342,0.0269
Africa,2022-04,0.0193,0.9183,0.035,0.0275
Africa,2022-05,0.0192,0.9197,0.0352,0.026
Africa,2022-06,0.0192,0.9178,0.0339,0.029
Africa,2022-07,0.0191,0.9159,0.0347,0.0302
Africa,2022-08,0.0191,0.9152,0.0356,0.0301
Africa,2022-09,0.0192,0.9171,0.0358,0.0279
Africa,2022-10,0.0191,0.9177,0.0356,0.0275
Africa,2022-11,0.0193,0.9182,0.0365,0.026
Africa,2022-12,0.0193,0.9178,0.0372,0.0257
Africa,2023-01,0.0192,0.9155,0.0386,0.0266
Africa,2023-02,0.0192,0.9175,0.0372,0.0261
Africa,2023-03,0.0191,0.9154,0.0388,0.0267
Africa,2023-04,0.0192,0.9164,0.0379,0.0266
Africa,2023-05,0.0191,0.9166,0.0374,0.0269
Africa,2023-06,0.019,0.9143,0.0366,0.0301
Africa,2023-07,0.0191,0.9119,0.037,0.0321
Africa,2023-08,0.019,0.9096,0.0387,0.0327
Africa,2023-09,0.0192,0.9108,0.0395,0.0305
Africa,2023-10,0.0191,0.9102,0.0406,0.0301
Africa,2023-11,0.0191,0.9127,0.0405,0.0277
Africa,2023-12,0.0191,0.9133,0.0401,0.0274
Africa,2024-01,0.0192,0.9121,0.0412,0.0275
Africa,2024-02,0.0192,0.9105,0.0414,0.029
Africa,2024-03,0.0191,0.9115,0.0408,0.0285
Africa,2024-04,0.0192,0.9116,0.039,0.0303
Africa,2024-05,0.0191,0.9108,0.039,0.0311
Africa,2024-06,0.0191,0.9108,0.0375,0.0326
Africa,2024-07,0.019,0.9105,0.0387,0.0317
Africa,2024-08,0.019,0.9082,0.0397,0.033
Africa,2024-09,0.019,0.9085,0.0405,0.0319
Africa,2024-10,0.0191,0.9052,0.0426,0.0331
Africa,2024-11,0.0191,0.909,0.0429,0.029
Africa,2024-12,0.0191,0.9088,0.0437,0.0284
Africa,2025-01,0.0192,0.9066,0.0438,0.0304
Africa,2025-02,0.0192,0.9104,0.0403,0.0302
Africa,2025-03,0.0192,0.9107,0.0413,0.0289
Africa,2025-04,0.0191,0.9097,0.0406,0.0306
Africa,2025-05,0.019,0.907,0.0422,0.0318
Africa,2025-06,0.019,0.9052,0.0406,0.0352
Africa,2025-07,0.019,0.9051,0.0402,0.0358
Africa,2025-08,0.019,0.9036,0.0413,0.0361
Africa,2025-09,0.019,0.9046,0.0413,0.0351
Africa,2025-10,0.0189,0.9027,0.0443,0.0341
Africa,2025-11,0.0191,0.9093,0.0427,0.0289
Africa,2025-12,0.0189,0.9063,0.0451,0.0297
Africa,2026-01,0.019,0.9033,0.0463,0.0315
Africa,2026-02,0.0191,0.9098,0.0418,0.0294
Africa,2026-03,0.019,0.9088,0.0411,0.0311
Africa,2026-04,0.0189,0.9085,0.0411,0.0314
Africa,2026-05,0.0189,0.9085,0.0411,0.0314
Africa,2026-06,0.0189,0.9085,0.0411,0.0314
Africa,2026-07,0.0189,0.9085,0.0411,0.0314
Africa,2026-08,0.0189,0.9085,0.0411,0.0314
Asia,2019-01,0.1123,0.6221,0.1175,0.1481
Asia,2019-02,0.1031,0.6347,0.1188,0.1434
Asia,2019-03,0.0933,0.6147,0.1384,0.1536
Asia,2019-04,0.0852,0.6246,0.141,0.1492
Asia,2019-05,0.0754,0.6387,0.1368,0.1491
Asia,2019-06,0.0754,0.6721,0.1288,0.1237
Asia,2019-07,0.0734,0.7006,0.1185,0.1076
Asia,2019-08,0.075,0.697,0.1227,0.1053
Asia,2019-09,0.0769,0.6931,0.1278,0.1022
Asia,2019-10,0.0792,0.6743,0.1266,0.1199
Asia,2019-11,0.0897,0.6296,0.1265,0.1541
Asia,2019-12,0.1043,0.5986,0.1265,0.1707
Asia,2020-01,0.11,0.5975,0.1412,0.1513
Asia,2020-02,0.1075,0.5991,0.1446,0.1489
Asia,2020-03,0.0931,0.5731,0.1539,0.18
Asia,2020-04,0.0915,0.5837,0.1654,0.1594
Asia,2020-05,0.0856,0.5946,0.1548,0.1651
Asia,2020-06,0.0765,0.6576,0.1349,0.131
Asia,2020-07,0.074,0.695,0.1251,0.1059
Asia,2020-08,0.0767,0.6781,0.1338,0.1114
Asia,2020-09,0.0749,0.6938,0.1309,0.1004
Asia,2020-10,0.0741,0.6686,0.1274,0.1299
Asia,2020-11,0.0949,0.6117,0.1316,0.1619
Asia,2020-12,0.1089,0.5771,0.1329,0.1811
Asia,2021-01,0.108,0.5308,0.1507,0.2105
Asia,2021-02,0.1056,0.5323,0.1561,0.206
Asia,2021-03,0.1026,0.519,0.1748,0.2036
Asia,2021-04,0.0942,0.5389,0.1697,0.1972
Asia,2021-05,0.0839,0.5535,0.1642,0.1984
Asia,2021-06,0.0822,0.6011,0.1593,0.1574
Asia,2021-07,0.0813,0.629,0.1453,0.1444
Asia,2021-08,0.0819,0.6433,0.1494,0.1254
Asia,2021-09,0.0786,0.6537,0.1398,0.1278
Asia,2021-10,0.0809,0.6118,0.1455,0.1618
Asia,2021-11,0.0919,0.5622,0.1502,0.1957
Asia,2021-12,0.1074,0.5176,0.1561,0.2189
Asia,2022-01,0.1135,0.5251,0.1697,0.1916
Asia,2022-02,0.1114,0.5281,0.1718,0.1887
Asia,2022-03,0.0953,0.5008,0.1763,0.2275
Asia,2022-04,0.0841,0.5148,0.1853,0.2158
Asia,2022-05,0.0745,0.5502,0.1748,0.2004
Asia,2022-06,0.0734,0.5924,0.1665,0.1677
Asia,2022-07,0.0808,0.6063,0.1702,0.1427
Asia,2022-08,0.0885,0.5905,0.1771,0.1439
Asia,2022-09,0.0861,0.5682,0.1903,0.1554
Asia,2022-10,0.0841,0.5454,0.1801,0.1904
Asia,2022-11,0.0978,0.5194,0.173,0.2098
Asia,2022-12,0.1046,0.4893,0.1621,0.244
Asia,2023-01,0.1047,0.4743,0.1832,0.2379
Asia,2023-02,0.102,0.4792,0.1897,0.2291
Asia,2023-03,0.0995,0.4509,0.2167,0.233
Asia,2023-04,0.0885,0.4433,0.2133,0.255
Asia,2023-05,0.0842,0.4681,0.2194,0.2283
Asia,2023-06,0.0864,0.5094,0.2228,0.1815
Asia,2023-07,0.0852,0.5326,0.204,0.1782
Asia,2023-08,0.0814,0.5797,0.2031,0.1358
Asia,2023-09,0.0798,0.5733,0.1972,0.1498
Asia,2023-10,0.0807,0.5376,0.212,0.1698
Asia,2023-11,0.0898,0.4545,0.1995,0.2561
Asia,2023-12,0.1028,0.4482,0.1881,0.2609
Asia,2024-01,0.1048,0.4385,0.2113,0.2454
Asia,2024-02,0.1035,0.4392,0.2173,0.2401
Asia,2024-03,0.0912,0.4056,0.2497,0.2535
Asia,2024-04,0.082,0.4389,0.2553,0.2238
Asia,2024-05,0.0713,0.4693,0.2585,0.2009
Asia,2024-06,0.0697,0.5193,0.239,0.1721
Asia,2024-07,0.071,0.5414,0.2226,0.1651
Asia,2024-08,0.0756,0.552,0.2426,0.1298
Asia,2024-09,0.0775,0.5073,0.2329,0.1823
Asia,2024-10,0.0782,0.4774,0.2375,0.207
Asia,2024-11,0.0875,0.4455,0.2337,0.2333
Asia,2024-12,0.0942,0.4251,0.2273,0.2534
Asia,2025-01,0.0913,0.3965,0.2613,0.2508
Asia,2025-02,0.0888,0.4011,0.2635,0.2467
Asia,2025-03,0.0795,0.3756,0.2853,0.2596
Asia,2025-04,0.0722,0.3777,0.3108,0.2393
Asia,2025-05,0.0678,0.4131,0.3011,0.218
Asia,2025-06,0.0642,0.4685,0.291,0.1764
Asia,2025-07,0.0686,0.4667,0.2936,0.1712
Asia,2025-08,0.0716,0.4826,0.2948,0.151
Asia,2025-09,0.0664,0.5096,0.2668,0.1572
Asia,2025-10,0.0727,0.4959,0.2499,0.1815
Asia,2025-11,0.075,0.4145,0.256,0.2545
Asia,2025-12,0.0853,0.3974,0.2592,0.258
Asia,2026-01,0.084,0.3866,0.2815,0.2479
Asia,2026-02,0.0827,0.3918,0.2841,0.2414
Asia,2026-03,0.0781,0.3936,0.3141,0.2141
Asia,2026-04,0.0693,0.3798,0.3315,0.2195
Asia,2026-05,0.0637,0.3932,0.3347,0.2084
Asia,2026-06,0.0636,0.3933,0.3346,0.2084
Asia,2026-07,0.0636,0.3933,0.3346,0.2084
Asia,2026-08,0.0636,0.3933,0.3346,0.2084
Europe,2019-01,0.0861,0.5669,0.0296,0.3174
Europe,2019-02,0.0815,0.5651,0.0607,0.2928
Europe,2019-03,0.0772,0.5149,0.0775,0.3305
Europe,2019-04,0.0755,0.5769,0.1051,0.2426
Europe,2019-05,0.0728,0.6012,0.1128,0.2131
Europe,2019-06,0.0702,0.6039,0.1364,0.1895
Europe,2019-07,0.0768,0.5903,0.1397,0.1931
Europe,2019-08,0.0787,0.5803,0.1337,0.2073
Europe,2019-09,0.076,0.5531,0.1053,0.2656
Europe,2019-10,0.0821,0.5617,0.0715,0.2848
Europe,2019-11,0.0836,0.5898,0.0346,0.292
Europe,2019-12,0.0807,0.5603,0.028,0.331
Europe,2020-01,0.0798,0.5393,0.0355,0.3454
Europe,2020-02,0.0669,0.5073,0.0496,0.3761
Europe,2020-03,0.0716,0.5392,0.0825,0.3067
Europe,2020-04,0.0752,0.5607,0.1314,0.2326
Europe,2020-05,0.0735,0.5763,0.1385,0.2117
Europe,2020-06,0.0725,0.5906,0.1417,0.1952
Europe,2020-07,0.0725,0.5563,0.152,0.2192
Europe,2020-08,0.0746,0.5664,0.1441,0.2149
Europe,2020-09,0.0754,0.5523,0.1225,0.2498
Europe,2020-10,0.0737,0.5379,0.0677,0.3207
Europe,2020-11,0.0833,0.5566,0.0496,0.3104
Europe,2020-12,0.0858,0.549,0.029,0.3363
Europe,2021-01,0.0851,0.5722,0.0327,0.31
Europe,2021-02,0.078,0.5523,0.0576,0.3121
Europe,2021-03,0.0808,0.5253,0.0987,0.2951
Europe,2021-04,0.0789,0.5439,0.1297,0.2475
Europe,2021-05,0.0723,0.5508,0.139,0.2379
Europe,2021-06,0.0732,0.5898,0.173,0.1641
Europe,2021-07,0.0745,0.559,0.1662,0.2003
Europe,2021-08,0.0757,0.5434,0.15,0.2309
Europe,2021-09,0.085,0.542,0.144,0.2291
Europe,2021-10,0.0833,0.4745,0.0948,0.3473
Europe,2021-11,0.0914,0.5229,0.0521,0.3336
Europe,2021-12,0.0902,0.5208,0.0351,0.3539
Europe,2022-01,0.0842,0.4981,0.0491,0.3686
Europe,2022-02,0.0746,0.4408,0.073,0.4115
Europe,2022-03,0.0844,0.4993,0.1262,0.2901
Europe,2022-04,0.0729,0.4975,0.1466,0.283
Europe,2022-05,0.0686,0.5239,0.183,0.2245
Europe,2022-06,0.0705,0.5301,0.2002,0.1992
Europe,2022-07,0.074,0.483,0.2107,0.2323
Europe,2022-08,0.081,0.4996,0.2108,0.2086
Europe,2022-09,0.0836,0.4856,0.1588,0.272
Europe,2022-10,0.0748,0.4618,0.1157,0.3477
Europe,2022-11,0.0834,0.472,0.0643,0.3803
Europe,2022-12,0.0888,0.5157,0.0404,0.3552
Europe,2023-01,0.073,0.4736,0.0499,0.4035
Europe,2023-02,0.0794,0.4734,0.096,0.3512
Europe,2023-03,0.0709,0.4591,0.1209,0.349
Europe,2023-04,0.0692,0.4861,0.1739,0.2709
Europe,2023-05,0.0582,0.4986,0.2058,0.2374
Europe,2023-06,0.0554,0.5167,0.2427,0.1852
Europe,2023-07,0.0579,0.4599,0.2301,0.2521
Europe,2023-08,0.0614,0.4843,0.2191,0.2352
Europe,2023-09,0.065,0.4725,0.2071,0.2553
Europe,2023-10,0.0664,0.4554,0.1237,0.3545
Europe,2023-11,0.0677,0.4909,0.0675,0.3739
Europe,2023-12,0.0669,0.4977,0.0486,0.3868
Europe,2024-01,0.0657,0.4911,0.0608,0.3824
Europe,2024-02,0.0657,0.4691,0.0877,0.3775
Europe,2024-03,0.0654,0.4917,0.1406,0.3024
Europe,2024-04,0.0585,0.4713,0.1823,0.2878
Europe,2024-05,0.06,0.507,0.2336,0.1994
Europe,2024-06,0.0552,0.4916,0.2491,0.2041
Europe,2024-07,0.0573,0.4664,0.2696,0.2068
Europe,2024-08,0.0598,0.4396,0.2708,0.2298
Europe,2024-09,0.0634,0.4463,0.2073,0.283
Europe,2024-10,0.0674,0.4819,0.1419,0.3088
Europe,2024-11,0.0763,0.4791,0.0939,0.3507
Europe,2024-12,0.0711,0.4466,0.0689,0.4134
Europe,2025-01,0.0731,0.4692,0.0812,0.3765
Europe,2025-02,0.0764,0.4866,0.1326,0.3044
Europe,2025-03,0.0672,0.436,0.2015,0.2953
Europe,2025-04,0.064,0.4531,0.2513,0.2316
Europe,2025-05,0.0556,0.4446,0.2696,0.2302
Europe,2025-06,0.0517,0.4123,0.2978,0.2383
Europe,2025-07,0.0565,0.4309,0.303,0.2095
Europe,2025-08,0.0587,0.4134,0.2977,0.2302
Europe,2025-09,0.0597,0.4074,0.2344,0.2985
Europe,2025-10,0.0648,0.413,0.1629,0.3593
Europe,2025-11,0.0755,0.4483,0.1121,0.3641
Europe,2025-12,0.075,0.4612,0.0768,0.387
Europe,2026-01,0.0729,0.4536,0.0761,0.3974
Europe,2026-02,0.0693,0.4643,0.1061,0.3603
Europe,2026-03,0.0628,0.4346,0.2003,0.3023
Europe,2026-04,0.0594,0.4239,0.263,0.2536
Europe,2026-05,0.0589,0.4439,0.2903,0.2068
Europe,2026-06,0.0503,0.4351,0.3117,0.2028
Europe,2026-07,0.0503,0.4351,0.3117,0.2028
Europe,2026-08,0.0503,0.4351,0.3117,0.2028
North America,2019-01,0.0894,0.5935,0.065,0.2522
North America,2019-02,0.0905,0.5901,0.073,0.2465
North America,2019-03,0.0865,0.5629,0.0911,0.2595
North America,2019-04,0.0802,0.5425,0.1003,0.2771
North America,2019-05,0.0818,0.568,0.1067,0.2435
North America,2019-06,0.088,0.5562,0.1227,0.2331
North America,2019-07,0.0933,0.5456,0.1258,0.2353
North America,2019-08,0.0983,0.5466,0.1286,0.2265
North America,2019-09,0.097,0.5076,0.1191,0.2763
North America,2019-10,0.0933,0.5061,0.1051,0.2955
North America,2019-11,0.0914,0.5516,0.0813,0.2757
North America,2019-12,0.0907,0.5626,0.0697,0.277
North America,2020-01,0.0862,0.5668,0.0759,0.2711
North America,2020-02,0.082,0.5522,0.0864,0.2794
North America,2020-03,0.0836,0.535,0.101,0.2804
North America,2020-04,0.0822,0.5094,0.1211,0.2873
North America,2020-05,0.0779,0.5288,0.1304,0.2628
North America,2020-06,0.0768,0.5164,0.1327,0.2742
North America,2020-07,0.0827,0.5439,0.1456,0.2278
North America,2020-08,0.0879,0.5294,0.1402,0.2426
North America,2020-09,0.0913,0.5134,0.1318,0.2636
North America,2020-10,0.0854,0.5027,0.1155,0.2964
North America,2020-11,0.0816,0.5037,0.0928,0.3219
North America,2020-12,0.0821,0.5318,0.0825,0.3036
North America,2021-01,0.0812,0.556,0.0868,0.276
North America,2021-02,0.0836,0.5437,0.1021,0.2706
North America,2021-03,0.0749,0.4756,0.1199,0.3296
North America,2021-04,0.076,0.4621,0.1429,0.3189
North America,2021-05,0.0758,0.4743,0.1559,0.294
North America,2021-06,0.0822,0.4982,0.1633,0.2563
North America,2021-07,0.087,0.5144,0.17,0.2286
North America,2021-08,0.086,0.4909,0.1617,0.2614
North America,2021-09,0.0847,0.4711,0.1557,0.2886
North America,2021-10,0.0823,0.4747,0.1332,0.3098
North America,2021-11,0.0792,0.4771,0.1108,0.3329
North America,2021-12,0.0765,0.5051,0.087,0.3314
North America,2022-01,0.0736,0.5174,0.0997,0.3093
North America,2022-02,0.0736,0.4876,0.1153,0.3235
North America,2022-03,0.0678,0.4685,0.1336,0.33
North America,2022-04,0.0667,0.4279,0.1519,0.3535
North America,2022-05,0.0676,0.4427,0.1674,0.3222
North America,2022-06,0.0709,0.472,0.1792,0.2779
North America,2022-07,0.0757,0.4798,0.1843,0.2602
North America,2022-08,0.0802,0.5008,0.1838,0.2352
North America,2022-09,0.0805,0.475,0.1783,0.2662
North America,2022-10,0.0772,0.451,0.1603,0.3115
North America,2022-11,0.0727,0.4609,0.1143,0.3522
North America,2022-12,0.0746,0.4984,0.0977,0.3293
North America,2023-01,0.0719,0.5054,0.1056,0.3171
North America,2023-02,0.0679,0.4655,0.1214,0.3452
North America,2023-03,0.0656,0.4532,0.1463,0.3349
North America,2023-04,0.064,0.4203,0.1757,0.3401
North America,2023-05,0.0673,0.4681,0.1986,0.2659
North America,2023-06,0.0729,0.4548,0.2202,0.2521
North America,2023-07,0.0739,0.4488,0.2242,0.2531
North America,2023-08,0.0759,0.4463,0.2179,0.2598
North America,2023-09,0.0773,0.4396,0.2083,0.2748
North America,2023-10,0.0724,0.4169,0.1804,0.3302
North America,2023-11,0.074,0.4484,0.1403,0.3373
North America,2023-12,0.0752,0.4639,0.1227,0.3382
North America,2024-01,0.0736,0.4964,0.1251,0.3049
North America,2024-02,0.069,0.4447,0.1483,0.3381
North America,2024-03,0.0639,0.4231,0.1728,0.3402
North America,2024-04,0.0608,0.3866,0.1977,0.3549
North America,2024-05,0.0634,0.4135,0.2261,0.297
North America,2024-06,0.0634,0.4015,0.2405,0.2946
North America,2024-07,0.0699,0.4328,0.257,0.2403
North America,2024-08,0.071,0.422,0.2564,0.2506
North America,2024-09,0.0737,0.4157,0.2416,0.269
North America,2024-10,0.0662,0.3855,0.2127,0.3356
North America,2024-11,0.0699,0.4225,0.1623,0.3453
North America,2024-12,0.0695,0.4595,0.1429,0.3282
North America,2025-01,0.0642,0.4525,0.1515,0.3318
North America,2025-02,0.0661,0.4457,0.171,0.3172
North America,2025-03,0.058,0.3977,0.2016,0.3427
North America,2025-04,0.0562,0.3808,0.2369,0.3261
North America,2025-05,0.0594,0.3975,0.2674,0.2757
North America,2025-06,0.0614,0.3843,0.2841,0.2702
North America,2025-07,0.0649,0.3885,0.2994,0.2473
North America,2025-08,0.0682,0.399,0.3038,0.2291
North America,2025-09,0.0725,0.3974,0.2947,0.2354
North America,2025-10,0.0648,0.3774,0.2401,0.3177
North America,2025-11,0.0665,0.408,0.1888,0.3367
North America,2025-12,0.0638,0.4397,0.1494,0.3471
North America,2026-01,0.0611,0.4587,0.1613,0.3188
North America,2026-02,0.0626,0.4358,0.1978,0.3037
North America,2026-03,0.053,0.3931,0.2232,0.3307
North America,2026-04,0.0524,0.3676,0.2541,0.3259
North America,2026-05,0.0541,0.3694,0.2942,0.2823
North America,2026-06,0.0534,0.3646,0.3027,0.2793
North America,2026-07,0.0534,0.3646,0.3027,0.2793
North America,2026-08,0.0534,0.3646,0.3027,0.2793
Oceania,2019-01,0.0183,0.5874,0.2182,0.1761
Oceania,2019-02,0.0199,0.5744,0.2109,0.1948
Oceania,2019-03,0.0199,0.5861,0.2057,0.1884
Oceania,2019-04,0.0184,0.6021,0.1849,0.1945
Oceania,2019-05,0.0158,0.6206,0.15,0.2136
Oceania,2019-06,0.0167,0.6641,0.1318,0.1874
Oceania,2019-07,0.0177,0.6197,0.1452,0.2173
Oceania,2019-08,0.0194,0.5904,0.1727,0.2174
Oceania,2019-09,0.0187,0.5683,0.2109,0.2021
Oceania,2019-10,0.0176,0.5442,0.2372,0.201
Oceania,2019-11,0.0154,0.5321,0.2431,0.2093
Oceania,2019-12,0.0161,0.5257,0.2619,0.1964
Oceania,2020-01,0.0158,0.538,0.2478,0.1983
Oceania,2020-02,0.0181,0.5665,0.2337,0.1817
Oceania,2020-03,0.0151,0.5455,0.2326,0.2068
Oceania,2020-04,0.0161,0.5658,0.2119,0.2063
Oceania,2020-05,0.0146,0.59,0.1745,0.2208
Oceania,2020-06,0.0169,0.6071,0.1649,0.2111
Oceania,2020-07,0.0161,0.6183,0.1742,0.1914
Oceania,2020-08,0.0163,0.5408,0.1978,0.2452
Oceania,2020-09,0.017,0.499,0.2255,0.2585
Oceania,2020-10,0.0166,0.5155,0.2489,0.219
Oceania,2020-11,0.0145,0.487,0.2864,0.2121
Oceania,2020-12,0.0142,0.4695,0.283,0.2333
Oceania,2021-01,0.0142,0.4625,0.2907,0.2326
Oceania,2021-02,0.0155,0.4886,0.2797,0.2162
Oceania,2021-03,0.014,0.507,0.2606,0.2184
Oceania,2021-04,0.0151,0.536,0.2492,0.1997
Oceania,2021-05,0.0142,0.5418,0.2109,0.2331
Oceania,2021-06,0.0142,0.5724,0.1721,0.2414
Oceania,2021-07,0.0148,0.5363,0.1733,0.2755
Oceania,2021-08,0.0155,0.5164,0.2191,0.249
Oceania,2021-09,0.0143,0.4964,0.2522,0.2371
Oceania,2021-10,0.0148,0.4882,0.2877,0.2092
Oceania,2021-11,0.0135,0.4911,0.2768,0.2186
Oceania,2021-12,0.0126,0.4391,0.3406,0.2078
Oceania,2022-01,0.0128,0.4413,0.324,0.2219
Oceania,2022-02,0.0131,0.4411,0.3215,0.2243
Oceania,2022-03,0.013,0.4643,0.3008,0.2219
Oceania,2022-04,0.0142,0.4864,0.2638,0.2357
Oceania,2022-05,0.0131,0.5479,0.2039,0.235
Oceania,2022-06,0.0114,0.5338,0.1785,0.2762
Oceania,2022-07,0.0122,0.5311,0.1967,0.26
Oceania,2022-08,0.0131,0.4954,0.2175,0.274
Oceania,2022-09,0.0134,0.5001,0.2576,0.229
Oceania,2022-10,0.0133,0.4734,0.2841,0.2291
Oceania,2022-11,0.0118,0.4539,0.3271,0.2072
Oceania,2022-12,0.0123,0.4178,0.3602,0.2096
Oceania,2023-01,0.0111,0.419,0.3588,0.2111
Oceania,2023-02,0.0111,0.4079,0.3565,0.2245
Oceania,2023-03,0.012,0.4417,0.3284,0.2179
Oceania,2023-04,0.0127,0.4788,0.2939,0.2147
Oceania,2023-05,0.0118,0.5088,0.2456,0.2338
Oceania,2023-06,0.0122,0.5021,0.1967,0.289
Oceania,2023-07,0.0113,0.4879,0.2192,0.2815
Oceania,2023-08,0.0145,0.4891,0.2733,0.2231
Oceania,2023-09,0.0138,0.4197,0.3335,0.2329
Oceania,2023-10,0.0141,0.3974,0.3437,0.2448
Oceania,2023-11,0.0126,0.4129,0.3625,0.212
Oceania,2023-12,0.0121,0.3743,0.3848,0.2289
Oceania,2024-01,0.0116,0.382,0.3826,0.2239
Oceania,2024-02,0.0119,0.397,0.3754,0.2156
Oceania,2024-03,0.0121,0.387,0.3596,0.2414
Oceania,2024-04,0.0142,0.4439,0.3209,0.221
Oceania,2024-05,0.0144,0.477,0.275,0.2336
Oceania,2024-06,0.0144,0.4884,0.2553,0.2418
Oceania,2024-07,0.0143,0.4376,0.2497,0.2984
Oceania,2024-08,0.0139,0.3954,0.29,0.3006
Oceania,2024-09,0.0143,0.3814,0.3142,0.2901
Oceania,2024-10,0.0138,0.3858,0.3684,0.2321
Oceania,2024-11,0.0139,0.3979,0.3743,0.214
Oceania,2024-12,0.0118,0.3528,0.4229,0.2125
Oceania,2025-01,0.0107,0.3418,0.4235,0.224
Oceania,2025-02,0.0101,0.3466,0.4073,0.236
Oceania,2025-03,0.0103,0.3529,0.3702,0.2665
Oceania,2025-04,0.0103,0.3959,0.3589,0.235
Oceania,2025-05,0.0099,0.4208,0.2929,0.2763
Oceania,2025-06,0.0114,0.4443,0.2504,0.2938
Oceania,2025-07,0.0125,0.4174,0.2491,0.321
Oceania,2025-08,0.0133,0.4034,0.2965,0.2869
Oceania,2025-09,0.0119,0.3587,0.334,0.2954
Oceania,2025-10,0.0127,0.3564,0.3684,0.2625
Oceania,2025-11,0.0113,0.3549,0.384,0.2498
Oceania,2025-12,0.0109,0.3278,0.4272,0.2341
Oceania,2026-01,0.0121,0.3174,0.4225,0.248
Oceania,2026-02,0.0138,0.3475,0.3915,0.2472
Oceania,2026-03,0.0132,0.3765,0.3765,0.2339
Oceania,2026-04,0.0116,0.3771,0.3509,0.2604
Oceania,2026-05,0.0102,0.434,0.2696,0.2862
Oceania,2026-06,0.0141,0.4458,0.2319,0.3083
Oceania,2026-07,0.0141,0.4458,0.2319,0.3083
Oceania,2026-08,0.0141,0.4458,0.2319,0.3083
South America,2019-01,0.0267,0.9251,0.01,0.0383
South America,2019-02,0.0325,0.9341,0.0094,0.024
South America,2019-03,0.0313,0.9306,0.01,0.0282
South America,2019-04,0.0339,0.929,0.0089,0.0282
South America,2019-05,0.0381,0.9156,0.0083,0.038
South America,2019-06,0.039,0.9007,0.0084,0.0519
South America,2019-07,0.0458,0.8928,0.0093,0.0521
South America,2019-08,0.0499,0.8775,0.0109,0.0618
South America,2019-09,0.0484,0.8821,0.0119,0.0576
South America,2019-10,0.0463,0.8828,0.0127,0.0582
South America,2019-11,0.0434,0.8924,0.0129,0.0513
South America,2019-12,0.0357,0.9,0.0135,0.0508
South America,2020-01,0.0367,0.9173,0.0133,0.0327
South America,2020-02,0.0355,0.9189,0.0125,0.0331
South America,2020-03,0.0349,0.9227,0.0136,0.0288
South America,2020-04,0.0403,0.9077,0.0139,0.0382
South America,2020-05,0.0443,0.8978,0.0132,0.0448
South America,2020-06,0.045,0.8893,0.0122,0.0535
South America,2020-07,0.0422,0.8869,0.0129,0.058
South America,2020-08,0.0422,0.8752,0.0144,0.0682
South America,2020-09,0.0407,0.879,0.016,0.0643
South America,2020-10,0.0485,0.876,0.0168,0.0587
South America,2020-11,0.0505,0.8777,0.0171,0.0547
South America,2020-12,0.0439,0.8808,0.0176,0.0577
South America,2021-01,0.0336,0.8916,0.0176,0.0571
South America,2021-02,0.0331,0.9115,0.0154,0.04
South America,2021-03,0.03,0.9079,0.0179,0.0441
South America,2021-04,0.0366,0.8955,0.0178,0.0501
South America,2021-05,0.0445,0.881,0.0176,0.0569
South America,2021-06,0.0486,0.8693,0.0181,0.064
South America,2021-07,0.0528,0.8503,0.0199,0.0771
South America,2021-08,0.0531,0.8407,0.022,0.0842
South America,2021-09,0.0503,0.8441,0.0253,0.0803
South America,2021-10,0.043,0.8523,0.0276,0.077
South America,2021-11,0.0399,0.8682,0.0272,0.0646
South America,2021-12,0.0325,0.8783,0.0257,0.0634
South America,2022-01,0.0285,0.8897,0.0284,0.0534
South America,2022-02,0.0282,0.8929,0.0278,0.0511
South America,2022-03,0.0272,0.8878,0.0286,0.0564
South America,2022-04,0.0312,0.8876,0.0273,0.0539
South America,2022-05,0.041,0.8719,0.0266,0.0604
South America,2022-06,0.0447,0.8702,0.0251,0.0599
South America,2022-07,0.0464,0.8471,0.0274,0.0791
South America,2022-08,0.0452,0.8381,0.0318,0.0849
South America,2022-09,0.0447,0.8349,0.0354,0.085
South America,2022-10,0.0403,0.8341,0.0377,0.0879
South America,2022-11,0.0388,0.8653,0.0346,0.0613
South America,2022-12,0.0317,0.8654,0.0374,0.0655
South America,2023-01,0.0279,0.869,0.0391,0.064
South America,2023-02,0.0278,0.8689,0.0383,0.0649
South America,2023-03,0.0279,0.8761,0.0377,0.0583
South America,2023-04,0.0337,0.8768,0.0373,0.0522
South America,2023-05,0.0414,0.8505,0.0392,0.0689
South America,2023-06,0.0435,0.834,0.0379,0.0846
South America,2023-07,0.0448,0.8237,0.0414,0.09
South America,2023-08,0.0454,0.8248,0.0451,0.0848
South America,2023-09,0.0442,0.8223,0.0486,0.0849
South America,2023-10,0.0427,0.8182,0.0518,0.0872
South America,2023-11,0.0402,0.8274,0.0561,0.0763
South America,2023-12,0.0353,0.832,0.0579,0.0748
South America,2024-01,0.0288,0.8566,0.0577,0.0568
South America,2024-02,0.0287,0.8561,0.0549,0.0603
South America,2024-03,0.0293,0.8583,0.0571,0.0553
South America,2024-04,0.0346,0.8498,0.0543,0.0613
South America,2024-05,0.0411,0.8298,0.051,0.0782
South America,2024-06,0.0438,0.8179,0.049,0.0893
South America,2024-07,0.0442,0.8044,0.0532,0.0982
South America,2024-08,0.0445,0.7891,0.0604,0.1059
South America,2024-09,0.0457,0.779,0.0661,0.1091
South America,2024-10,0.0442,0.7861,0.0722,0.0974
South America,2024-11,0.0386,0.8002,0.0696,0.0917
South America,2024-12,0.0331,0.807,0.0739,0.086
South America,2025-01,0.0277,0.8415,0.0707,0.0601
South America,2025-02,0.0277,0.8373,0.0663,0.0687
South America,2025-03,0.028,0.8265,0.0704,0.0751
South America,2025-04,0.0331,0.8262,0.0686,0.0721
South America,2025-05,0.0388,0.8033,0.0639,0.0941
South America,2025-06,0.0419,0.7991,0.0612,0.0978
South America,2025-07,0.0438,0.7849,0.068,0.1033
South America,2025-08,0.0444,0.7737,0.0757,0.1062
South America,2025-09,0.0415,0.7706,0.0776,0.1103
South America,2025-10,0.0378,0.7731,0.0825,0.1066
South America,2025-11,0.0363,0.7933,0.0835,0.0869
South America,2025-12,0.0329,0.7965,0.0879,0.0826
South America,2026-01,0.0294,0.8048,0.0863,0.0795
South America,2026-02,0.0286,0.8314,0.0826,0.0573
South America,2026-03,0.0278,0.8243,0.0847,0.0631
South America,2026-04,0.0284,0.818,0.0805,0.0732
South America,2026-05,0.0283,0.8188,0.0802,0.0726
South America,2026-06,0.0284,0.8191,0.0803,0.0723
South America,2026-07,0.0284,0.8191,0.0803,0.0723
South America,2026-08,0.0284,0.8191,0.0803,0.0723
