country,year,Bioenergy,Hydro,Solar,Wind
AE,2019,0,0,1,0
AE,2020,0,0,1,0
AE,2021,0,0,1,0
AE,2022,0,0,1,0
AE,2023,0,0,1,0
AE,2024,0,0,1,0
AE,2025,0,0,1,0
AE,2026,0,0,1,0
AF,2019,0.0318,0.7969,0.0873,0.084
AF,2020,0.0345,0.7797,0.0959,0.0899
AF,2021,0.0379,0.7456,0.1057,0.1109
AF,2022,0.04,0.7206,0.1198,0.1196
AF,2023,0.0409,0.6887,0.1388,0.1315
AF,2024,0.0385,0.6674,0.1617,0.1324
AF,2025,0.0354,0.6322,0.1933,0.139
AF,2026,0.0335,0.5932,0.2264,0.147
AG,2019,0,0,1,0
AG,2020,0,0,1,0
AG,2021,0,0,1,0
AG,2022,0,0,1,0
AG,2023,0,0,1,0
AG,2024,0,0,1,0
AG,2025,0,0,1,0
AG,2026,0,0,1,0
AM,2019,0,0.997,0.003,0
AM,2020,0,0.9699,0.0301,0
AM,2021,0,0.9406,0.0594,0
AM,2022,0.0004,0.8716,0.1266,0.0015
AM,2023,0.0005,0.7636,0.2339,0.0019
AM,2024,0.0008,0.751,0.2455,0.0027
AM,2025,0.0003,0.7783,0.2203,0.0011
AM,2026,0,0.6783,0.3217,0
AO,2019,0.0044,0.9939,0.0018,0
AO,2020,0.0044,0.9939,0.0018,0
AO,2021,0.0044,0.9939,0.0018,0
AO,2022,0.0044,0.9939,0.0018,0
AO,2023,0.0044,0.9939,0.0018,0
AO,2024,0.0044,0.9939,0.0018,0
AO,2025,0.0044,0.9939,0.0018,0
AO,2026,0.0044,0.9939,0.0018,0
AR,2019,0.0148,0.8514,0.0188,0.1151
AR,2020,0.0182,0.7272,0.0319,0.2227
AR,2021,0.0268,0.6087,0.0529,0.3116
AR,2022,0.0269,0.6386,0.0599,0.2746
AR,2023,0.0219,0.6849,0.0563,0.2369
AR,2024,0.024,0.6222,0.0715,0.2823
AR,2025,0.029,0.5583,0.0913,0.3214
AR,2026,0.027,0.5541,0.1054,0.3135
AS,2019,NaN,NaN,NaN,NaN
AS,2020,NaN,NaN,NaN,NaN
AS,2021,NaN,NaN,NaN,NaN
AS,2022,NaN,NaN,NaN,NaN
AS,2023,NaN,NaN,NaN,NaN
AS,2024,NaN,NaN,NaN,NaN
AS,2025,NaN,NaN,NaN,NaN
AS,2026,NaN,NaN,NaN,NaN
AT,2019,0.043,0.7687,0.0309,0.1574
AT,2020,0.0345,0.7845,0.0362,0.1449
AT,2021,0.0331,0.765,0.0507,0.1513
AT,2022,0.0538,0.7152,0.072,0.159
AT,2023,0.027,0.7236,0.0929,0.1566
AT,2024,0.0307,0.7002,0.1179,0.1511
AT,2025,0.0355,0.6382,0.168,0.1583
AT,2026,0.0332,0.5856,0.2316,0.1496
AU,2019,0.0073,0.2697,0.3487,0.3742
AU,2020,0.0048,0.2428,0.3763,0.3762
AU,2021,0.0039,0.2236,0.3996,0.3729
AU,2022,0.003,0.2076,0.4222,0.3672
AU,2023,0.0037,0.1727,0.4738,0.3497
AU,2024,0.0049,0.1462,0.5046,0.3443
AU,2025,0.0048,0.1232,0.5053,0.3667
AU,2026,0.0067,0.1467,0.4595,0.3871
AW,2019,0,0,0.1765,0.8235
AW,2020,0,0,0.1765,0.8235
AW,2021,0,0,0.1765,0.8235
AW,2022,0,0,0.1765,0.8235
AW,2023,0,0,0.1765,0.8235
AW,2024,0,0,0.1765,0.8235
AW,2025,0,0,0.1765,0.8235
AW,2026,0,0,0.1765,0.8235
AZ,2019,0,0.9798,0.0202,0
AZ,2020,0,0.9574,0.0426,0
AZ,2021,0,0.9672,0.0328,0
AZ,2022,0,0.9654,0.0346,0
AZ,2023,0.001,0.9579,0.0382,0.0029
AZ,2024,0,0.9254,0.0746,0
AZ,2025,0,0.9662,0.0338,0
AZ,2026,0,0.6572,0.068,0.2748
BA,2019,0,0.9714,0,0.0286
BA,2020,0,0.9647,0,0.0353
BA,2021,0,0.9459,0.0041,0.05
BA,2022,0,0.9133,0.0196,0.0671
BA,2023,0,0.9408,0.0304,0.0288
BA,2024,0,0.8932,0.0689,0.0379
BA,2025,0,0.8515,0.1115,0.037
BA,2026,0,0.8704,0.1073,0.0223
BB,2019,0,0,1,0
BB,2020,0,0,1,0
BB,2021,0,0,1,0
BB,2022,0,0,1,0
BB,2023,0,0,1,0
BB,2024,0,0,1,0
BB,2025,0,0,1,0
BB,2026,0,0,1,0
BD,2019,0.0438,0.7413,0.0981,0.1169
BD,2020,0.0467,0.7066,0.1247,0.122
BD,2021,0.0505,0.6017,0.1994,0.1484
BD,2022,0.0506,0.5489,0.2478,0.1526
BD,2023,0.0483,0.4588,0.3358,0.1571
BD,2024,0.0443,0.4346,0.3519,0.1691
BD,2025,0.0442,0.3779,0.3994,0.1785
BD,2026,0.0437,0.2999,0.4503,0.2061
BE,2019,0.1622,0.0314,0.2363,0.5701
BE,2020,0.1299,0.0224,0.2313,0.6165
BE,2021,0.1204,0.0162,0.2548,0.6085
BE,2022,0.0988,0.0045,0.3273,0.5695
BE,2023,0.0428,0.0402,0.3052,0.6119
BE,2024,0.0374,0.0803,0.3398,0.5425
BE,2025,0.08,0.0801,0.3732,0.4667
BE,2026,0.0639,0.1237,0.4156,0.3968
BF,2019,0.1338,0.5964,0.2192,0.0506
BF,2020,0.1338,0.5964,0.2192,0.0506
BF,2021,0.1338,0.5964,0.2192,0.0506
BF,2022,0.1338,0.5964,0.2192,0.0506
BF,2023,0.1338,0.5964,0.2192,0.0506
BF,2024,0.1338,0.5964,0.2192,0.0506
BF,2025,0.1338,0.5964,0.2192,0.0506
BF,2026,0.1338,0.5964,0.2192,0.0506
BG,2019,0.0404,0.509,0.2309,0.2196
BG,2020,0.0404,0.4861,0.2345,0.239
BG,2021,0.0288,0.62,0.1776,0.1736
BG,2022,0.0342,0.5335,0.2333,0.199
BG,2023,0.0234,0.3931,0.3897,0.1937
BG,2024,0.0171,0.3193,0.5027,0.1609
BG,2025,0.0138,0.2623,0.5938,0.1302
BG,2026,0.0096,0.3927,0.5109,0.0868
BH,2019,0.0007,0.1088,0.8857,0.0048
BH,2020,0.0007,0.1088,0.8857,0.0048
BH,2021,0.0007,0.1088,0.8857,0.0048
BH,2022,0.0007,0.1088,0.8857,0.0048
BH,2023,0.0007,0.1088,0.8857,0.0048
BH,2024,0.0007,0.1088,0.8857,0.0048
BH,2025,0.0007,0.1088,0.8857,0.0048
BH,2026,0.0007,0.1088,0.8857,0.0048
BI,2019,0.0356,0.9522,0.0046,0.0077
BI,2020,0.0356,0.9522,0.0046,0.0077
BI,2021,0.0356,0.9522,0.0046,0.0077
BI,2022,0.0356,0.9522,0.0046,0.0077
BI,2023,0.0356,0.9522,0.0046,0.0077
BI,2024,0.0356,0.9522,0.0046,0.0077
BI,2025,0.0356,0.9522,0.0046,0.0077
BI,2026,0.0356,0.9522,0.0046,0.0077
BJ,2019,0.0163,0.77,0.107,0.1067
BJ,2020,0.0163,0.77,0.107,0.1067
BJ,2021,0.0163,0.77,0.107,0.1067
BJ,2022,0.0163,0.77,0.107,0.1067
BJ,2023,0.0163,0.77,0.107,0.1067
BJ,2024,0.0163,0.77,0.107,0.1067
BJ,2025,0.0163,0.77,0.107,0.1067
BJ,2026,0.0163,0.77,0.107,0.1067
BM,2019,1,0,0,0
BM,2020,1,0,0,0
BM,2021,1,0,0,0
BM,2022,1,0,0,0
BM,2023,1,0,0,0
BM,2024,1,0,0,0
BM,2025,1,0,0,0
BM,2026,1,0,0,0
BN,2019,NaN,NaN,NaN,NaN
BN,2020,NaN,NaN,NaN,NaN
BN,2021,NaN,NaN,NaN,NaN
BN,2022,NaN,NaN,NaN,NaN
BN,2023,NaN,NaN,NaN,NaN
BN,2024,NaN,NaN,NaN,NaN
BN,2025,NaN,NaN,NaN,NaN
BN,2026,NaN,NaN,NaN,NaN
BO,2019,0.0414,0.895,0.0442,0.0194
BO,2020,0.0385,0.8727,0.071,0.0177
BO,2021,0.0466,0.8368,0.0881,0.0285
BO,2022,0.034,0.7513,0.0943,0.1204
BO,2023,0.0334,0.7083,0.1094,0.1489
BO,2024,0.0263,0.7527,0.0921,0.1289
BO,2025,0.0291,0.8156,0.0849,0.0704
BO,2026,0,0.8411,0.093,0.0658
BR,2019,0.1047,0.7809,0.0127,0.1018
BR,2020,0.1112,0.7663,0.0204,0.1021
BR,2021,0.1108,0.7196,0.0324,0.1372
BR,2022,0.0913,0.7267,0.05,0.132
BR,2023,0.0895,0.6852,0.0802,0.1452
BR,2024,0.0873,0.6417,0.1123,0.1588
BR,2025,0.0826,0.6045,0.1406,0.1723
BR,2026,0.0613,0.66,0.1541,0.1246
BS,2019,NaN,NaN,NaN,NaN
BS,2020,NaN,NaN,NaN,NaN
BS,2021,NaN,NaN,NaN,NaN
BS,2022,NaN,NaN,NaN,NaN
BS,2023,NaN,NaN,NaN,NaN
BS,2024,NaN,NaN,NaN,NaN
BS,2025,NaN,NaN,NaN,NaN
BS,2026,NaN,NaN,NaN,NaN
BT,2019,0,1,0,0
BT,2020,0,1,0,0
BT,2021,0,1,0,0
BT,2022,0,1,0,0
BT,2023,0,1,0,0
BT,2024,0,1,0,0
BT,2025,0,1,0,0
BT,2026,0,1,0,0
BW,2019,0.0162,0.7671,0.1103,0.1063
BW,2020,0.0162,0.7671,0.1103,0.1063
BW,2021,0.0162,0.7671,0.1103,0.1063
BW,2022,0.0162,0.7671,0.1103,0.1063
BW,2023,0.0162,0.7671,0.1103,0.1063
BW,2024,0.0162,0.7671,0.1103,0.1063
BW,2025,0.0162,0.7671,0.1103,0.1063
BW,2026,0.0162,0.7671,0.1103,0.1063
BY,2019,0.0742,0.4601,0.2303,0.2355
BY,2020,0.1133,0.4711,0.1994,0.2162
BY,2021,0.1307,0.4482,0.213,0.2081
BY,2022,0.1131,0.4361,0.2447,0.2061
BY,2023,0.2204,0.3895,0.1996,0.1905
BY,2024,0.1842,0.3986,0.2321,0.1851
BY,2025,0.1364,0.5269,0.0873,0.2495
BY,2026,0.2726,0.3877,0.1155,0.2242
BZ,2019,0.2481,0.6951,0.0244,0.0324
BZ,2020,0.247,0.689,0.0284,0.0356
BZ,2021,0.2475,0.6771,0.0329,0.0425
BZ,2022,0.2388,0.6795,0.0376,0.0441
BZ,2023,0.2384,0.6688,0.0451,0.0476
BZ,2024,0.2384,0.6572,0.0533,0.0511
BZ,2025,0.2361,0.6487,0.0604,0.0549
BZ,2026,0.2329,0.653,0.0649,0.0492
CA,2019,0.0267,0.8901,0.0057,0.0775
CA,2020,0.0237,0.8863,0.0059,0.0841
CA,2021,0.0252,0.8835,0.0064,0.0849
CA,2022,0.0208,0.8837,0.0071,0.0884
CA,2023,0.0214,0.8709,0.0113,0.0964
CA,2024,0.024,0.848,0.0133,0.1147
CA,2025,0.0251,0.836,0.015,0.1238
CA,2026,0.0224,0.8356,0.0137,0.1284
CD,2019,0.001,0.9954,0.0018,0.0017
CD,2020,0.001,0.9954,0.0018,0.0017
CD,2021,0.001,0.9954,0.0018,0.0017
CD,2022,0.001,0.9954,0.0018,0.0017
CD,2023,0.001,0.9954,0.0018,0.0017
CD,2024,0.001,0.9954,0.0018,0.0017
CD,2025,0.001,0.9954,0.0018,0.0017
CD,2026,0.001,0.9954,0.0018,0.0017
CF,2019,0,1,0,0
CF,2020,0,1,0,0
CF,2021,0,1,0,0
CF,2022,0,1,0,0
CF,2023,0,1,0,0
CF,2024,0,1,0,0
CF,2025,0,1,0,0
CF,2026,0,1,0,0
CG,2019,0.0277,0.9723,0,0
CG,2020,0.0277,0.9723,0,0
CG,2021,0.0277,0.9723,0,0
CG,2022,0.0277,0.9723,0,0
CG,2023,0.0277,0.9723,0,0
CG,2024,0.0277,0.9723,0,0
CG,2025,0.0277,0.9723,0,0
CG,2026,0.0277,0.9723,0,0
CH,2019,0.0022,0.9356,0.0503,0.0119
CH,2020,0.0018,0.9263,0.0598,0.0121
CH,2021,0.0051,0.9028,0.0696,0.0225
CH,2022,0.005,0.864,0.1051,0.0258
CH,2023,0.0016,0.8826,0.1039,0.0119
CH,2024,0.0006,0.8881,0.1044,0.0069
CH,2025,0.004,0.7996,0.1739,0.0225
CH,2026,0.0047,0.7174,0.2498,0.0281
CI,2019,0.0199,0.9773,0.0027,0
CI,2020,0.0199,0.9773,0.0027,0
CI,2021,0.0199,0.9773,0.0027,0
CI,2022,0.0199,0.9773,0.0027,0
CI,2023,0.0199,0.9773,0.0027,0
CI,2024,0.0199,0.9773,0.0027,0
CI,2025,0.0199,0.9773,0.0027,0
CI,2026,0.0199,0.9773,0.0027,0
CK,2019,0,0,1,0
CK,2020,0,0,1,0
CK,2021,0,0,1,0
CK,2022,0,0,1,0
CK,2023,0,0,1,0
CK,2024,0,0,1,0
CK,2025,0,0,1,0
CK,2026,0,0,1,0
CL,2019,0.0538,0.6156,0.1887,0.1419
CL,2020,0.0529,0.5778,0.2139,0.1554
CL,2021,0.0553,0.4513,0.2951,0.1983
CL,2022,0.0421,0.4454,0.3186,0.194
CL,2023,0.0373,0.456,0.3184,0.1882
CL,2024,0.0329,0.4597,0.3199,0.1874
CL,2025,0.0353,0.3724,0.3737,0.2186
CL,2026,0.0376,0.2949,0.4347,0.2328
CM,2019,0.0078,0.9879,0.004,0.0002
CM,2020,0.0078,0.9879,0.004,0.0002
CM,2021,0.0078,0.9879,0.004,0.0002
CM,2022,0.0078,0.9879,0.004,0.0002
CM,2023,0.0078,0.9879,0.004,0.0002
CM,2024,0.0078,0.9879,0.004,0.0002
CM,2025,0.0078,0.9879,0.004,0.0002
CM,2026,0.0078,0.9879,0.004,0.0002
CN,2019,0.0583,0.6098,0.1182,0.2137
CN,2020,0.0639,0.5854,0.1256,0.225
CN,2021,0.0693,0.511,0.1398,0.2799
CN,2022,0.0691,0.4695,0.1657,0.2958
CN,2023,0.0685,0.4097,0.2074,0.3145
CN,2024,0.0612,0.3869,0.2521,0.2997
CN,2025,0.0525,0.3455,0.3062,0.2957
CN,2026,0.0474,0.2937,0.35,0.3089
CO,2019,0.0138,0.9806,0.0025,0.0031
CO,2020,0.0151,0.9789,0.0045,0.0015
CO,2021,0.0132,0.9798,0.0055,0.0015
CO,2022,0.0121,0.9791,0.0077,0.0012
CO,2023,0.0135,0.9625,0.0198,0.0042
CO,2024,0.0148,0.9266,0.0561,0.0026
CO,2025,0.013,0.9241,0.0607,0.0022
CO,2026,0.0155,0.9103,0.0711,0.0031
CR,2019,0.0082,0.8087,0.0004,0.1826
CR,2020,0.0067,0.8425,0.0003,0.1505
CR,2021,0.0076,0.8465,0,0.1459
CR,2022,0.0069,0.8623,0,0.1308
CR,2023,0.0065,0.8424,0.0021,0.1491
CR,2024,0.0063,0.864,0.0024,0.1273
CR,2025,0.0048,0.861,0.0012,0.1331
CR,2026,0.0059,0.8248,0.0018,0.1676
CU,2019,0.5837,0.1581,0.2349,0.0233
CU,2020,0.5837,0.1581,0.2349,0.0233
CU,2021,0.5837,0.1581,0.2349,0.0233
CU,2022,0.5837,0.1581,0.2349,0.0233
CU,2023,0.5837,0.1581,0.2349,0.0233
CU,2024,0.5837,0.1581,0.2349,0.0233
CU,2025,0.5837,0.1581,0.2349,0.0233
CU,2026,0.5837,0.1581,0.2349,0.0233
CV,2019,0,0,0.1249,0.8751
CV,2020,0,0,0.1249,0.8751
CV,2021,0,0,0.1249,0.8751
CV,2022,0,0,0.1249,0.8751
CV,2023,0,0,0.1249,0.8751
CV,2024,0,0,0.1249,0.8751
CV,2025,0,0,0.1249,0.8751
CV,2026,0,0,0.1249,0.8751
CY,2019,0,0,0.4827,0.5173
CY,2020,0.04,0,0.5467,0.4133
CY,2021,0.011,0,0.6593,0.3297
CY,2022,0,0,0.7307,0.2693
CY,2023,0,0,0.8076,0.1924
CY,2024,0,0,0.8365,0.1635
CY,2025,0,0,0.8641,0.1359
CY,2026,0,0,0.8281,0.1719
CZ,2019,0.2857,0.2805,0.3323,0.1015
CZ,2020,0.3197,0.2846,0.2973,0.0984
CZ,2021,0.3213,0.3171,0.2836,0.0779
CZ,2022,0.3217,0.2736,0.3159,0.0888
CZ,2023,0.2741,0.288,0.3474,0.0905
CZ,2024,0.2367,0.271,0.418,0.0743
CZ,2025,0.29,0.1669,0.4786,0.0645
CZ,2026,0.2457,0.1285,0.567,0.0589
DE,2019,0.1829,0.0881,0.1978,0.5313
DE,2020,0.1783,0.0802,0.2067,0.5348
DE,2021,0.1856,0.0894,0.2247,0.5003
DE,2022,0.1806,0.072,0.2499,0.4975
DE,2023,0.1586,0.0871,0.2434,0.5109
DE,2024,0.1481,0.0967,0.2644,0.4908
DE,2025,0.1447,0.074,0.3145,0.4668
DE,2026,0.131,0.0631,0.4036,0.4023
DJ,2019,0.017,0.8053,0.0661,0.1116
DJ,2020,0.017,0.8053,0.0661,0.1116
DJ,2021,0.017,0.8053,0.0661,0.1116
DJ,2022,0.017,0.8053,0.0661,0.1116
DJ,2023,0.017,0.8053,0.0661,0.1116
DJ,2024,0.017,0.8053,0.0661,0.1116
DJ,2025,0.017,0.8053,0.0661,0.1116
DJ,2026,0.017,0.8053,0.0661,0.1116
DK,2019,0.1705,0.0486,0.0547,0.7262
DK,2020,0.1395,0.0602,0.069,0.7313
DK,2021,0.2081,0.0365,0.0695,0.6858
DK,2022,0.1599,0.0183,0.0906,0.7312
DK,2023,0.1389,0.0233,0.1269,0.7109
DK,2024,0.1375,0.0248,0.1361,0.7017
DK,2025,0.1476,0.0384,0.1621,0.6519
DK,2026,0.1528,0.0466,0.2175,0.5831
DM,2019,0,1,0,0
DM,2020,0,1,0,0
DM,2021,0,1,0,0
DM,2022,0,1,0,0
DM,2023,0,1,0,0
DM,2024,0,1,0,0
DM,2025,0,1,0,0
DM,2026,0,1,0,0
DO,2019,0.0789,0.4869,0.1386,0.2956
DO,2020,0.0789,0.4869,0.1386,0.2956
DO,2021,0.0789,0.4869,0.1386,0.2956
DO,2022,0.0775,0.4859,0.1421,0.2946
DO,2023,0.0579,0.3168,0.3113,0.314
DO,2024,0.0524,0.3524,0.3476,0.2476
DO,2025,0.0413,0.3051,0.4252,0.2283
DO,2026,0.0499,0.3,0.3999,0.2501
DZ,2019,0,0.1698,0.8208,0.0094
DZ,2020,0,0.1698,0.8208,0.0094
DZ,2021,0,0.1698,0.8208,0.0094
DZ,2022,0,0.1698,0.8208,0.0094
DZ,2023,0,0.1698,0.8208,0.0094
DZ,2024,0,0.1698,0.8208,0.0094
DZ,2025,0,0.1698,0.8208,0.0094
DZ,2026,0,0.1698,0.8208,0.0094
EC,2019,0.0182,0.9782,0,0.0036
EC,2020,0.0189,0.9766,0.0003,0.0043
EC,2021,0.0159,0.9802,0.0005,0.0035
EC,2022,0.0157,0.9795,0.0009,0.0039
EC,2023,0.0149,0.9706,0.0028,0.0117
EC,2024,0.022,0.9595,0.004,0.0145
EC,2025,0.0148,0.9751,0.0019,0.0082
EC,2026,0.0019,0.9896,0.0021,0.0065
EE,2019,0.3151,0.1966,0.0375,0.4508
EE,2020,0.2351,0.2301,0.0868,0.448
EE,2021,0.2228,0.1849,0.1681,0.4243
EE,2022,0.328,0.0688,0.2532,0.35
EE,2023,0.181,0.1706,0.2727,0.3757
EE,2024,0.1394,0.1363,0.3069,0.4175
EE,2025,0.1278,0.1209,0.3389,0.4124
EE,2026,0.1242,0.1307,0.3938,0.3513
EG,2019,0,0.7362,0.0605,0.2032
EG,2020,0,0.6093,0.1992,0.1916
EG,2021,0,0.5689,0.2072,0.2239
EG,2022,0.0046,0.5721,0.1903,0.233
EG,2023,0.0023,0.5795,0.201,0.2172
EG,2024,0.0043,0.5565,0.204,0.2352
EG,2025,0.0036,0.4882,0.2169,0.2913
EG,2026,0.0042,0.5673,0.1786,0.25
ER,2019,0,0,1,0
ER,2020,0,0,1,0
ER,2021,0,0,1,0
ER,2022,0,0,1,0
ER,2023,0,0,1,0
ER,2024,0,0,1,0
ER,2025,0,0,1,0
ER,2026,0,0,1,0
ES,2019,0.0316,0.2826,0.1486,0.5372
ES,2020,0.0355,0.3079,0.1792,0.4773
ES,2021,0.0347,0.2729,0.2096,0.4827
ES,2022,0.0345,0.1877,0.2729,0.5049
ES,2023,0.0234,0.1837,0.3319,0.4611
ES,2024,0.0232,0.2149,0.364,0.3979
ES,2025,0.0249,0.204,0.3963,0.3749
ES,2026,0.0231,0.2047,0.4254,0.3468
ET,2019,0.002,0.9412,0.0013,0.0555
ET,2020,0.002,0.9412,0.0013,0.0555
ET,2021,0.002,0.9412,0.0013,0.0555
ET,2022,0.002,0.9412,0.0013,0.0555
ET,2023,0.002,0.9412,0.0013,0.0555
ET,2024,0.002,0.9412,0.0013,0.0555
ET,2025,0.002,0.9412,0.0013,0.0555
ET,2026,0.002,0.9412,0.0013,0.0555
FI,2019,0.3457,0.4292,0.0209,0.2042
FI,2020,0.268,0.4816,0.0227,0.2277
FI,2021,0.2967,0.4471,0.0256,0.2305
FI,2022,0.3029,0.3719,0.0241,0.301
FI,2023,0.2569,0.378,0.0176,0.3475
FI,2024,0.2099,0.3287,0.0272,0.4342
FI,2025,0.2056,0.2868,0.0336,0.474
FI,2026,0.2416,0.2703,0.0437,0.4444
FJ,2019,0.1363,0.8485,0.0152,0
FJ,2020,0.1363,0.8485,0.0152,0
FJ,2021,0.1363,0.8485,0.0152,0
FJ,2022,0.1363,0.8485,0.0152,0
FJ,2023,0.1363,0.8485,0.0152,0
FJ,2024,0.1363,0.8485,0.0152,0
FJ,2025,0.1363,0.8485,0.0152,0
FJ,2026,0.1363,0.8485,0.0152,0
FK,2019,NaN,NaN,NaN,NaN
FK,2020,NaN,NaN,NaN,NaN
FK,2021,NaN,NaN,NaN,NaN
FK,2022,NaN,NaN,NaN,NaN
FK,2023,NaN,NaN,NaN,NaN
FK,2024,NaN,NaN,NaN,NaN
FK,2025,NaN,NaN,NaN,NaN
FK,2026,NaN,NaN,NaN,NaN
FO,2019,0,0.6667,0,0.3333
FO,2020,0,0.6667,0,0.3333
FO,2021,0,0.6667,0,0.3333
FO,2022,0,0.6667,0,0.3333
FO,2023,0,0.6667,0,0.3333
FO,2024,0,0.6667,0,0.3333
FO,2025,0,0.6667,0,0.3333
FO,2026,0,0.6667,0,0.3333
FR,2019,0.0301,0.5353,0.11,0.3246
FR,2020,0.0262,0.5221,0.111,0.3407
FR,2021,0.0293,0.5192,0.122,0.3296
FR,2022,0.0381,0.4254,0.177,0.3595
FR,2023,0.0263,0.4094,0.1717,0.3927
FR,2024,0.0227,0.4668,0.1691,0.3414
FR,2025,0.0203,0.39,0.2245,0.3653
FR,2026,0.0222,0.3723,0.2717,0.3339
GA,2019,0.0082,0.9786,0.0049,0.0083
GA,2020,0.0082,0.9786,0.0049,0.0083
GA,2021,0.0082,0.9786,0.0049,0.0083
GA,2022,0.0082,0.9786,0.0049,0.0083
GA,2023,0.0082,0.9786,0.0049,0.0083
GA,2024,0.0082,0.9786,0.0049,0.0083
GA,2025,0.0082,0.9786,0.0049,0.0083
GA,2026,0.0082,0.9786,0.0049,0.0083
GB,2019,0.1779,0.0713,0.1231,0.6277
GB,2020,0.1635,0.0675,0.1122,0.6568
GB,2021,0.1908,0.0729,0.1187,0.6177
GB,2022,0.138,0.0394,0.1151,0.7076
GB,2023,0.1197,0.0623,0.117,0.701
GB,2024,0.1506,0.0741,0.1268,0.6485
GB,2025,0.1511,0.0595,0.1549,0.6346
GB,2026,0.128,0.0567,0.1894,0.6259
GD,2019,NaN,NaN,NaN,NaN
GD,2020,NaN,NaN,NaN,NaN
GD,2021,NaN,NaN,NaN,NaN
GD,2022,NaN,NaN,NaN,NaN
GD,2023,NaN,NaN,NaN,NaN
GD,2024,NaN,NaN,NaN,NaN
GD,2025,NaN,NaN,NaN,NaN
GD,2026,NaN,NaN,NaN,NaN
GE,2019,0.0028,0.9722,0.0051,0.0199
GE,2020,0.003,0.9703,0.0053,0.0214
GE,2021,0.0039,0.9658,0.0075,0.0228
GE,2022,0.0033,0.9697,0.0066,0.0203
GE,2023,0.0019,0.9764,0.0044,0.0173
GE,2024,0.0022,0.9729,0.0068,0.0181
GE,2025,0.003,0.9632,0.0122,0.0215
GE,2026,0.0031,0.9604,0.0142,0.0224
GF,2019,0.0212,0.8724,0.1063,0
GF,2020,0.0212,0.8724,0.1063,0
GF,2021,0.0212,0.8724,0.1063,0
GF,2022,0.0212,0.8724,0.1063,0
GF,2023,0.0212,0.8724,0.1063,0
GF,2024,0.0212,0.8724,0.1063,0
GF,2025,0.0212,0.8724,0.1063,0
GF,2026,0.0212,0.8724,0.1063,0
GH,2019,0.0028,0.9903,0.0069,0
GH,2020,0.0028,0.9903,0.0069,0
GH,2021,0.0028,0.9903,0.0069,0
GH,2022,0.0028,0.9903,0.0069,0
GH,2023,0.0028,0.9903,0.0069,0
GH,2024,0.0028,0.9903,0.0069,0
GH,2025,0.0028,0.9903,0.0069,0
GH,2026,0.0028,0.9903,0.0069,0
GI,2019,NaN,NaN,NaN,NaN
GI,2020,NaN,NaN,NaN,NaN
GI,2021,NaN,NaN,NaN,NaN
GI,2022,NaN,NaN,NaN,NaN
GI,2023,NaN,NaN,NaN,NaN
GI,2024,NaN,NaN,NaN,NaN
GI,2025,NaN,NaN,NaN,NaN
GI,2026,NaN,NaN,NaN,NaN
GL,2019,0,1,0,0
GL,2020,0,1,0,0
GL,2021,0,1,0,0
GL,2022,0,1,0,0
GL,2023,0,1,0,0
GL,2024,0,1,0,0
GL,2025,0,1,0,0
GL,2026,0,1,0,0
GM,2019,NaN,NaN,NaN,NaN
GM,2020,NaN,NaN,NaN,NaN
GM,2021,NaN,NaN,NaN,NaN
GM,2022,NaN,NaN,NaN,NaN
GM,2023,NaN,NaN,NaN,NaN
GM,2024,NaN,NaN,NaN,NaN
GM,2025,NaN,NaN,NaN,NaN
GM,2026,NaN,NaN,NaN,NaN
GN,2019,0,0.9847,0.0153,0
GN,2020,0,0.9847,0.0153,0
GN,2021,0,0.9847,0.0153,0
GN,2022,0,0.9847,0.0153,0
GN,2023,0,0.9847,0.0153,0
GN,2024,0,0.9847,0.0153,0
GN,2025,0,0.9847,0.0153,0
GN,2026,0,0.9847,0.0153,0
GP,2019,0.2308,0.1541,0.3843,0.2308
GP,2020,0.2308,0.1541,0.3843,0.2308
GP,2021,0.2308,0.1541,0.3843,0.2308
GP,2022,0.2308,0.1541,0.3843,0.2308
GP,2023,0.2308,0.1541,0.3843,0.2308
GP,2024,0.2308,0.1541,0.3843,0.2308
GP,2025,0.2308,0.1541,0.3843,0.2308
GP,2026,0.2308,0.1541,0.3843,0.2308
GQ,2019,0,1,0,0
GQ,2020,0,1,0,0
GQ,2021,0,1,0,0
GQ,2022,0,1,0,0
GQ,2023,0,1,0,0
GQ,2024,0,1,0,0
GQ,2025,0,1,0,0
GQ,2026,0,1,0,0
GR,2019,0.0178,0.2968,0.253,0.4323
GR,2020,0.0152,0.2392,0.2536,0.492
GR,2021,0.0062,0.2724,0.2386,0.4828
GR,2022,0.0067,0.2033,0.2921,0.4979
GR,2023,0.0062,0.1821,0.3811,0.4306
GR,2024,0.0014,0.1143,0.4488,0.4355
GR,2025,0.0007,0.1042,0.4697,0.4255
GR,2026,0,0.1801,0.4163,0.4036
GT,2019,0.3551,0.5731,0.0295,0.0423
GT,2020,0.3551,0.5731,0.0295,0.0423
GT,2021,0.3551,0.5731,0.0295,0.0423
GT,2022,0.3551,0.5731,0.0295,0.0423
GT,2023,0.3551,0.5731,0.0295,0.0423
GT,2024,0.3551,0.5731,0.0295,0.0423
GT,2025,0.3551,0.5731,0.0295,0.0423
GT,2026,0.3551,0.5731,0.0295,0.0423
GU,2019,0,0,1,0
GU,2020,0,0,1,0
GU,2021,0,0,1,0
GU,2022,0,0,1,0
GU,2023,0,0,1,0
GU,2024,0,0,1,0
GU,2025,0,0,1,0
GU,2026,0,0,1,0
GW,2019,NaN,NaN,NaN,NaN
GW,2020,NaN,NaN,NaN,NaN
GW,2021,NaN,NaN,NaN,NaN
GW,2022,NaN,NaN,NaN,NaN
GW,2023,NaN,NaN,NaN,NaN
GW,2024,NaN,NaN,NaN,NaN
GW,2025,NaN,NaN,NaN,NaN
GW,2026,NaN,NaN,NaN,NaN
GY,2019,0.5,0,0.5,0
GY,2020,0.5,0,0.5,0
GY,2021,0.5,0,0.5,0
GY,2022,0.5,0,0.5,0
GY,2023,0.5,0,0.5,0
GY,2024,0.5,0,0.5,0
GY,2025,0.5,0,0.5,0
GY,2026,0.5,0,0.5,0
HK,2019,0.1127,0.5829,0.133,0.1714
HK,2020,0.1133,0.5611,0.1475,0.1781
HK,2021,0.1173,0.5016,0.1649,0.2162
HK,2022,0.1164,0.4696,0.1879,0.226
HK,2023,0.1171,0.4132,0.2227,0.2471
HK,2024,0.1068,0.3957,0.2577,0.2398
HK,2025,0.0952,0.3595,0.3038,0.2415
HK,2026,0.0896,0.3037,0.3558,0.2509
HN,2019,0.1788,0.4641,0.2051,0.1521
HN,2020,0.1787,0.4638,0.2052,0.1522
HN,2021,0.1787,0.4627,0.2057,0.1529
HN,2022,0.1782,0.4635,0.2056,0.1527
HN,2023,0.1782,0.4626,0.2062,0.153
HN,2024,0.1782,0.4616,0.2069,0.1533
HN,2025,0.178,0.461,0.2074,0.1535
HN,2026,0.1778,0.4614,0.2078,0.153
HR,2019,0.065,0.6851,0.0331,0.2169
HR,2020,0.0708,0.6457,0.034,0.2496
HR,2021,0.0687,0.6665,0.0298,0.235
HR,2022,0.0846,0.5614,0.0516,0.3024
HR,2023,0.0595,0.6414,0.0516,0.2475
HR,2024,0.0632,0.55,0.112,0.2748
HR,2025,0.0636,0.4597,0.1592,0.3175
HR,2026,0.0659,0.4978,0.1519,0.2844
HT,2019,0,1,0,0
HT,2020,0,1,0,0
HT,2021,0,1,0,0
HT,2022,0,1,0,0
HT,2023,0,1,0,0
HT,2024,0,1,0,0
HT,2025,0,1,0,0
HT,2026,0,1,0,0
HU,2019,0.1793,0.3178,0.2484,0.2545
HU,2020,0.1609,0.2781,0.3364,0.2245
HU,2021,0.1476,0.2316,0.4303,0.1905
HU,2022,0.1386,0.1869,0.4905,0.184
HU,2023,0.0845,0.168,0.5817,0.1658
HU,2024,0.0804,0.1388,0.6442,0.1367
HU,2025,0.1041,0.0997,0.6911,0.1052
HU,2026,0.0803,0.0852,0.7496,0.0848
ID,2019,0.3557,0.6236,0.0049,0.0158
ID,2020,0.3555,0.6233,0.0052,0.016
ID,2021,0.3555,0.6225,0.0055,0.0165
ID,2022,0.3553,0.622,0.0059,0.0168
ID,2023,0.3552,0.6212,0.0064,0.0172
ID,2024,0.3548,0.6207,0.0072,0.0173
ID,2025,0.3542,0.6197,0.0083,0.0177
ID,2026,0.354,0.6186,0.0094,0.018
IE,2019,0.009,0.1257,0.0097,0.8556
IE,2020,0.0081,0.1174,0.0102,0.8643
IE,2021,0.0088,0.1119,0.0127,0.8666
IE,2022,0.007,0.0867,0.0119,0.8945
IE,2023,0.008,0.1131,0.0449,0.834
IE,2024,0.0395,0.1118,0.0736,0.7751
IE,2025,0.0409,0.1072,0.1072,0.7448
IE,2026,0.0432,0.1115,0.1511,0.6942
IL,2019,0.0311,0,0.9149,0.0539
IL,2020,0.0311,0,0.9149,0.0539
IL,2021,0.0311,0,0.9149,0.0539
IL,2022,0.0311,0,0.9149,0.0539
IL,2023,0.0311,0,0.9149,0.0539
IL,2024,0.0311,0,0.9149,0.0539
IL,2025,0.0311,0,0.9149,0.0539
IL,2026,0.0311,0,0.9149,0.0539
IN,2019,0.0513,0.5632,0.1654,0.2202
IN,2020,0.0478,0.5427,0.209,0.2006
IN,2021,0.048,0.5018,0.2368,0.2133
IN,2022,0.0445,0.476,0.2885,0.1909
IN,2023,0.0401,0.401,0.3377,0.2212
IN,2024,0.0333,0.3863,0.3785,0.2019
IN,2025,0.0285,0.354,0.4101,0.2074
IN,2026,0.024,0.2511,0.5309,0.1941
IQ,2019,0.0002,0.977,0.021,0.0017
IQ,2020,0.0002,0.977,0.021,0.0017
IQ,2021,0.0002,0.977,0.021,0.0017
IQ,2022,0.0002,0.977,0.021,0.0017
IQ,2023,0.0002,0.977,0.021,0.0017
IQ,2024,0.0002,0.977,0.021,0.0017
IQ,2025,0.0002,0.977,0.021,0.0017
IQ,2026,0.0002,0.977,0.021,0.0017
IR,2019,0,1,0,0
IR,2020,0,1,0,0
IR,2021,0,0.9997,0.0003,0
IR,2022,0,0.9997,0.0002,0
IR,2023,0,0.9999,0,0
IR,2024,0,1,0,0
IR,2025,0,0.9993,0.0006,0.0001
IR,2026,0,0.9992,0.0007,0.0001
IS,2019,0,0.9993,0,0.0007
IS,2020,0,0.9993,0,0.0007
IS,2021,0,0.9993,0,0.0007
IS,2022,0,0.9993,0,0.0007
IS,2023,0,0.9993,0,0.0007
IS,2024,0,0.9993,0,0.0007
IS,2025,0,0.9993,0,0.0007
IS,2026,0,0.9993,0,0.0007
IT,2019,0.1597,0.4372,0.2055,0.1976
IT,2020,0.1594,0.439,0.2146,0.187
IT,2021,0.1533,0.4271,0.2159,0.2037
IT,2022,0.1614,0.3268,0.2785,0.2333
IT,2023,0.1294,0.3721,0.264,0.2344
IT,2024,0.1125,0.4227,0.2686,0.1961
IT,2025,0.1056,0.3507,0.3483,0.1953
IT,2026,0.0984,0.3203,0.4013,0.18
JM,2019,0.1187,0.2712,0.1525,0.4575
JM,2020,0.1187,0.2712,0.1525,0.4575
JM,2021,0.1187,0.2712,0.1525,0.4575
JM,2022,0.1187,0.2712,0.1525,0.4575
JM,2023,0.1187,0.2712,0.1525,0.4575
JM,2024,0.1187,0.2712,0.1525,0.4575
JM,2025,0.1187,0.2712,0.1525,0.4575
JM,2026,0.1187,0.2712,0.1525,0.4575
JO,2019,0,0.0084,0.6946,0.297
JO,2020,0,0.0084,0.6946,0.297
JO,2021,0,0.0084,0.6946,0.297
JO,2022,0,0.0084,0.6946,0.297
JO,2023,0,0.0084,0.6946,0.297
JO,2024,0,0.0084,0.6946,0.297
JO,2025,0,0.0084,0.6946,0.297
JO,2026,0,0.0084,0.6946,0.297
JP,2019,0.1369,0.4341,0.3828,0.0462
JP,2020,0.1537,0.4153,0.3841,0.0469
JP,2021,0.1849,0.378,0.3924,0.0447
JP,2022,0.2111,0.3373,0.4082,0.0435
JP,2023,0.2322,0.3106,0.4121,0.0451
JP,2024,0.2407,0.3157,0.3953,0.0483
JP,2025,0.2705,0.28,0.3976,0.0518
JP,2026,0.2764,0.2082,0.429,0.0864
KE,2019,0.0279,0.6393,0.0243,0.3084
KE,2020,0.0189,0.7306,0.0208,0.2298
KE,2021,0.0282,0.6142,0.0303,0.3274
KE,2022,0.0379,0.5262,0.0659,0.37
KE,2023,0.0348,0.5088,0.0904,0.366
KE,2024,0.0396,0.5995,0.0745,0.2864
KE,2025,0.056,0.5688,0.0722,0.303
KE,2026,0.0458,0.5861,0.0813,0.2869
KG,2019,0.0003,0.9986,0.0005,0.0007
KG,2020,0.0004,0.998,0.0006,0.001
KG,2021,0.0008,0.995,0.0017,0.0025
KG,2022,0.0021,0.9859,0.005,0.007
KG,2023,0.002,0.9873,0.0045,0.0062
KG,2024,0.0024,0.9817,0.0079,0.008
KG,2025,0.0018,0.9823,0.0088,0.0071
KG,2026,0.0018,0.9798,0.0108,0.0077
KH,2019,0.0281,0.9092,0.0373,0.0255
KH,2020,0.0289,0.9028,0.0404,0.0278
KH,2021,0.03,0.8915,0.0437,0.0347
KH,2022,0.0308,0.882,0.0489,0.0383
KH,2023,0.0311,0.8713,0.0552,0.0424
KH,2024,0.0304,0.8617,0.064,0.0439
KH,2025,0.0295,0.8461,0.0766,0.0478
KH,2026,0.0289,0.8307,0.0891,0.0513
KI,2019,0,0,1,0
KI,2020,0,0,1,0
KI,2021,0,0,1,0
KI,2022,0,0,1,0
KI,2023,0,0,1,0
KI,2024,0,0,1,0
KI,2025,0,0,1,0
KI,2026,0,0,1,0
KM,2019,NaN,NaN,NaN,NaN
KM,2020,NaN,NaN,NaN,NaN
KM,2021,NaN,NaN,NaN,NaN
KM,2022,NaN,NaN,NaN,NaN
KM,2023,NaN,NaN,NaN,NaN
KM,2024,NaN,NaN,NaN,NaN
KM,2025,NaN,NaN,NaN,NaN
KM,2026,NaN,NaN,NaN,NaN
KN,2019,0,0,0,1
KN,2020,0,0,0,1
KN,2021,0,0,0,1
KN,2022,0,0,0,1
KN,2023,0,0,0,1
KN,2024,0,0,0,1
KN,2025,0,0,0,1
KN,2026,0,0,0,1
KP,2019,0,0.9927,0.0073,0
KP,2020,0,0.9927,0.0073,0
KP,2021,0,0.9927,0.0073,0
KP,2022,0,0.9927,0.0073,0
KP,2023,0,0.9927,0.0073,0
KP,2024,0,0.9927,0.0073,0
KP,2025,0,0.9927,0.0073,0
KP,2026,0,0.9927,0.0073,0
KR,2019,0.311,0.1108,0.471,0.1072
KR,2020,0.2179,0.1331,0.5444,0.1045
KR,2021,0.2191,0.085,0.6079,0.088
KR,2022,0.2527,0.0784,0.5951,0.0738
KR,2023,0.256,0.0755,0.5991,0.0694
KR,2024,0.2363,0.0813,0.6185,0.0639
KR,2025,0.2074,0.0667,0.6618,0.064
KR,2026,0.1797,0.0428,0.7164,0.0612
KW,2019,NaN,NaN,NaN,NaN
KW,2020,NaN,NaN,NaN,NaN
KW,2021,NaN,NaN,NaN,NaN
KW,2022,NaN,NaN,NaN,NaN
KW,2023,NaN,NaN,NaN,NaN
KW,2024,NaN,NaN,NaN,NaN
KW,2025,NaN,NaN,NaN,NaN
KW,2026,NaN,NaN,NaN,NaN
KY,2019,0,0,1,0
KY,2020,0,0,1,0
KY,2021,0,0,1,0
KY,2022,0,0,1,0
KY,2023,0,0,1,0
KY,2024,0,0,1,0
KY,2025,0,0,1,0
KY,2026,0,0,1,0
KZ,2019,0,0.9,0.036,0.0639
KZ,2020,0,0.803,0.1045,0.0925
KZ,2021,0,0.7275,0.1328,0.1397
KZ,2022,0,0.6892,0.1313,0.1794
KZ,2023,0,0.6068,0.1304,0.2628
KZ,2024,0,0.6372,0.1089,0.254
KZ,2025,0,0.5837,0.1161,0.3002
KZ,2026,0,0.441,0.1245,0.4345
LA,2019,0.0025,0.9954,0.002,0
LA,2020,0.0025,0.9954,0.002,0
LA,2021,0.0025,0.9954,0.002,0
LA,2022,0.0025,0.9954,0.002,0
LA,2023,0.0025,0.9954,0.002,0
LA,2024,0.0025,0.9954,0.002,0
LA,2025,0.0025,0.9954,0.002,0
LA,2026,0.0025,0.9954,0.002,0
LB,2019,0.0269,0.8555,0.108,0.0097
LB,2020,0.0269,0.8555,0.108,0.0097
LB,2021,0.0269,0.8555,0.108,0.0097
LB,2022,0.0269,0.8555,0.108,0.0097
LB,2023,0.0269,0.8555,0.108,0.0097
LB,2024,0.0269,0.8555,0.108,0.0097
LB,2025,0.0269,0.8555,0.108,0.0097
LB,2026,0.0269,0.8555,0.108,0.0097
LC,2019,0,0,1,0
LC,2020,0,0,1,0
LC,2021,0,0,1,0
LC,2022,0,0,1,0
LC,2023,0,0,1,0
LC,2024,0,0,1,0
LC,2025,0,0,1,0
LC,2026,0,0,1,0
LK,2019,0,0.7057,0.1565,0.1378
LK,2020,0.0346,0.6811,0.1525,0.1317
LK,2021,0.0443,0.6581,0.1342,0.1633
LK,2022,0.0243,0.6468,0.162,0.1669
LK,2023,0.0269,0.589,0.1895,0.1946
LK,2024,0.0324,0.5949,0.1808,0.192
LK,2025,0.0361,0.5663,0.1928,0.2048
LK,2026,0.0361,0.5663,0.1928,0.2048
LR,2019,0,1,0,0
LR,2020,0,1,0,0
LR,2021,0,1,0,0
LR,2022,0,1,0,0
LR,2023,0,1,0,0
LR,2024,0,1,0,0
LR,2025,0,1,0,0
LR,2026,0,1,0,0
LS,2019,0.0037,0.9578,0.0143,0.0242
LS,2020,0.0037,0.9578,0.0143,0.0242
LS,2021,0.0037,0.9578,0.0143,0.0242
LS,2022,0.0037,0.9578,0.0143,0.0242
LS,2023,0.0037,0.9578,0.0143,0.0242
LS,2024,0.0037,0.9578,0.0143,0.0242
LS,2025,0.0037,0.9578,0.0143,0.0242
LS,2026,0.0037,0.9578,0.0143,0.0242
LT,2019,0.1292,0.3687,0.0689,0.4333
LT,2020,0.1267,0.3375,0.0717,0.4642
LT,2021,0.13,0.3631,0.09,0.4169
LT,2022,0.1123,0.3107,0.1404,0.4365
LT,2023,0.0721,0.2526,0.1685,0.5068
LT,2024,0.0513,0.1846,0.236,0.5281
LT,2025,0.0335,0.1198,0.2616,0.5851
LT,2026,0.0235,0.0857,0.3524,0.5384
LU,2019,0.1488,0.388,0.1303,0.333
LU,2020,0.1644,0.3507,0.132,0.3529
LU,2021,0.1845,0.3445,0.1525,0.3185
LU,2022,0.187,0.2889,0.196,0.3281
LU,2023,0.1063,0.29,0.2017,0.402
LU,2024,0.1377,0.2933,0.2197,0.3493
LU,2025,0.1299,0.2422,0.2794,0.3485
LU,2026,0.0842,0.2422,0.3518,0.3217
LV,2019,0.1956,0.7135,0.0129,0.078
LV,2020,0.1522,0.7501,0.0186,0.0791
LV,2021,0.147,0.7508,0.024,0.0782
LV,2022,0.1007,0.7506,0.0407,0.108
LV,2023,0.0582,0.7754,0.0656,0.1007
LV,2024,0.0896,0.6789,0.1239,0.1075
LV,2025,0.0912,0.6572,0.1687,0.0829
LV,2026,0.061,0.5083,0.3744,0.0562
LY,2019,0.016,0.755,0.1244,0.1046
LY,2020,0.016,0.755,0.1244,0.1046
LY,2021,0.016,0.755,0.1244,0.1046
LY,2022,0.016,0.755,0.1244,0.1046
LY,2023,0.016,0.755,0.1244,0.1046
LY,2024,0.016,0.755,0.1244,0.1046
LY,2025,0.016,0.755,0.1244,0.1046
LY,2026,0.016,0.755,0.1244,0.1046
MA,2019,0,0.2127,0.2025,0.5848
MA,2020,0.0001,0.1829,0.2052,0.6117
MA,2021,0.0001,0.1501,0.2216,0.6282
MA,2022,0.0007,0.1198,0.1932,0.6864
MA,2023,0.0007,0.0868,0.229,0.6836
MA,2024,0.0007,0.0908,0.138,0.7704
MA,2025,0.001,0.114,0.1514,0.7335
MA,2026,0.0011,0.1818,0.1263,0.6908
MD,2019,0.0835,0.7096,0.0348,0.172
MD,2020,0.0131,0.9174,0.0099,0.0596
MD,2021,0.014,0.9153,0.027,0.0436
MD,2022,0.0474,0.6979,0.0778,0.1769
MD,2023,0.0118,0.8426,0.0163,0.1293
MD,2024,0.0193,0.584,0.1128,0.2839
MD,2025,0.0478,0.4231,0.25,0.2791
MD,2026,0.0409,0.3799,0.3292,0.2499
ME,2019,0.0142,0.794,0.0196,0.1722
ME,2020,0.0143,0.7525,0.0175,0.2158
ME,2021,0.0075,0.8138,0.0153,0.1635
ME,2022,0.0017,0.7948,0.0025,0.201
ME,2023,0.0013,0.8479,0.0048,0.1461
ME,2024,0.0068,0.7691,0.0609,0.1632
ME,2025,0.0222,0.6149,0.1513,0.2116
ME,2026,0.0066,0.6903,0.1319,0.1712
MG,2019,0.0211,0.9368,0.0421,0
MG,2020,0.0211,0.9368,0.0421,0
MG,2021,0.0211,0.9368,0.0421,0
MG,2022,0.0211,0.9368,0.0421,0
MG,2023,0.0211,0.9368,0.0421,0
MG,2024,0.0211,0.9368,0.0421,0
MG,2025,0.0211,0.9368,0.0421,0
MG,2026,0.0211,0.9368,0.0421,0
MK,2019,0.0676,0.7702,0.0191,0.1431
MK,2020,0.0715,0.7502,0.0264,0.1519
MK,2021,0.0647,0.7682,0.0305,0.1365
MK,2022,0.0421,0.7824,0.0425,0.133
MK,2023,0.0466,0.7213,0.1466,0.0855
MK,2024,0.0541,0.6823,0.1422,0.1214
MK,2025,0.0274,0.4213,0.4325,0.1188
MK,2026,0.0056,0.5407,0.3378,0.1159
ML,2019,0.0408,0.9375,0.0209,0.0008
ML,2020,0.0408,0.9375,0.0209,0.0008
ML,2021,0.0408,0.9375,0.0209,0.0008
ML,2022,0.0408,0.9375,0.0209,0.0008
ML,2023,0.0408,0.9375,0.0209,0.0008
ML,2024,0.0408,0.9375,0.0209,0.0008
ML,2025,0.0408,0.9375,0.0209,0.0008
ML,2026,0.0408,0.9375,0.0209,0.0008
MM,2019,0.024,0.9677,0.0084,0
MM,2020,0.024,0.9677,0.0084,0
MM,2021,0.024,0.9677,0.0084,0
MM,2022,0.024,0.9677,0.0084,0
MM,2023,0.024,0.9677,0.0084,0
MM,2024,0.024,0.9677,0.0084,0
MM,2025,0.024,0.9677,0.0084,0
MM,2026,0.024,0.9677,0.0084,0
MN,2019,0,0,0,1
MN,2020,0,0,0,1
MN,2021,0,0,0,1
MN,2022,0,0,0,1
MN,2023,0,0,0,1
MN,2024,0,0,0,1
MN,2025,0,0,0,1
MN,2026,0,0,0,1
MO,2019,0.2214,0.515,0.112,0.1515
MO,2020,0.2164,0.4991,0.126,0.1585
MO,2021,0.2171,0.4478,0.1421,0.193
MO,2022,0.2107,0.4221,0.1641,0.2032
MO,2023,0.2101,0.3719,0.1957,0.2224
MO,2024,0.1943,0.3589,0.2293,0.2175
MO,2025,0.1764,0.3289,0.2738,0.2209
MO,2026,0.1682,0.2788,0.3227,0.2303
MQ,2019,0.6313,0,0.2369,0.1317
MQ,2020,0.6313,0,0.2369,0.1317
MQ,2021,0.6313,0,0.2369,0.1317
MQ,2022,0.6313,0,0.2369,0.1317
MQ,2023,0.6313,0,0.2369,0.1317
MQ,2024,0.6313,0,0.2369,0.1317
MQ,2025,0.6313,0,0.2369,0.1317
MQ,2026,0.6313,0,0.2369,0.1317
MR,2019,0.0013,0.4554,0.2992,0.244
MR,2020,0.0013,0.4554,0.2992,0.244
MR,2021,0.0013,0.4554,0.2992,0.244
MR,2022,0.0013,0.4554,0.2992,0.244
MR,2023,0.0013,0.4554,0.2992,0.244
MR,2024,0.0013,0.4554,0.2992,0.244
MR,2025,0.0013,0.4554,0.2992,0.244
MR,2026,0.0013,0.4554,0.2992,0.244
MS,2019,NaN,NaN,NaN,NaN
MS,2020,NaN,NaN,NaN,NaN
MS,2021,NaN,NaN,NaN,NaN
MS,2022,NaN,NaN,NaN,NaN
MS,2023,NaN,NaN,NaN,NaN
MS,2024,NaN,NaN,NaN,NaN
MS,2025,NaN,NaN,NaN,NaN
MS,2026,NaN,NaN,NaN,NaN
MT,2019,0.0873,0.5244,0.1019,0.2864
MT,2020,0.0848,0.5133,0.1023,0.2996
MT,2021,0.0899,0.4985,0.1113,0.3002
MT,2022,0.0563,0.2883,0.4506,0.2048
MT,2023,0.0247,0.1546,0.705,0.1158
MT,2024,0.0297,0.1921,0.6449,0.1333
MT,2025,0.0308,0.18,0.6518,0.1374
MT,2026,0.0246,0.1555,0.7123,0.1076
MU,2019,0.6571,0.1431,0.1855,0.0143
MU,2020,0.6571,0.1431,0.1855,0.0143
MU,2021,0.6571,0.1431,0.1855,0.0143
MU,2022,0.6571,0.1431,0.1855,0.0143
MU,2023,0.6571,0.1431,0.1855,0.0143
MU,2024,0.6571,0.1431,0.1855,0.0143
MU,2025,0.6571,0.1431,0.1855,0.0143
MU,2026,0.6571,0.1431,0.1855,0.0143
MV,2019,0,0,1,0
MV,2020,0,0,1,0
MV,2021,0,0,1,0
MV,2022,0,0,1,0
MV,2023,0,0,1,0
MV,2024,0,0,1,0
MV,2025,0,0,1,0
MV,2026,0,0,1,0
MW,2019,0.0289,0.9653,0.0058,0
MW,2020,0.0289,0.9653,0.0058,0
MW,2021,0.0289,0.9653,0.0058,0
MW,2022,0.0289,0.9653,0.0058,0
MW,2023,0.0289,0.9653,0.0058,0
MW,2024,0.0289,0.9653,0.0058,0
MW,2025,0.0289,0.9653,0.0058,0
MW,2026,0.0289,0.9653,0.0058,0
MX,2019,0.0018,0.4839,0.1719,0.3424
MX,2020,0.0011,0.4461,0.2249,0.3278
MX,2021,0.0011,0.476,0.2341,0.2888
MX,2022,0.0013,0.4919,0.2255,0.2813
MX,2023,0.0017,0.3457,0.3055,0.3472
MX,2024,0.0014,0.3807,0.298,0.3199
MX,2025,0.0008,0.4149,0.2751,0.3092
MX,2026,0.0021,0.4024,0.2885,0.307
MY,2019,0.1358,0.8438,0.0203,0.0001
MY,2020,0.1078,0.8651,0.027,0
MY,2021,0.1108,0.858,0.0311,0.0001
MY,2022,0.1227,0.8333,0.0439,0
MY,2023,0.1248,0.817,0.058,0.0001
MY,2024,0.1232,0.8034,0.0732,0.0001
MY,2025,0.1214,0.7978,0.0806,0.0002
MY,2026,0.1314,0.7755,0.0931,0
MZ,2019,0.0073,0.9907,0.002,0
MZ,2020,0.0073,0.9907,0.002,0
MZ,2021,0.0073,0.9907,0.002,0
MZ,2022,0.0073,0.9907,0.002,0
MZ,2023,0.0073,0.9907,0.002,0
MZ,2024,0.0073,0.9907,0.002,0
MZ,2025,0.0073,0.9907,0.002,0
MZ,2026,0.0073,0.9907,0.002,0
NA,2019,0.0053,0.7428,0.2065,0.0453
NA,2020,0.0053,0.7428,0.2065,0.0453
NA,2021,0.0053,0.7428,0.2065,0.0453
NA,2022,0.0053,0.7428,0.2065,0.0453
NA,2023,0.0053,0.7428,0.2065,0.0453
NA,2024,0.0053,0.7428,0.2065,0.0453
NA,2025,0.0053,0.7428,0.2065,0.0453
NA,2026,0.0053,0.7428,0.2065,0.0453
NC,2019,0,0.609,0.2607,0.1303
NC,2020,0,0.609,0.2607,0.1303
NC,2021,0,0.609,0.2607,0.1303
NC,2022,0,0.609,0.2607,0.1303
NC,2023,0,0.609,0.2607,0.1303
NC,2024,0,0.609,0.2607,0.1303
NC,2025,0,0.609,0.2607,0.1303
NC,2026,0,0.609,0.2607,0.1303
NE,2019,0.0155,0.7357,0.1468,0.102
NE,2020,0.0155,0.7357,0.1468,0.102
NE,2021,0.0155,0.7357,0.1468,0.102
NE,2022,0.0155,0.7357,0.1468,0.102
NE,2023,0.0155,0.7357,0.1468,0.102
NE,2024,0.0155,0.7357,0.1468,0.102
NE,2025,0.0155,0.7357,0.1468,0.102
NE,2026,0.0155,0.7357,0.1468,0.102
NG,2019,0,1,0,0
NG,2020,0,1,0,0
NG,2021,0,1,0,0
NG,2022,0,1,0,0
NG,2023,0,1,0,0
NG,2024,0,1,0,0
NG,2025,0,1,0,0
NG,2026,0,1,0,0
NI,2019,0.4132,0.2053,0.018,0.3636
NI,2020,0.4121,0.2051,0.0195,0.3634
NI,2021,0.4125,0.1998,0.0211,0.3665
NI,2022,0.4075,0.206,0.023,0.3635
NI,2023,0.4072,0.2023,0.0258,0.3646
NI,2024,0.4072,0.198,0.0288,0.3659
NI,2025,0.406,0.1957,0.0316,0.3667
NI,2026,0.4047,0.1978,0.0333,0.3643
NL,2019,0.2235,0.0256,0.2425,0.5085
NL,2020,0.2457,0.0078,0.2639,0.4826
NL,2021,0.2575,0.0153,0.2974,0.4298
NL,2022,0.2057,0.0033,0.3656,0.4254
NL,2023,0.123,0.0025,0.367,0.5074
NL,2024,0.0981,0.0033,0.3872,0.5115
NL,2025,0.091,0.0005,0.4399,0.4686
NL,2026,0.0832,0.001,0.4742,0.4416
NO,2019,0.001,0.9544,0.0009,0.0437
NO,2020,0,0.9364,0,0.0636
NO,2021,0,0.9268,0,0.0732
NO,2022,0.0002,0.8939,0.0003,0.1056
NO,2023,0.0002,0.9039,0.0001,0.0958
NO,2024,0,0.9031,0,0.0969
NO,2025,0,0.9125,0,0.0875
NO,2026,0.0008,0.8963,0.0024,0.1006
NP,2019,0.0038,0.9647,0.0198,0.0117
NP,2020,0.0043,0.962,0.0211,0.0127
NP,2021,0.0048,0.9573,0.0225,0.0154
NP,2022,0.0052,0.9532,0.0247,0.017
NP,2023,0.0053,0.9488,0.0272,0.0186
NP,2024,0.0052,0.9444,0.031,0.0194
NP,2025,0.005,0.9373,0.0364,0.0212
NP,2026,0.0049,0.9307,0.0417,0.0227
NR,2019,NaN,NaN,NaN,NaN
NR,2020,NaN,NaN,NaN,NaN
NR,2021,NaN,NaN,NaN,NaN
NR,2022,NaN,NaN,NaN,NaN
NR,2023,NaN,NaN,NaN,NaN
NR,2024,NaN,NaN,NaN,NaN
NR,2025,NaN,NaN,NaN,NaN
NR,2026,NaN,NaN,NaN,NaN
NU,2019,0.0507,0.4799,0.2172,0.2522
NU,2020,0.0507,0.4799,0.2172,0.2522
NU,2021,0.0507,0.4799,0.2172,0.2522
NU,2022,0.0507,0.4799,0.2172,0.2522
NU,2023,0.0507,0.4799,0.2172,0.2522
NU,2024,0.0507,0.4799,0.2172,0.2522
NU,2025,0.0507,0.4799,0.2172,0.2522
NU,2026,0.0507,0.4799,0.2172,0.2522
NZ,2019,0.0086,0.9233,0,0.0681
NZ,2020,0.009,0.9176,0,0.0734
NZ,2021,0.0087,0.9234,0,0.0679
NZ,2022,0.0076,0.9098,0,0.0827
NZ,2023,0.0067,0.8924,0,0.1009
NZ,2024,0.0086,0.8507,0,0.1407
NZ,2025,0.0007,0.862,0,0.1373
NZ,2026,0.0022,0.8764,0,0.1214
OM,2019,NaN,NaN,NaN,NaN
OM,2020,NaN,NaN,NaN,NaN
OM,2021,NaN,NaN,NaN,NaN
OM,2022,NaN,NaN,NaN,NaN
OM,2023,NaN,NaN,NaN,NaN
OM,2024,NaN,NaN,NaN,NaN
OM,2025,NaN,NaN,NaN,NaN
OM,2026,NaN,NaN,NaN,NaN
PA,2019,0.0049,0.8305,0.0472,0.1173
PA,2020,0.0049,0.8305,0.0472,0.1173
PA,2021,0.0049,0.8305,0.0472,0.1173
PA,2022,0.0049,0.8305,0.0472,0.1173
PA,2023,0.0049,0.8305,0.0472,0.1173
PA,2024,0.0049,0.8305,0.0472,0.1173
PA,2025,0.0049,0.8305,0.0472,0.1173
PA,2026,0.0049,0.8305,0.0472,0.1173
PE,2019,0.0076,0.9184,0.024,0.0499
PE,2020,0.009,0.9113,0.024,0.0557
PE,2021,0.0104,0.9128,0.0235,0.0532
PE,2022,0.0111,0.9016,0.026,0.0614
PE,2023,0.0108,0.8842,0.0301,0.0749
PE,2024,0.0104,0.8471,0.0349,0.1075
PE,2025,0.011,0.8339,0.0549,0.1003
PE,2026,0.0125,0.8414,0.0659,0.0801
PF,2019,0,0.7999,0.2001,0
PF,2020,0,0.7999,0.2001,0
PF,2021,0,0.7999,0.2001,0
PF,2022,0,0.7999,0.2001,0
PF,2023,0,0.7999,0.2001,0
PF,2024,0,0.7999,0.2001,0
PF,2025,0,0.7999,0.2001,0
PF,2026,0,0.7999,0.2001,0
PG,2019,0.0195,0.9805,0,0
PG,2020,0.0195,0.9805,0,0
PG,2021,0.0195,0.9805,0,0
PG,2022,0.0195,0.9805,0,0
PG,2023,0.0195,0.9805,0,0
PG,2024,0.0195,0.9805,0,0
PG,2025,0.0195,0.9805,0,0
PG,2026,0.0195,0.9805,0,0
PH,2019,0.0783,0.7102,0.1152,0.0964
PH,2020,0.1099,0.6664,0.1288,0.0949
PH,2021,0.0955,0.6997,0.1115,0.0933
PH,2022,0.0809,0.719,0.1277,0.0724
PH,2023,0.0675,0.6822,0.1653,0.085
PH,2024,0.0657,0.645,0.2172,0.0721
PH,2025,0.0603,0.6586,0.2236,0.0574
PH,2026,0.0629,0.5283,0.3442,0.0646
PK,2019,0.0152,0.8483,0.062,0.0746
PK,2020,0.0137,0.8426,0.0862,0.0575
PK,2021,0.0149,0.7913,0.1218,0.072
PK,2022,0.0186,0.7252,0.1597,0.0965
PK,2023,0.0138,0.6996,0.2069,0.0797
PK,2024,0.0129,0.6163,0.3152,0.0556
PK,2025,0.0081,0.491,0.4508,0.0501
PK,2026,0.0129,0.2905,0.6516,0.045
PL,2019,0.1057,0.1471,0.0478,0.6994
PL,2020,0.0962,0.1562,0.103,0.6446
PL,2021,0.081,0.0975,0.1924,0.629
PL,2022,0.052,0.0518,0.2974,0.5987
PL,2023,0.0544,0.0656,0.3311,0.5488
PL,2024,0.0521,0.0524,0.3777,0.5178
PL,2025,0.0633,0.0397,0.4206,0.4763
PL,2026,0.0521,0.0289,0.5623,0.3566
PM,2019,NaN,NaN,NaN,NaN
PM,2020,NaN,NaN,NaN,NaN
PM,2021,NaN,NaN,NaN,NaN
PM,2022,NaN,NaN,NaN,NaN
PM,2023,NaN,NaN,NaN,NaN
PM,2024,NaN,NaN,NaN,NaN
PM,2025,NaN,NaN,NaN,NaN
PM,2026,NaN,NaN,NaN,NaN
PR,2019,0,0,0.6191,0.3809
PR,2020,0,0,0.659,0.341
PR,2021,0,0,0.6327,0.3673
PR,2022,0,0,0.6279,0.3721
PR,2023,0,0,0.7271,0.2729
PR,2024,0,0.093,0.5585,0.3484
PR,2025,0,0,0.5349,0.4651
PR,2026,0,0,0.6259,0.3741
PS,2019,0.0033,0.5207,0.4528,0.0231
PS,2020,0.0033,0.5207,0.4528,0.0231
PS,2021,0.0033,0.5207,0.4528,0.0231
PS,2022,0.0033,0.5207,0.4528,0.0231
PS,2023,0.0033,0.5207,0.4528,0.0231
PS,2024,0.0033,0.5207,0.4528,0.0231
PS,2025,0.0033,0.5207,0.4528,0.0231
PS,2026,0.0033,0.5207,0.4528,0.0231
PT,2019,0.1097,0.2977,0.0575,0.5352
PT,2020,0.1169,0.3867,0.0651,0.4313
PT,2021,0.1208,0.3504,0.0815,0.4474
PT,2022,0.127,0.242,0.1357,0.4953
PT,2023,0.0907,0.3327,0.1741,0.4025
PT,2024,0.0835,0.3395,0.201,0.376
PT,2025,0.0735,0.3337,0.2391,0.3537
PT,2026,0.0663,0.2983,0.2849,0.3506
PY,2019,0.0028,0.9972,0,0
PY,2020,0.0028,0.9972,0,0
PY,2021,0.0028,0.9972,0,0
PY,2022,0.0028,0.9972,0,0
PY,2023,0.0028,0.9972,0,0
PY,2024,0.0028,0.9972,0,0
PY,2025,0.0028,0.9972,0,0
PY,2026,0.0028,0.9972,0,0
QA,2019,NaN,NaN,NaN,NaN
QA,2020,NaN,NaN,NaN,NaN
QA,2021,NaN,NaN,NaN,NaN
QA,2022,NaN,NaN,NaN,NaN
QA,2023,NaN,NaN,NaN,NaN
QA,2024,NaN,NaN,NaN,NaN
QA,2025,NaN,NaN,NaN,NaN
QA,2026,NaN,NaN,NaN,NaN
RE,2019,0.2736,0.4422,0.2736,0.0106
RE,2020,0.2736,0.4422,0.2736,0.0106
RE,2021,0.2736,0.4422,0.2736,0.0106
RE,2022,0.2736,0.4422,0.2736,0.0106
RE,2023,0.2736,0.4422,0.2736,0.0106
RE,2024,0.2736,0.4422,0.2736,0.0106
RE,2025,0.2736,0.4422,0.2736,0.0106
RE,2026,0.2736,0.4422,0.2736,0.0106
RO,2019,0.0195,0.6439,0.0576,0.2789
RO,2020,0.0231,0.6336,0.0574,0.2859
RO,2021,0.0252,0.6667,0.0529,0.2551
RO,2022,0.0257,0.6063,0.0677,0.3003
RO,2023,0.0132,0.6462,0.0766,0.264
RO,2024,0.0205,0.559,0.1668,0.2537
RO,2025,0.0217,0.4997,0.231,0.2476
RO,2026,0.0184,0.5663,0.1961,0.2192
RS,2019,0.0144,0.8867,0.0026,0.0963
RS,2020,0.0156,0.881,0.0009,0.1025
RS,2021,0.0246,0.8694,0.005,0.1011
RS,2022,0.0318,0.8241,0.0178,0.1262
RS,2023,0.0183,0.9094,0.0011,0.0712
RS,2024,0.025,0.8494,0.0164,0.1092
RS,2025,0.0355,0.7985,0.0149,0.151
RS,2026,0.036,0.769,0.047,0.148
RU,2019,0.0027,0.9891,0.0065,0.0016
RU,2020,0.0036,0.9807,0.0093,0.0064
RU,2021,0.0035,0.9693,0.0104,0.0168
RU,2022,0.0039,0.9577,0.0124,0.026
RU,2023,0.0041,0.9635,0.0106,0.0218
RU,2024,0.004,0.9608,0.0109,0.0243
RU,2025,0.0039,0.9639,0.011,0.0212
RU,2026,0.0036,0.9646,0.0122,0.0197
RW,2019,0.0002,0.9285,0.0697,0.0015
RW,2020,0.0002,0.9285,0.0697,0.0015
RW,2021,0.0002,0.9285,0.0697,0.0015
RW,2022,0.0002,0.9285,0.0697,0.0015
RW,2023,0.0002,0.9285,0.0697,0.0015
RW,2024,0.0002,0.9285,0.0697,0.0015
RW,2025,0.0002,0.9285,0.0697,0.0015
RW,2026,0.0002,0.9285,0.0697,0.0015
SA,2019,0.0003,0.0395,0.9585,0.0018
SA,2020,0.0003,0.0395,0.9585,0.0018
SA,2021,0.0003,0.0395,0.9585,0.0018
SA,2022,0.0003,0.0395,0.9585,0.0018
SA,2023,0.0003,0.0395,0.9585,0.0018
SA,2024,0.0003,0.0395,0.9585,0.0018
SA,2025,0.0003,0.0395,0.9585,0.0018
SA,2026,0.0003,0.0395,0.9585,0.0018
SB,2019,NaN,NaN,NaN,NaN
SB,2020,NaN,NaN,NaN,NaN
SB,2021,NaN,NaN,NaN,NaN
SB,2022,NaN,NaN,NaN,NaN
SB,2023,NaN,NaN,NaN,NaN
SB,2024,NaN,NaN,NaN,NaN
SB,2025,NaN,NaN,NaN,NaN
SB,2026,NaN,NaN,NaN,NaN
SC,2019,0,0,1,0
SC,2020,0,0,1,0
SC,2021,0,0,1,0
SC,2022,0,0,1,0
SC,2023,0,0,1,0
SC,2024,0,0,1,0
SC,2025,0,0,1,0
SC,2026,0,0,1,0
SD,2019,0.0107,0.9867,0.0021,0.0005
SD,2020,0.0107,0.9867,0.0021,0.0005
SD,2021,0.0107,0.9867,0.0021,0.0005
SD,2022,0.0107,0.9867,0.0021,0.0005
SD,2023,0.0107,0.9867,0.0021,0.0005
SD,2024,0.0107,0.9867,0.0021,0.0005
SD,2025,0.0107,0.9867,0.0021,0.0005
SD,2026,0.0107,0.9867,0.0021,0.0005
SE,2019,0.0972,0.695,0,0.2078
SE,2020,0.0637,0.6858,0,0.2505
SE,2021,0.0815,0.67,0.01,0.2386
SE,2022,0.0775,0.6151,0.0168,0.2907
SE,2023,0.0662,0.597,0.0278,0.309
SE,2024,0.0524,0.5616,0.0351,0.3508
SE,2025,0.0491,0.582,0.0375,0.3314
SE,2026,0.0612,0.565,0.0551,0.3187
SG,2019,0,0,1,0
SG,2020,0,0,1,0
SG,2021,0,0,1,0
SG,2022,0.0051,0.0377,0.9441,0.0131
SG,2023,0.0019,0.0077,0.9843,0.0061
SG,2024,0.0004,0.0015,0.9969,0.0013
SG,2025,0.0032,0.019,0.9649,0.0128
SG,2026,0.0033,0.018,0.9639,0.0147
SH,2019,NaN,NaN,NaN,NaN
SH,2020,NaN,NaN,NaN,NaN
SH,2021,NaN,NaN,NaN,NaN
SH,2022,NaN,NaN,NaN,NaN
SH,2023,NaN,NaN,NaN,NaN
SH,2024,NaN,NaN,NaN,NaN
SH,2025,NaN,NaN,NaN,NaN
SH,2026,NaN,NaN,NaN,NaN
SI,2019,0.027,0.8925,0.0656,0.0149
SI,2020,0.0253,0.9033,0.0602,0.0112
SI,2021,0.0157,0.9036,0.0678,0.013
SI,2022,0.0302,0.8126,0.1127,0.0445
SI,2023,0.0133,0.8587,0.1133,0.0146
SI,2024,0.0198,0.7914,0.1835,0.0053
SI,2025,0.0314,0.6909,0.264,0.0137
SI,2026,0.0357,0.5754,0.3799,0.009
SK,2019,0.1406,0.7417,0.0927,0.0249
SK,2020,0.1516,0.7508,0.0868,0.0108
SK,2021,0.1554,0.7356,0.0909,0.0181
SK,2022,0.1474,0.7119,0.1131,0.0277
SK,2023,0.1378,0.7805,0.0816,0
SK,2024,0.1456,0.7621,0.0921,0.0002
SK,2025,0.1986,0.6756,0.1257,0
SK,2026,0.1992,0.6458,0.1549,0
SL,2019,0,0.9474,0.0526,0
SL,2020,0,0.9474,0.0526,0
SL,2021,0,0.9474,0.0526,0
SL,2022,0,0.9474,0.0526,0
SL,2023,0,0.9474,0.0526,0
SL,2024,0,0.9474,0.0526,0
SL,2025,0,0.9474,0.0526,0
SL,2026,0,0.9474,0.0526,0
SN,2019,0.1434,0.4286,0.3961,0.0319
SN,2020,0.1434,0.4286,0.3961,0.0319
SN,2021,0.1434,0.4286,0.3961,0.0319
SN,2022,0.1434,0.4286,0.3961,0.0319
SN,2023,0.1434,0.4286,0.3961,0.0319
SN,2024,0.1434,0.4286,0.3961,0.0319
SN,2025,0.1434,0.4286,0.3961,0.0319
SN,2026,0.1434,0.4286,0.3961,0.0319
SO,2019,0,0,0.5,0.5
SO,2020,0,0,0.5,0.5
SO,2021,0,0,0.5,0.5
SO,2022,0,0,0.5,0.5
SO,2023,0,0,0.5,0.5
SO,2024,0,0,0.5,0.5
SO,2025,0,0,0.5,0.5
SO,2026,0,0,0.5,0.5
SR,2019,0.0103,0.9794,0.0103,0
SR,2020,0.0103,0.9794,0.0103,0
SR,2021,0.0103,0.9794,0.0103,0
SR,2022,0.0103,0.9794,0.0103,0
SR,2023,0.0103,0.9794,0.0103,0
SR,2024,0.0103,0.9794,0.0103,0
SR,2025,0.0103,0.9794,0.0103,0
SR,2026,0.0103,0.9794,0.0103,0
SS,2019,NaN,NaN,NaN,NaN
SS,2020,NaN,NaN,NaN,NaN
SS,2021,NaN,NaN,NaN,NaN
SS,2022,NaN,NaN,NaN,NaN
SS,2023,NaN,NaN,NaN,NaN
SS,2024,NaN,NaN,NaN,NaN
SS,2025,NaN,NaN,NaN,NaN
SS,2026,NaN,NaN,NaN,NaN
ST,2019,0,1,0,0
ST,2020,0,1,0,0
ST,2021,0,1,0,0
ST,2022,0,1,0,0
ST,2023,0,1,0,0
ST,2024,0,1,0,0
ST,2025,0,1,0,0
ST,2026,0,1,0,0
SV,2019,0.2422,0.6502,0.1076,0
SV,2020,0.1797,0.6536,0.1634,0.0033
SV,2021,0.2033,0.5672,0.1869,0.0426
SV,2022,0.1345,0.5582,0.267,0.0403
SV,2023,0.1535,0.4497,0.3467,0.0501
SV,2024,0.1332,0.5324,0.298,0.0365
SV,2025,0.124,0.4977,0.3333,0.045
SV,2026,0.275,0.325,0.325,0.075
SY,2019,0.0372,0.9628,0,0
SY,2020,0.0372,0.9628,0,0
SY,2021,0.0372,0.9628,0,0
SY,2022,0.0372,0.9628,0,0
SY,2023,0.0372,0.9628,0,0
SY,2024,0.0372,0.9628,0,0
SY,2025,0.0372,0.9628,0,0
SY,2026,0.0372,0.9628,0,0
SZ,2019,0.3398,0.604,0.0209,0.0353
SZ,2020,0.3398,0.604,0.0209,0.0353
SZ,2021,0.3398,0.604,0.0209,0.0353
SZ,2022,0.3398,0.604,0.0209,0.0353
SZ,2023,0.3398,0.604,0.0209,0.0353
SZ,2024,0.3398,0.604,0.0209,0.0353
SZ,2025,0.3398,0.604,0.0209,0.0353
SZ,2026,0.3398,0.604,0.0209,0.0353
TC,2019,NaN,NaN,NaN,NaN
TC,2020,NaN,NaN,NaN,NaN
TC,2021,NaN,NaN,NaN,NaN
TC,2022,NaN,NaN,NaN,NaN
TC,2023,NaN,NaN,NaN,NaN
TC,2024,NaN,NaN,NaN,NaN
TC,2025,NaN,NaN,NaN,NaN
TC,2026,NaN,NaN,NaN,NaN
TD,2019,0.5,0,0,0.5
TD,2020,0.5,0,0,0.5
TD,2021,0.5,0,0,0.5
TD,2022,0.5,0,0,0.5
TD,2023,0.5,0,0,0.5
TD,2024,0.5,0,0,0.5
TD,2025,0.5,0,0,0.5
TD,2026,0.5,0,0,0.5
TG,2019,0.0096,0.8567,0.0708,0.0629
TG,2020,0.0096,0.8567,0.0708,0.0629
TG,2021,0.0096,0.8567,0.0708,0.0629
TG,2022,0.0096,0.8567,0.0708,0.0629
TG,2023,0.0096,0.8567,0.0708,0.0629
TG,2024,0.0096,0.8567,0.0708,0.0629
TG,2025,0.0096,0.8567,0.0708,0.0629
TG,2026,0.0096,0.8567,0.0708,0.0629
TH,2019,0.3921,0.2902,0.1794,0.1383
TH,2020,0.4079,0.2643,0.1875,0.1403
TH,2021,0.4043,0.2576,0.1631,0.1749
TH,2022,0.3874,0.2974,0.1802,0.135
TH,2023,0.3921,0.2706,0.1848,0.1525
TH,2024,0.38,0.2683,0.203,0.1487
TH,2025,0.2493,0.2854,0.3171,0.1482
TH,2026,0.2081,0.3138,0.3549,0.1232
TJ,2019,0,1,0,0
TJ,2020,0,1,0,0
TJ,2021,0,1,0,0
TJ,2022,0,1,0,0
TJ,2023,0,1,0,0
TJ,2024,0,0.9998,0.0001,0.0001
TJ,2025,0.0002,0.9985,0.0007,0.0007
TJ,2026,0,1,0,0
TL,2019,NaN,NaN,NaN,NaN
TL,2020,NaN,NaN,NaN,NaN
TL,2021,NaN,NaN,NaN,NaN
TL,2022,NaN,NaN,NaN,NaN
TL,2023,NaN,NaN,NaN,NaN
TL,2024,NaN,NaN,NaN,NaN
TL,2025,NaN,NaN,NaN,NaN
TL,2026,NaN,NaN,NaN,NaN
TM,2019,NaN,NaN,NaN,NaN
TM,2020,NaN,NaN,NaN,NaN
TM,2021,NaN,NaN,NaN,NaN
TM,2022,NaN,NaN,NaN,NaN
TM,2023,NaN,NaN,NaN,NaN
TM,2024,NaN,NaN,NaN,NaN
TM,2025,NaN,NaN,NaN,NaN
TM,2026,NaN,NaN,NaN,NaN
TN,2019,0,0.1022,0.1725,0.7252
TN,2020,0,0.0627,0,0.9373
TN,2021,0,0,0,1
TN,2022,0,0,0,1
TN,2023,0,0,0,1
TN,2024,0,0,0,1
TN,2025,0,0,0,1
TN,2026,0,0,0,1
TO,2019,0,0,1,0
TO,2020,0,0,1,0
TO,2021,0,0,1,0
TO,2022,0,0,1,0
TO,2023,0,0,1,0
TO,2024,0,0,1,0
TO,2025,0,0,1,0
TO,2026,0,0,1,0
TR,2019,0.0277,0.7191,0.0776,0.1757
TR,2020,0.0368,0.6596,0.0951,0.2085
TR,2021,0.058,0.5239,0.1252,0.2928
TR,2022,0.0616,0.5362,0.1223,0.2799
TR,2023,0.0662,0.512,0.1481,0.2737
TR,2024,0.0596,0.5129,0.1767,0.2508
TR,2025,0.0595,0.4021,0.2618,0.2766
TR,2026,0.038,0.5954,0.1829,0.1836
TT,2019,0,0,1,0
TT,2020,0,0,1,0
TT,2021,0,0,1,0
TT,2022,0,0,1,0
TT,2023,0,0,1,0
TT,2024,0,0,1,0
TT,2025,0,0,1,0
TT,2026,0,0,1,0
TW,2019,0.0162,0.4776,0.3421,0.1641
TW,2020,0.0187,0.2553,0.529,0.1969
TW,2021,0.0156,0.243,0.5836,0.1578
TW,2022,0.0093,0.285,0.5315,0.1742
TW,2023,0.0105,0.1665,0.5607,0.2623
TW,2024,0.0071,0.1378,0.5092,0.3458
TW,2025,0.0075,0.1589,0.4822,0.3513
TW,2026,0.009,0.0851,0.5357,0.3703
TZ,2019,0.027,0.9598,0.0122,0.0009
TZ,2020,0.027,0.9598,0.0122,0.0009
TZ,2021,0.027,0.9598,0.0122,0.0009
TZ,2022,0.027,0.9598,0.0122,0.0009
TZ,2023,0.027,0.9598,0.0122,0.0009
TZ,2024,0.027,0.9598,0.0122,0.0009
TZ,2025,0.027,0.9598,0.0122,0.0009
TZ,2026,0.027,0.9598,0.0122,0.0009
UA,2019,0,0.5696,0,0.4304
UA,2020,0,0.4006,0,0.5994
UA,2021,0.0014,0.479,0.0009,0.5187
UA,2022,0.0007,0.5636,0.0007,0.4351
UA,2023,0,0.4948,0,0.5052
UA,2024,0,0.4948,0,0.5052
UA,2025,0,0.4948,0,0.5052
UA,2026,0,0.4948,0,0.5052
UG,2019,0.0609,0.9099,0.0293,0
UG,2020,0.0609,0.9099,0.0293,0
UG,2021,0.0609,0.9099,0.0293,0
UG,2022,0.0609,0.9099,0.0293,0
UG,2023,0.0609,0.9099,0.0293,0
UG,2024,0.0609,0.9099,0.0293,0
UG,2025,0.0609,0.9099,0.0293,0
UG,2026,0.0609,0.9099,0.0293,0
US,2019,0.0772,0.3827,0.1433,0.3968
US,2020,0.0678,0.3514,0.1619,0.4189
US,2021,0.0642,0.2947,0.1942,0.4469
US,2022,0.055,0.267,0.2175,0.4605
US,2023,0.0498,0.2538,0.252,0.4444
US,2024,0.0446,0.2288,0.2921,0.4345
US,2025,0.0404,0.2126,0.3404,0.4066
US,2026,0.032,0.2093,0.3669,0.3919
UY,2019,0.063,0.5607,0.0284,0.3479
UY,2020,0.0937,0.3679,0.0382,0.5002
UY,2021,0.0893,0.4367,0.0381,0.4359
UY,2022,0.0813,0.4648,0.0382,0.4157
UY,2023,0.1121,0.3847,0.0435,0.4597
UY,2024,0.1296,0.5053,0.0308,0.3343
UY,2025,0.141,0.4741,0.0409,0.344
UY,2026,0.1618,0.4792,0.0374,0.3217
UZ,2019,0.003,0.9814,0.0077,0.0079
UZ,2020,0.0033,0.9792,0.0088,0.0087
UZ,2021,0.0037,0.9755,0.0099,0.0109
UZ,2022,0.004,0.9722,0.0116,0.0121
UZ,2023,0.0042,0.9688,0.0136,0.0134
UZ,2024,0.0041,0.9653,0.0166,0.014
UZ,2025,0.0039,0.9596,0.021,0.0154
UZ,2026,0.0038,0.9543,0.0252,0.0167
VC,2019,0,1,0,0
VC,2020,0,1,0,0
VC,2021,0,1,0,0
VC,2022,0,1,0,0
VC,2023,0,1,0,0
VC,2024,0,1,0,0
VC,2025,0,1,0,0
VC,2026,0,1,0,0
VE,2019,0,0.9986,0.0002,0.0012
VE,2020,0,0.9986,0.0002,0.0012
VE,2021,0,0.9986,0.0002,0.0012
VE,2022,0,0.9986,0.0002,0.0012
VE,2023,0,0.9986,0.0002,0.0012
VE,2024,0,0.9986,0.0002,0.0012
VE,2025,0,0.9986,0.0002,0.0012
VE,2026,0,0.9986,0.0002,0.0012
VG,2019,NaN,NaN,NaN,NaN
VG,2020,NaN,NaN,NaN,NaN
VG,2021,NaN,NaN,NaN,NaN
VG,2022,NaN,NaN,NaN,NaN
VG,2023,NaN,NaN,NaN,NaN
VG,2024,NaN,NaN,NaN,NaN
VG,2025,NaN,NaN,NaN,NaN
VG,2026,NaN,NaN,NaN,NaN
VI,2019,0,0,1,0
VI,2020,0,0,1,0
VI,2021,0,0,1,0
VI,2022,0,0,1,0
VI,2023,0,0,1,0
VI,2024,0,0,1,0
VI,2025,0,0,1,0
VI,2026,0,0,1,0
VN,2019,0,0.9345,0.0467,0.0188
VN,2020,0,0.8755,0.1102,0.0143
VN,2021,0,0.7266,0.2522,0.0212
VN,2022,0,0.7377,0.2007,0.0616
VN,2023,0,0.6895,0.2233,0.0872
VN,2024,0,0.7159,0.1989,0.0852
VN,2025,0,0.7619,0.1535,0.0846
VN,2026,0,0.8667,0.0783,0.0549
VU,2019,0,0.3333,0.3333,0.3333
VU,2020,0,0.3333,0.3333,0.3333
VU,2021,0,0.3333,0.3333,0.3333
VU,2022,0,0.3333,0.3333,0.3333
VU,2023,0,0.3333,0.3333,0.3333
VU,2024,0,0.3333,0.3333,0.3333
VU,2025,0,0.3333,0.3333,0.3333
VU,2026,0,0.3333,0.3333,0.3333
WS,2019,0,0.7144,0.2856,0
WS,2020,0,0.7144,0.2856,0
WS,2021,0,0.7144,0.2856,0
WS,2022,0,0.7144,0.2856,0
WS,2023,0,0.7144,0.2856,0
WS,2024,0,0.7144,0.2856,0
WS,2025,0,0.7144,0.2856,0
WS,2026,0,0.7144,0.2856,0
XK,2019,0.0017,0.6739,0.034,0.2904
XK,2020,0.0018,0.6732,0.0344,0.2905
XK,2021,0.0019,0.6731,0.0346,0.2904
XK,2022,0.0226,0.405,0.0156,0.5568
XK,2023,0.0235,0.4803,0.0411,0.4551
XK,2024,0.0281,0.3913,0.0433,0.5373
XK,2025,0.0356,0.4,0.0974,0.467
XK,2026,0.0297,0.4875,0.1224,0.3604
YE,2019,0,0,1,0
YE,2020,0,0,1,0
YE,2021,0,0,1,0
YE,2022,0,0,1,0
YE,2023,0,0,1,0
YE,2024,0,0,1,0
YE,2025,0,0,1,0
YE,2026,0,0,1,0
ZA,2019,0,0.0558,0.4001,0.544
ZA,2020,0,0.0571,0.4395,0.5034
ZA,2021,0,0.0939,0.4105,0.4955
ZA,2022,0,0.1399,0.4267,0.4334
ZA,2023,0,0.0738,0.5043,0.4219
ZA,2024,0,0.0376,0.5863,0.3761
ZA,2025,0,0.057,0.5851,0.3579
ZA,2026,0,0.1249,0.5744,0.3007
ZM,2019,0.0056,0.9849,0.0096,0
ZM,2020,0.0056,0.9849,0.0096,0
ZM,2021,0.0056,0.9849,0.0096,0
ZM,2022,0.0056,0.9849,0.0096,0
ZM,2023,0.0056,0.9849,0.0096,0
ZM,2024,0.0056,0.9849,0.0096,0
ZM,2025,0.0056,0.9849,0.0096,0
ZM,2026,0.0056,0.9849,0.0096,0
ZW,2019,0.0421,0.9449,0.0076,0.0054
ZW,2020,0.0421,0.9449,0.0076,0.0054
ZW,2021,0.0421,0.9449,0.0076,0.0054
ZW,2022,0.0421,0.9449,0.0076,0.0054
ZW,2023,0.0421,0.9449,0.0076,0.0054
ZW,2024,0.0421,0.9449,0.0076,0.0054
ZW,2025,0.0421,0.9449,0.0076,0.0054
ZW,2026,0.0421,0.9449,0.0076,0.0054
