country,year,Bioenergy,Coal,Gas,Hydro,Nuclear,Other Fossil,Other Renewables,Solar,Wind
AE,2019,0,0,0.9736,0,0,0,0,0.0264,0
AE,2020,0,0,0.9736,0,0,0,0,0.0264,0
AE,2021,0,0,0.9736,0,0,0,0,0.0264,0
AE,2022,0,0,0.9736,0,0,0,0,0.0264,0
AE,2023,0,0,0.9736,0,0,0,0,0.0264,0
AE,2024,0,0,0.9736,0,0,0,0,0.0264,0
AE,2025,0,0,0.9736,0,0,0,0,0.0264,0
AE,2026,0,0,0.9736,0,0,0,0,0.0264,0
AF,2019,0.0119,0.4635,0.0931,0.2983,0.0412,0.0242,0.003,0.0331,0.0317
AF,2020,0.0133,0.4557,0.0907,0.3005,0.0412,0.023,0.0032,0.0374,0.035
AF,2021,0.0148,0.454,0.0858,0.2923,0.0412,0.0232,0.0031,0.0417,0.0438
AF,2022,0.0162,0.4445,0.0818,0.2922,0.041,0.0234,0.0032,0.0489,0.0488
AF,2023,0.0168,0.447,0.0783,0.2814,0.0412,0.0212,0.0031,0.0569,0.0541
AF,2024,0.0161,0.4338,0.0761,0.2845,0.0405,0.0202,0.0031,0.069,0.0568
AF,2025,0.016,0.4106,0.0733,0.2861,0.0405,0.02,0.003,0.0874,0.0631
AF,2026,0.0168,0.4059,0.0738,0.2793,0.0401,0.0193,0.0031,0.0853,0.0766
AG,2019,0,0,0,0,0,0.9722,0,0.0278,0
AG,2020,0,0,0,0,0,0.9722,0,0.0278,0
AG,2021,0,0,0,0,0,0.9722,0,0.0278,0
AG,2022,0,0,0,0,0,0.9722,0,0.0278,0
AG,2023,0,0,0,0,0,0.9722,0,0.0278,0
AG,2024,0,0,0,0,0,0.9722,0,0.0278,0
AG,2025,0,0,0,0,0,0.9722,0,0.0278,0
AG,2026,0,0,0,0,0,0.9722,0,0.0278,0
AL,2019,0.0088,0.0528,0.082,0.7337,0.0718,0.0068,0.0025,0.0125,0.0291
AL,2020,0.0093,0.0468,0.0797,0.7386,0.0682,0.0066,0.0027,0.0147,0.0335
AL,2021,0.0095,0.049,0.081,0.735,0.0693,0.0066,0.0026,0.0156,0.0315
AL,2022,0.0096,0.0523,0.0817,0.73,0.0619,0.0068,0.0026,0.0191,0.036
AL,2023,0.0088,0.0456,0.0756,0.7353,0.0631,0.0064,0.0026,0.0229,0.0397
AL,2024,0.0089,0.0413,0.0716,0.7381,0.0637,0.0064,0.0026,0.0269,0.0405
AL,2025,0.0088,0.0398,0.0738,0.7327,0.0636,0.0064,0.0026,0.0323,0.0402
AL,2026,0.0089,0.0423,0.0859,0.7283,0.0664,0.0065,0.0025,0.0122,0.0472
AM,2019,0,0,0.3984,0.3132,0.2883,0,0,0,0
AM,2020,0,0,0.4096,0.2315,0.3589,0,0,0,0
AM,2021,0,0,0.4411,0.2853,0.2618,0,0,0.0118,0
AM,2022,0.0002,0.0042,0.4313,0.2185,0.3176,0.0001,0,0.0276,0.0005
AM,2023,0.0002,0.0053,0.4367,0.1945,0.317,0.0001,0,0.0455,0.0007
AM,2024,0.0003,0.0089,0.3998,0.2068,0.3291,0.0001,0.0001,0.0537,0.0012
AM,2025,0.0001,0.0028,0.3322,0.2982,0.3037,0,0,0.0625,0.0004
AM,2026,0,0,0.3377,0.2857,0.3247,0,0,0.0519,0
AO,2019,0.0032,0,0.1037,0.7276,0,0.1643,0,0.0013,0
AO,2020,0.0032,0,0.1037,0.7276,0,0.1643,0,0.0013,0
AO,2021,0.0032,0,0.1037,0.7276,0,0.1643,0,0.0013,0
AO,2022,0.0032,0,0.1037,0.7276,0,0.1643,0,0.0013,0
AO,2023,0.0032,0,0.1037,0.7276,0,0.1643,0,0.0013,0
AO,2024,0.0032,0,0.1037,0.7276,0,0.1643,0,0.0013,0
AO,2025,0.0032,0,0.1037,0.7276,0,0.1643,0,0.0013,0
AO,2026,0.0032,0,0.1037,0.7276,0,0.1643,0,0.0013,0
AR,2019,0.0044,0.0092,0.5815,0.2843,0.0597,0.0161,0.0001,0.0063,0.0384
AR,2020,0.0055,0.0135,0.5826,0.2285,0.0746,0.0153,0,0.01,0.07
AR,2021,0.0078,0.0198,0.599,0.1784,0.0717,0.0164,0,0.0155,0.0913
AR,2022,0.0085,0.0222,0.5376,0.236,0.0523,0.0195,0.0003,0.0221,0.1013
AR,2023,0.0082,0.0177,0.4744,0.2943,0.0616,0.0174,0.0003,0.0242,0.1018
AR,2024,0.0088,0.01,0.5042,0.2506,0.072,0.0118,0.0002,0.0288,0.1137
AR,2025,0.0111,0.0196,0.4859,0.2317,0.0751,0.0083,0.0001,0.0371,0.1311
AR,2026,0.0117,0.0234,0.4241,0.265,0.0819,0.0054,0,0.0495,0.1387
AS,2019,0,0,0,0,0,1,0,0,0
AS,2020,0,0,0,0,0,1,0,0,0
AS,2021,0,0,0,0,0,1,0,0,0
AS,2022,0,0,0,0,0,1,0,0,0
AS,2023,0,0,0,0,0,1,0,0,0
AS,2024,0,0,0,0,0,1,0,0,0
AS,2025,0,0,0,0,0,1,0,0,0
AS,2026,0,0,0,0,0,1,0,0,0
AT,2019,0.033,0.0311,0.166,0.5903,0.0175,0.0168,0.0006,0.0237,0.1209
AT,2020,0.0275,0.0152,0.1532,0.6271,0.0143,0.0173,0.0005,0.0289,0.1159
AT,2021,0.025,0.022,0.1724,0.5787,0.0298,0.0181,0.0011,0.0383,0.1144
AT,2022,0.0403,0.0236,0.1817,0.5351,0.0271,0.0183,0.0011,0.0539,0.119
AT,2023,0.0228,0.0097,0.1131,0.6131,0.0122,0.0171,0.0005,0.079,0.1324
AT,2024,0.0272,0.0026,0.0932,0.6199,0.0036,0.0152,0.0001,0.1044,0.1338
AT,2025,0.0272,0.0064,0.0846,0.5761,0.0091,0.0163,0.0004,0.1614,0.1186
AT,2026,0.0273,0.0026,0.0281,0.637,0.004,0.0177,0.0001,0.1711,0.112
AU,2019,0.0017,0.6581,0.1155,0.0611,0,0,0,0.0789,0.0848
AU,2020,0.0013,0.6339,0.1011,0.0643,0,0,0,0.0997,0.0997
AU,2021,0.0012,0.6055,0.079,0.0705,0,0.0004,0,0.1257,0.1176
AU,2022,0.001,0.5584,0.091,0.0727,0,0.0003,0,0.1479,0.1286
AU,2023,0.0014,0.5405,0.0757,0.0662,0,0.0001,0,0.1815,0.1346
AU,2024,0.0019,0.5324,0.0773,0.0571,0,0.0003,0,0.1967,0.1343
AU,2025,0.0021,0.5014,0.0674,0.0533,0,0,0,0.2173,0.1585
AU,2026,0.0024,0.4422,0.0499,0.0465,0,0,0,0.3046,0.1544
AW,2019,0,0,0,0,0,0.8283,0,0.0303,0.1414
AW,2020,0,0,0,0,0,0.8283,0,0.0303,0.1414
AW,2021,0,0,0,0,0,0.8283,0,0.0303,0.1414
AW,2022,0,0,0,0,0,0.8283,0,0.0303,0.1414
AW,2023,0,0,0,0,0,0.8283,0,0.0303,0.1414
AW,2024,0,0,0,0,0,0.8283,0,0.0303,0.1414
AW,2025,0,0,0,0,0,0.8283,0,0.0303,0.1414
AW,2026,0,0,0,0,0,0.8283,0,0.0303,0.1414
AZ,2019,0,0,0.9366,0.0634,0,0,0,0,0
AZ,2020,0,0,0.9559,0.0441,0,0,0,0,0
AZ,2021,0,0,0.9253,0.0499,0,0.0232,0,0.0016,0
AZ,2022,0,0,0.9322,0.061,0,0.0045,0,0.0023,0
AZ,2023,0.0001,0.0021,0.9229,0.0672,0.0002,0.0045,0,0.0027,0.0002
AZ,2024,0,0,0.8686,0.1158,0,0.0047,0,0.011,0
AZ,2025,0,0,0.868,0.1229,0,0.0046,0,0.0045,0
AZ,2026,0,0,0.8962,0.0991,0,0.0047,0,0,0
BA,2019,0,0.6171,0,0.3719,0,0,0,0,0.011
BA,2020,0,0.7117,0,0.2781,0,0,0,0,0.0102
BA,2021,0,0.6368,0,0.3436,0,0,0,0.0015,0.0182
BA,2022,0,0.6947,0,0.2788,0,0,0,0.006,0.0205
BA,2023,0,0.6113,0,0.3654,0,0,0,0.012,0.0114
BA,2024,0,0.6392,0,0.3223,0,0,0,0.0249,0.0137
BA,2025,0,0.6005,0,0.3388,0,0,0,0.046,0.0147
BA,2026,0,0.5378,0,0.4202,0,0,0,0.0336,0.0084
BB,2019,0,0,0.0283,0,0,0.934,0,0.0377,0
BB,2020,0,0,0.0283,0,0,0.934,0,0.0377,0
BB,2021,0,0,0.0283,0,0,0.934,0,0.0377,0
BB,2022,0,0,0.0283,0,0,0.934,0,0.0377,0
BB,2023,0,0,0.0283,0,0,0.934,0,0.0377,0
BB,2024,0,0,0.0283,0,0,0.934,0,0.0377,0
BB,2025,0,0,0.0283,0,0,0.934,0,0.0377,0
BB,2026,0,0,0.0283,0,0,0.934,0,0.0377,0
BD,2019,0.0015,0.0846,0.7012,0.0251,0.0052,0.1746,0.0004,0.0034,0.004
BD,2020,0.0015,0.1165,0.6592,0.0233,0.0048,0.1859,0.0004,0.0042,0.0041
BD,2021,0.0016,0.112,0.6113,0.0196,0.0046,0.239,0.0004,0.0065,0.0049
BD,2022,0.0019,0.1401,0.5194,0.0209,0.0049,0.297,0.0004,0.0095,0.0059
BD,2023,0.002,0.2426,0.5428,0.0186,0.0049,0.1688,0.0004,0.0137,0.0064
BD,2024,0.0025,0.3479,0.4712,0.0247,0.0062,0.1173,0.0005,0.02,0.0097
BD,2025,0.0032,0.3631,0.442,0.0281,0.0082,0.1124,0.0006,0.0293,0.0131
BD,2026,0.004,0.4037,0.4409,0.0302,0.0095,0.0586,0.0007,0.0341,0.0182
BE,2019,0.0273,0.0042,0.2704,0.0053,0.4692,0.0876,0.0002,0.0398,0.0959
BE,2020,0.0289,0.0027,0.289,0.005,0.3959,0.0897,0.0001,0.0515,0.1372
BE,2021,0.0237,0.0008,0.2064,0.0032,0.515,0.0812,0,0.0501,0.1195
BE,2022,0.0219,0.0001,0.2241,0.001,0.469,0.0848,0,0.0727,0.1265
BE,2023,0.0129,0.0075,0.1994,0.0118,0.3934,0.0994,0.0005,0.0923,0.1828
BE,2024,0.0122,0.0175,0.1672,0.0262,0.3924,0.095,0.0011,0.1111,0.1773
BE,2025,0.0152,0.0217,0.1958,0.0294,0.312,0.1065,0.0014,0.1405,0.1776
BE,2026,0.0135,0.0265,0.24,0.031,0.245,0.1361,0.0015,0.0377,0.2686
BF,2019,0.0239,0.1216,0.1665,0.1059,0.0061,0.526,0.0024,0.0387,0.009
BF,2020,0.0239,0.1216,0.1665,0.1059,0.0061,0.526,0.0024,0.0387,0.009
BF,2021,0.0239,0.1216,0.1665,0.1059,0.0061,0.526,0.0024,0.0387,0.009
BF,2022,0.0239,0.1216,0.1665,0.1059,0.0061,0.526,0.0024,0.0387,0.009
BF,2023,0.0239,0.1216,0.1665,0.1059,0.0061,0.526,0.0024,0.0387,0.009
BF,2024,0.0239,0.1216,0.1665,0.1059,0.0061,0.526,0.0024,0.0387,0.009
BF,2025,0.0239,0.1216,0.1665,0.1059,0.0061,0.526,0.0024,0.0387,0.009
BF,2026,0.0239,0.1216,0.1665,0.1059,0.0061,0.526,0.0024,0.0387,0.009
BG,2019,0.0053,0.437,0.0509,0.067,0.3806,0,0,0.0304,0.0289
BG,2020,0.0061,0.3794,0.0562,0.0731,0.414,0.0001,0,0.0352,0.0359
BG,2021,0.005,0.4131,0.0598,0.1069,0.3547,0,0,0.0306,0.0299
BG,2022,0.0048,0.4779,0.0534,0.0751,0.3279,0,0,0.0328,0.028
BG,2023,0.0047,0.3403,0.0557,0.0783,0.4046,0.0001,0.0001,0.0776,0.0386
BG,2024,0.0044,0.2648,0.0639,0.082,0.4135,0.0007,0.0003,0.1291,0.0413
BG,2025,0.0039,0.2634,0.0566,0.0746,0.3952,0.0005,0.0002,0.1687,0.0369
BG,2026,0.0046,0.312,0.0793,0.1024,0.3647,0.0013,0.0005,0.0862,0.0489
BH,2019,0,0,0.9987,0.0001,0,0.0006,0,0.0006,0
BH,2020,0,0,0.9987,0.0001,0,0.0006,0,0.0006,0
BH,2021,0,0,0.9987,0.0001,0,0.0006,0,0.0006,0
BH,2022,0,0,0.9987,0.0001,0,0.0006,0,0.0006,0
BH,2023,0,0,0.9987,0.0001,0,0.0006,0,0.0006,0
BH,2024,0,0,0.9987,0.0001,0,0.0006,0,0.0006,0
BH,2025,0,0,0.9987,0.0001,0,0.0006,0,0.0006,0
BH,2026,0,0,0.9987,0.0001,0,0.0006,0,0.0006,0
BI,2019,0.0211,0.0616,0.0843,0.5635,0.0031,0.2581,0.0012,0.0026,0.0046
BI,2020,0.0211,0.0616,0.0843,0.5635,0.0031,0.2581,0.0012,0.0026,0.0046
BI,2021,0.0211,0.0616,0.0843,0.5635,0.0031,0.2581,0.0012,0.0026,0.0046
BI,2022,0.0211,0.0616,0.0843,0.5635,0.0031,0.2581,0.0012,0.0026,0.0046
BI,2023,0.0211,0.0616,0.0843,0.5635,0.0031,0.2581,0.0012,0.0026,0.0046
BI,2024,0.0211,0.0616,0.0843,0.5635,0.0031,0.2581,0.0012,0.0026,0.0046
BI,2025,0.0211,0.0616,0.0843,0.5635,0.0031,0.2581,0.0012,0.0026,0.0046
BI,2026,0.0211,0.0616,0.0843,0.5635,0.0031,0.2581,0.0012,0.0026,0.0046
BJ,2019,0.0025,0.2018,0.4726,0.1076,0.0101,0.172,0.004,0.0146,0.0149
BJ,2020,0.0025,0.2018,0.4726,0.1076,0.0101,0.172,0.004,0.0146,0.0149
BJ,2021,0.0025,0.2018,0.4726,0.1076,0.0101,0.172,0.004,0.0146,0.0149
BJ,2022,0.0025,0.2018,0.4726,0.1076,0.0101,0.172,0.004,0.0146,0.0149
BJ,2023,0.0025,0.2018,0.4726,0.1076,0.0101,0.172,0.004,0.0146,0.0149
BJ,2024,0.0025,0.2018,0.4726,0.1076,0.0101,0.172,0.004,0.0146,0.0149
BJ,2025,0.0025,0.2018,0.4726,0.1076,0.0101,0.172,0.004,0.0146,0.0149
BJ,2026,0.0025,0.2018,0.4726,0.1076,0.0101,0.172,0.004,0.0146,0.0149
BM,2019,0.0164,0,0,0,0,0.9836,0,0,0
BM,2020,0.0164,0,0,0,0,0.9836,0,0,0
BM,2021,0.0164,0,0,0,0,0.9836,0,0,0
BM,2022,0.0164,0,0,0,0,0.9836,0,0,0
BM,2023,0.0164,0,0,0,0,0.9836,0,0,0
BM,2024,0.0164,0,0,0,0,0.9836,0,0,0
BM,2025,0.0164,0,0,0,0,0.9836,0,0,0
BM,2026,0.0164,0,0,0,0,0.9836,0,0,0
BN,2019,0,0.0974,0.8925,0,0,0.0101,0,0,0
BN,2020,0,0.0974,0.8925,0,0,0.0101,0,0,0
BN,2021,0,0.0974,0.8925,0,0,0.0101,0,0,0
BN,2022,0,0.0974,0.8925,0,0,0.0101,0,0,0
BN,2023,0,0.0974,0.8925,0,0,0.0101,0,0,0
BN,2024,0,0.0974,0.8925,0,0,0.0101,0,0,0
BN,2025,0,0.0974,0.8925,0,0,0.0101,0,0,0
BN,2026,0,0.0974,0.8925,0,0,0.0101,0,0,0
BO,2019,0.0158,0,0.6193,0.3407,0,0,0,0.0168,0.0074
BO,2020,0.0141,0,0.6334,0.32,0,0,0,0.026,0.0065
BO,2021,0.0181,0,0.6125,0.3243,0,0,0,0.0341,0.011
BO,2022,0.0122,0,0.641,0.2697,0,0,0,0.0338,0.0432
BO,2023,0.0097,0,0.7083,0.2066,0,0,0,0.0319,0.0434
BO,2024,0.0085,0,0.6749,0.2446,0,0,0,0.0299,0.0419
BO,2025,0.0102,0,0.6506,0.285,0,0,0,0.0297,0.0246
BO,2026,0,0,0.67,0.28,0,0,0,0.03,0.02
BR,2019,0.0165,0.0246,0.082,0.722,0.0285,0.0206,0,0.0117,0.0942
BR,2020,0.0179,0.0194,0.0751,0.7231,0.0251,0.0237,0,0.0192,0.0964
BR,2021,0.0135,0.0273,0.1359,0.6177,0.0244,0.0357,0,0.0278,0.1178
BR,2022,0.0127,0.011,0.062,0.7003,0.0233,0.0151,0,0.0482,0.1272
BR,2023,0.0135,0.0115,0.0532,0.6685,0.0219,0.0115,0,0.0782,0.1416
BR,2024,0.0134,0.0131,0.0647,0.6155,0.0226,0.0108,0,0.1067,0.1533
BR,2025,0.009,0.0153,0.0761,0.5702,0.0226,0.0098,0,0.131,0.1659
BR,2026,0.0038,0.0248,0.1157,0.5119,0.0251,0.0087,0,0.1538,0.1562
BS,2019,0,0,0,0,0,1,0,0,0
BS,2020,0,0,0,0,0,1,0,0,0
BS,2021,0,0,0,0,0,1,0,0,0
BS,2022,0,0,0,0,0,1,0,0,0
BS,2023,0,0,0,0,0,1,0,0,0
BS,2024,0,0,0,0,0,1,0,0,0
BS,2025,0,0,0,0,0,1,0,0,0
BS,2026,0,0,0,0,0,1,0,0,0
BT,2019,0,0,0,1,0,0,0,0,0
BT,2020,0,0,0,1,0,0,0,0,0
BT,2021,0,0,0,1,0,0,0,0,0
BT,2022,0,0,0,1,0,0,0,0,0
BT,2023,0,0,0,1,0,0,0,0,0
BT,2024,0,0,0,1,0,0,0,0,0
BT,2025,0,0,0,1,0,0,0,0,0
BT,2026,0,0,0,1,0,0,0,0,0
BW,2019,0.0011,0.7968,0.1186,0.0462,0.0043,0.0185,0.0017,0.0065,0.0064
BW,2020,0.0011,0.7968,0.1186,0.0462,0.0043,0.0185,0.0017,0.0065,0.0064
BW,2021,0.0011,0.7968,0.1186,0.0462,0.0043,0.0185,0.0017,0.0065,0.0064
BW,2022,0.0011,0.7968,0.1186,0.0462,0.0043,0.0185,0.0017,0.0065,0.0064
BW,2023,0.0011,0.7968,0.1186,0.0462,0.0043,0.0185,0.0017,0.0065,0.0064
BW,2024,0.0011,0.7968,0.1186,0.0462,0.0043,0.0185,0.0017,0.0065,0.0064
BW,2025,0.0011,0.7968,0.1186,0.0462,0.0043,0.0185,0.0017,0.0065,0.0064
BW,2026,0.0011,0.7968,0.1186,0.0462,0.0043,0.0185,0.0017,0.0065,0.0064
BY,2019,0.003,0.0001,0.8793,0.0091,0.0002,0.099,0,0.0048,0.0045
BY,2020,0.0064,0.0008,0.8166,0.0114,0.0098,0.1447,0.0001,0.0043,0.006
BY,2021,0.006,0.0005,0.7077,0.0101,0.1412,0.1256,0,0.0047,0.0042
BY,2022,0.0062,0,0.7344,0.0095,0.1169,0.1233,0,0.0054,0.0043
BY,2023,0.0122,0.0001,0.5904,0.0092,0.2862,0.0937,0,0.0037,0.0045
BY,2024,0.0099,0.0012,0.5366,0.0125,0.3623,0.0658,0.0001,0.0065,0.0051
BY,2025,0.0174,0.0001,0.457,0.0166,0.4246,0.0693,0,0.0072,0.008
BY,2026,0.018,0,0.4192,0.018,0.4551,0.0719,0,0.009,0.009
BZ,2019,0.1709,0.0232,0.1054,0.5234,0.0095,0.1208,0.0033,0.0184,0.0251
BZ,2020,0.1713,0.0188,0.1088,0.5275,0.0098,0.1106,0.0032,0.0219,0.0282
BZ,2021,0.1708,0.0182,0.1193,0.5132,0.0097,0.1076,0.0029,0.0252,0.0332
BZ,2022,0.1705,0.0145,0.1009,0.5285,0.0084,0.1098,0.0029,0.0295,0.035
BZ,2023,0.1707,0.0175,0.1018,0.5192,0.0088,0.1056,0.0026,0.0355,0.038
BZ,2024,0.171,0.0159,0.1042,0.511,0.0092,0.1033,0.0024,0.0419,0.0412
BZ,2025,0.1702,0.017,0.1036,0.5059,0.0087,0.1004,0.0021,0.0475,0.0445
BZ,2026,0.1691,0.0185,0.1047,0.4966,0.0087,0.101,0.0019,0.0543,0.0451
CA,2019,0.0168,0.0744,0.1061,0.5899,0.1487,0.0087,0.0003,0.0038,0.0514
CA,2020,0.0151,0.0582,0.1098,0.6023,0.1455,0.0078,0.0002,0.004,0.0572
CA,2021,0.0172,0.0525,0.1209,0.6008,0.1389,0.0073,0.0003,0.0043,0.0577
CA,2022,0.0153,0.0393,0.1285,0.6131,0.1282,0.009,0.0002,0.0049,0.0614
CA,2023,0.0161,0.0359,0.1468,0.5833,0.1376,0.0079,0.0002,0.0076,0.0646
CA,2024,0.0172,0.0386,0.1575,0.5594,0.134,0.0084,0.0005,0.0088,0.0757
CA,2025,0.018,0.0404,0.1648,0.5419,0.1335,0.0088,0.0006,0.011,0.0809
CA,2026,0.0202,0.0458,0.1859,0.5034,0.1262,0.0099,0.0006,0.0106,0.0972
CD,2019,0.0196,0.0214,0.0294,0.9196,0.0011,0.0053,0.0004,0.0016,0.0016
CD,2020,0.0196,0.0214,0.0294,0.9196,0.0011,0.0053,0.0004,0.0016,0.0016
CD,2021,0.0196,0.0214,0.0294,0.9196,0.0011,0.0053,0.0004,0.0016,0.0016
CD,2022,0.0196,0.0214,0.0294,0.9196,0.0011,0.0053,0.0004,0.0016,0.0016
CD,2023,0.0196,0.0214,0.0294,0.9196,0.0011,0.0053,0.0004,0.0016,0.0016
CD,2024,0.0196,0.0214,0.0294,0.9196,0.0011,0.0053,0.0004,0.0016,0.0016
CD,2025,0.0196,0.0214,0.0294,0.9196,0.0011,0.0053,0.0004,0.0016,0.0016
CD,2026,0.0196,0.0214,0.0294,0.9196,0.0011,0.0053,0.0004,0.0016,0.0016
CF,2019,0,0,0,1,0,0,0,0,0
CF,2020,0,0,0,1,0,0,0,0,0
CF,2021,0,0,0,1,0,0,0,0,0
CF,2022,0,0,0,1,0,0,0,0,0
CF,2023,0,0,0,1,0,0,0,0,0
CF,2024,0,0,0,1,0,0,0,0,0
CF,2025,0,0,0,1,0,0,0,0,0
CF,2026,0,0,0,1,0,0,0,0,0
CG,2019,0,0,0.6813,0.272,0,0.0466,0,0,0
CG,2020,0,0,0.6813,0.272,0,0.0466,0,0,0
CG,2021,0,0,0.6813,0.272,0,0.0466,0,0,0
CG,2022,0,0,0.6813,0.272,0,0.0466,0,0,0
CG,2023,0,0,0.6813,0.272,0,0.0466,0,0,0
CG,2024,0,0,0.6813,0.272,0,0.0466,0,0,0
CG,2025,0,0,0.6813,0.272,0,0.0466,0,0,0
CG,2026,0,0,0.6813,0.272,0,0.0466,0,0,0
CH,2019,0.0013,0.008,0.0119,0.5363,0.3545,0.052,0.0004,0.0288,0.0068
CH,2020,0.0011,0.0059,0.01,0.5571,0.3275,0.0548,0.0003,0.036,0.0073
CH,2021,0.0031,0.0168,0.0273,0.5548,0.2849,0.0556,0.0008,0.0428,0.0138
CH,2022,0.0028,0.0156,0.0241,0.4829,0.3461,0.0545,0.0008,0.0588,0.0144
CH,2023,0.001,0.0055,0.0087,0.5433,0.3213,0.0485,0.0003,0.0641,0.0074
CH,2024,0.0004,0.002,0.0036,0.5854,0.2899,0.0453,0.0001,0.0688,0.0046
CH,2025,0.0025,0.0122,0.0231,0.514,0.2701,0.0503,0.0007,0.1125,0.0146
CH,2026,0.0085,0.0405,0.0823,0.4274,0.2922,0.05,0.0024,0.0499,0.0467
CI,2019,0.0066,0,0.6679,0.3236,0,0.0009,0,0.0009,0
CI,2020,0.0066,0,0.6679,0.3236,0,0.0009,0,0.0009,0
CI,2021,0.0066,0,0.6679,0.3236,0,0.0009,0,0.0009,0
CI,2022,0.0066,0,0.6679,0.3236,0,0.0009,0,0.0009,0
CI,2023,0.0066,0,0.6679,0.3236,0,0.0009,0,0.0009,0
CI,2024,0.0066,0,0.6679,0.3236,0,0.0009,0,0.0009,0
CI,2025,0.0066,0,0.6679,0.3236,0,0.0009,0,0.0009,0
CI,2026,0.0066,0,0.6679,0.3236,0,0.0009,0,0.0009,0
CK,2019,0,0,0,0,0,0.75,0,0.25,0
CK,2020,0,0,0,0,0,0.75,0,0.25,0
CK,2021,0,0,0,0,0,0.75,0,0.25,0
CK,2022,0,0,0,0,0,0.75,0,0.25,0
CK,2023,0,0,0,0,0,0.75,0,0.25,0
CK,2024,0,0,0,0,0,0.75,0,0.25,0
CK,2025,0,0,0,0,0,0.75,0,0.25,0
CK,2026,0,0,0,0,0,0.75,0,0.25,0
CL,2019,0.0235,0.3668,0.1827,0.2691,0,0.0106,0.0028,0.0825,0.062
CL,2020,0.0243,0.3472,0.1764,0.2654,0,0.0139,0.0032,0.0982,0.0714
CL,2021,0.0248,0.3393,0.1774,0.2023,0,0.0309,0.0042,0.1323,0.0889
CL,2022,0.0231,0.2304,0.1908,0.244,0,0.025,0.0056,0.1746,0.1065
CL,2023,0.0234,0.167,0.1851,0.2861,0,0.0154,0.0052,0.1992,0.1187
CL,2024,0.0227,0.1514,0.1447,0.3173,0,0.0135,0.0035,0.2173,0.1296
CL,2025,0.0232,0.1769,0.1555,0.244,0,0.0156,0.0014,0.2403,0.1431
CL,2026,0.0173,0.1678,0.1092,0.229,0,0.0133,0.0013,0.3116,0.1505
CM,2019,0.0048,0.0018,0.263,0.6048,0.0001,0.1228,0,0.0025,0.0001
CM,2020,0.0048,0.0018,0.263,0.6048,0.0001,0.1228,0,0.0025,0.0001
CM,2021,0.0048,0.0018,0.263,0.6048,0.0001,0.1228,0,0.0025,0.0001
CM,2022,0.0048,0.0018,0.263,0.6048,0.0001,0.1228,0,0.0025,0.0001
CM,2023,0.0048,0.0018,0.263,0.6048,0.0001,0.1228,0,0.0025,0.0001
CM,2024,0.0048,0.0018,0.263,0.6048,0.0001,0.1228,0,0.0025,0.0001
CM,2025,0.0048,0.0018,0.263,0.6048,0.0001,0.1228,0,0.0025,0.0001
CM,2026,0.0048,0.0018,0.263,0.6048,0.0001,0.1228,0,0.0025,0.0001
CN,2019,0.0151,0.662,0.0289,0.1578,0.0475,0.0028,0,0.0306,0.0553
CN,2020,0.0174,0.6464,0.0308,0.1593,0.0481,0.0026,0,0.0342,0.0612
CN,2021,0.0193,0.6389,0.0316,0.1424,0.0487,0.0021,0,0.0389,0.078
CN,2022,0.0205,0.6232,0.0301,0.1394,0.0481,0.0018,0,0.0492,0.0878
CN,2023,0.021,0.6187,0.0299,0.1241,0.0466,0.0017,0,0.0628,0.0952
CN,2024,0.02,0.591,0.0286,0.1292,0.0451,0.0017,0,0.0842,0.1002
CN,2025,0.0195,0.5548,0.0285,0.1271,0.0464,0.0016,0,0.1141,0.108
CN,2026,0.0204,0.5817,0.0299,0.0945,0.0487,0.0017,0,0.0989,0.1242
CO,2019,0.0016,0.1043,0.0917,0.7862,0.0008,0.0095,0.0003,0.0022,0.0033
CO,2020,0.0027,0.1268,0.0896,0.7522,0.0017,0.0176,0.0006,0.0046,0.0042
CO,2021,0.0003,0.0595,0.0797,0.8418,0.0007,0.009,0.0002,0.0056,0.0032
CO,2022,0.0001,0.0464,0.0794,0.8576,0.0004,0.0064,0.0001,0.0073,0.0023
CO,2023,0.0005,0.0968,0.0938,0.7712,0.0009,0.0105,0.0003,0.0183,0.0075
CO,2024,0.0011,0.1201,0.0887,0.7128,0.0023,0.0134,0.0006,0.0484,0.0126
CO,2025,0.0001,0.032,0.0764,0.8296,0.0002,0.0073,0,0.0516,0.0029
CO,2026,0,0.0127,0.0814,0.844,0.0001,0.0071,0,0.0517,0.0031
CR,2019,0.0063,0.0014,0.0061,0.6882,0.0005,0.0106,0.1311,0.0004,0.1553
CR,2020,0.0054,0.0005,0.0024,0.7191,0.0003,0.0026,0.141,0.0003,0.1284
CR,2021,0.0066,0,0,0.7377,0,0,0.1286,0,0.1271
CR,2022,0.0059,0,0.0002,0.7409,0,0.0078,0.1327,0,0.1124
CR,2023,0.0044,0.0014,0.0075,0.6904,0.0007,0.0512,0.1206,0.0017,0.1222
CR,2024,0.0041,0.001,0.0064,0.6649,0.0006,0.106,0.1171,0.0019,0.0981
CR,2025,0.0039,0.0004,0.0027,0.7534,0.0003,0.0139,0.1079,0.0011,0.1165
CR,2026,0.0095,0.0012,0.007,0.6938,0.0006,0.0202,0.1123,0.0029,0.1525
CU,2019,0.0251,0,0.1184,0.0068,0,0.8386,0,0.0101,0.001
CU,2020,0.0251,0,0.1184,0.0068,0,0.8386,0,0.0101,0.001
CU,2021,0.0251,0,0.1184,0.0068,0,0.8386,0,0.0101,0.001
CU,2022,0.0251,0,0.1184,0.0068,0,0.8386,0,0.0101,0.001
CU,2023,0.0251,0,0.1184,0.0068,0,0.8386,0,0.0101,0.001
CU,2024,0.0251,0,0.1184,0.0068,0,0.8386,0,0.0101,0.001
CU,2025,0.0251,0,0.1184,0.0068,0,0.8386,0,0.0101,0.001
CU,2026,0.0251,0,0.1184,0.0068,0,0.8386,0,0.0101,0.001
CV,2019,0,0,0,0,0,0.8182,0,0.0227,0.1591
CV,2020,0,0,0,0,0,0.8182,0,0.0227,0.1591
CV,2021,0,0,0,0,0,0.8182,0,0.0227,0.1591
CV,2022,0,0,0,0,0,0.8182,0,0.0227,0.1591
CV,2023,0,0,0,0,0,0.8182,0,0.0227,0.1591
CV,2024,0,0,0,0,0,0.8182,0,0.0227,0.1591
CV,2025,0,0,0,0,0,0.8182,0,0.0227,0.1591
CV,2026,0,0,0,0,0,0.8182,0,0.0227,0.1591
CY,2019,0,0,0,0,0,0.9041,0,0.0463,0.0496
CY,2020,0.0051,0,0,0,0,0.8724,0,0.0697,0.0527
CY,2021,0.0017,0,0,0,0,0.8496,0,0.0992,0.0496
CY,2022,0,0,0,0,0,0.8317,0,0.123,0.0453
CY,2023,0,0,0,0,0,0.7933,0,0.1669,0.0398
CY,2024,0,0,0,0,0,0.7627,0,0.1985,0.0388
CY,2025,0,0,0,0,0,0.7233,0,0.2416,0.0352
CY,2026,0,0,0,0,0,0.7308,0,0.2308,0.0385
CZ,2019,0.0247,0.4236,0.0672,0.0243,0.3588,0.0342,0.0296,0.0288,0.0088
CZ,2020,0.031,0.376,0.0725,0.0276,0.3779,0.0446,0.032,0.0289,0.0096
CZ,2021,0.0324,0.387,0.0782,0.0319,0.3718,0.0318,0.0304,0.0286,0.0078
CZ,2022,0.0311,0.4237,0.0678,0.0264,0.3757,0.0059,0.0304,0.0305,0.0086
CZ,2023,0.0317,0.3793,0.0473,0.0333,0.4072,0.0168,0.0336,0.0402,0.0105
CZ,2024,0.0329,0.3482,0.0498,0.0377,0.4139,0.0138,0.0352,0.0581,0.0103
CZ,2025,0.0412,0.3335,0.0526,0.0237,0.4307,0.0084,0.0324,0.0681,0.0092
CZ,2026,0.0379,0.376,0.0774,0.019,0.4297,0.0047,0.0316,0.0126,0.0111
DE,2019,0.0739,0.2752,0.1497,0.0356,0.1248,0.0378,0.0084,0.0799,0.2147
DE,2020,0.0791,0.2266,0.1699,0.0356,0.1135,0.0376,0.0089,0.0917,0.2372
DE,2021,0.075,0.2725,0.1578,0.0361,0.1189,0.038,0.0086,0.0908,0.2022
DE,2022,0.0808,0.3055,0.1402,0.0322,0.0603,0.0383,0.0084,0.1118,0.2226
DE,2023,0.0847,0.2471,0.1482,0.0464,0.0218,0.0399,0.0092,0.1299,0.2728
DE,2024,0.085,0.2034,0.1619,0.0555,0.011,0.0402,0.0093,0.1518,0.2818
DE,2025,0.0842,0.1966,0.169,0.0431,0.0076,0.0372,0.0076,0.183,0.2717
DE,2026,0.0886,0.1926,0.2164,0.0308,0.0048,0.043,0.0071,0.0442,0.3724
DJ,2019,0.0031,0.2564,0.3512,0.1368,0.0128,0.2048,0.0051,0.0107,0.019
DJ,2020,0.0031,0.2564,0.3512,0.1368,0.0128,0.2048,0.0051,0.0107,0.019
DJ,2021,0.0031,0.2564,0.3512,0.1368,0.0128,0.2048,0.0051,0.0107,0.019
DJ,2022,0.0031,0.2564,0.3512,0.1368,0.0128,0.2048,0.0051,0.0107,0.019
DJ,2023,0.0031,0.2564,0.3512,0.1368,0.0128,0.2048,0.0051,0.0107,0.019
DJ,2024,0.0031,0.2564,0.3512,0.1368,0.0128,0.2048,0.0051,0.0107,0.019
DJ,2025,0.0031,0.2564,0.3512,0.1368,0.0128,0.2048,0.0051,0.0107,0.019
DJ,2026,0.0031,0.2564,0.3512,0.1368,0.0128,0.2048,0.0051,0.0107,0.019
DK,2019,0.1107,0.1377,0.1217,0.0315,0.0408,0.049,0.0014,0.0355,0.4716
DK,2020,0.0921,0.14,0.1051,0.0397,0.045,0.0479,0.0018,0.0455,0.4829
DK,2021,0.1338,0.175,0.1021,0.0235,0.0285,0.0508,0.0011,0.0447,0.4407
DK,2022,0.1136,0.1508,0.0776,0.013,0.0149,0.0456,0.0006,0.0644,0.5195
DK,2023,0.1058,0.1049,0.0767,0.0177,0.0199,0.0358,0.0008,0.0916,0.5467
DK,2024,0.1064,0.0985,0.0711,0.0192,0.0215,0.0339,0.0009,0.1054,0.5432
DK,2025,0.0951,0.0833,0.0861,0.0308,0.0372,0.0369,0.0015,0.1264,0.5028
DK,2026,0.1153,0.0971,0.0939,0.0196,0.0273,0.0373,0.001,0.0173,0.5912
DM,2019,0,0,0,0.1429,0,0.8571,0,0,0
DM,2020,0,0,0,0.1429,0,0.8571,0,0,0
DM,2021,0,0,0,0.1429,0,0.8571,0,0,0
DM,2022,0,0,0,0.1429,0,0.8571,0,0,0
DM,2023,0,0,0,0.1429,0,0.8571,0,0,0
DM,2024,0,0,0,0.1429,0,0.8571,0,0,0
DM,2025,0,0,0,0.1429,0,0.8571,0,0,0
DM,2026,0,0,0,0.1429,0,0.8571,0,0,0
DO,2019,0.0099,0.1673,0.2608,0.0611,0,0.4464,0,0.0174,0.0371
DO,2020,0.0099,0.1673,0.2608,0.0611,0,0.4464,0,0.0174,0.0371
DO,2021,0.0099,0.1673,0.2608,0.0611,0,0.4464,0,0.0174,0.0371
DO,2022,0.0098,0.1717,0.2624,0.0614,0,0.4395,0,0.0179,0.0372
DO,2023,0.0088,0.309,0.392,0.0482,0,0.1468,0,0.0474,0.0478
DO,2024,0.0087,0.2957,0.4102,0.0587,0,0.1276,0,0.0579,0.0412
DO,2025,0.0081,0.2867,0.3909,0.0615,0,0.116,0,0.0924,0.0444
DO,2026,0.0045,0.2851,0.3982,0.0498,0,0.1357,0,0.1041,0.0226
DZ,2019,0,0,0.9847,0.0018,0,0.0047,0,0.0087,0.0001
DZ,2020,0,0,0.9847,0.0018,0,0.0047,0,0.0087,0.0001
DZ,2021,0,0,0.9847,0.0018,0,0.0047,0,0.0087,0.0001
DZ,2022,0,0,0.9847,0.0018,0,0.0047,0,0.0087,0.0001
DZ,2023,0,0,0.9847,0.0018,0,0.0047,0,0.0087,0.0001
DZ,2024,0,0,0.9847,0.0018,0,0.0047,0,0.0087,0.0001
DZ,2025,0,0,0.9847,0.0018,0,0.0047,0,0.0087,0.0001
DZ,2026,0,0,0.9847,0.0018,0,0.0047,0,0.0087,0.0001
EC,2019,0.0142,0,0.0447,0.764,0,0.1743,0,0,0.0028
EC,2020,0.0147,0.0003,0.0416,0.7769,0.0002,0.1625,0.0001,0.0002,0.0034
EC,2021,0.0124,0.0004,0.0411,0.7914,0.0003,0.151,0.0001,0.0004,0.0028
EC,2022,0.0115,0.0004,0.0374,0.7447,0.0002,0.202,0.0001,0.0007,0.003
EC,2023,0.0099,0.0014,0.0368,0.7138,0.0007,0.2263,0.0002,0.0021,0.0088
EC,2024,0.014,0.0014,0.0384,0.6582,0.0008,0.2742,0.0002,0.0028,0.0101
EC,2025,0.0113,0.0005,0.0303,0.7516,0.0003,0.1987,0.0001,0.0012,0.006
EC,2026,0.0215,0.0007,0.0282,0.7624,0.0003,0.1808,0.0001,0.0016,0.0047
EE,2019,0.0784,0.0467,0.0739,0.0489,0.0643,0.5626,0.0035,0.0093,0.1122
EE,2020,0.0843,0.0663,0.1129,0.0824,0.0981,0.3605,0.0038,0.0311,0.1606
EE,2021,0.065,0.0466,0.0785,0.0539,0.0672,0.5134,0.0025,0.049,0.1238
EE,2022,0.095,0.0218,0.0355,0.0199,0.0267,0.6251,0.0011,0.0733,0.1014
EE,2023,0.0749,0.0604,0.0992,0.0705,0.0824,0.3374,0.0034,0.1165,0.1553
EE,2024,0.0673,0.0496,0.0864,0.0658,0.0748,0.3034,0.003,0.1482,0.2015
EE,2025,0.0656,0.0517,0.0968,0.0647,0.0817,0.2601,0.0032,0.1626,0.2136
EE,2026,0.0611,0.0765,0.1553,0.0861,0.1202,0.2028,0.0045,0.0174,0.2763
EG,2019,0,0,0.8345,0.0716,0,0.0682,0,0.0059,0.0198
EG,2020,0,0,0.8486,0.0762,0,0.0264,0,0.0249,0.024
EG,2021,0,0,0.8432,0.0662,0,0.0403,0,0.0241,0.0261
EG,2022,0.0006,0,0.7442,0.0693,0,0.1347,0,0.023,0.0282
EG,2023,0.0001,0,0.799,0.0676,0,0.0845,0,0.0234,0.0253
EG,2024,0.0005,0,0.8056,0.0668,0,0.0744,0,0.0245,0.0282
EG,2025,0.0005,0,0.7822,0.0735,0,0.0723,0,0.0361,0.0354
EG,2026,0.0005,0,0.7798,0.0754,0,0.0721,0,0.0372,0.035
ER,2019,0,0,0,0,0,0.875,0,0.125,0
ER,2020,0,0,0,0,0,0.875,0,0.125,0
ER,2021,0,0,0,0,0,0.875,0,0.125,0
ER,2022,0,0,0,0,0,0.875,0,0.125,0
ER,2023,0,0,0,0,0,0.875,0,0.125,0
ER,2024,0,0,0,0,0,0.875,0,0.125,0
ER,2025,0,0,0,0,0,0.875,0,0.125,0
ER,2026,0,0,0,0,0,0.875,0,0.125,0
ES,2019,0.0123,0.0485,0.311,0.1099,0.2272,0.0206,0.0037,0.0578,0.209
ES,2020,0.0164,0.0245,0.2576,0.1421,0.2335,0.0191,0.0038,0.0827,0.2203
ES,2021,0.017,0.0227,0.2484,0.1333,0.2198,0.0173,0.0036,0.1023,0.2357
ES,2022,0.0154,0.0302,0.2932,0.0836,0.2141,0.014,0.0032,0.1215,0.2248
ES,2023,0.0124,0.0159,0.2193,0.0978,0.2187,0.0109,0.0029,0.1767,0.2454
ES,2024,0.0138,0.012,0.1708,0.1279,0.2102,0.0094,0.0027,0.2166,0.2368
ES,2025,0.0144,0.0051,0.2039,0.1178,0.2028,0.0076,0.0023,0.2291,0.2169
ES,2026,0.0152,0.0024,0.2642,0.1314,0.2287,0.009,0.0024,0.1063,0.2405
ET,2019,0.002,0,0,0.9406,0,0.0007,0,0.0013,0.0555
ET,2020,0.002,0,0,0.9406,0,0.0007,0,0.0013,0.0555
ET,2021,0.002,0,0,0.9406,0,0.0007,0,0.0013,0.0555
ET,2022,0.002,0,0,0.9406,0,0.0007,0,0.0013,0.0555
ET,2023,0.002,0,0,0.9406,0,0.0007,0,0.0013,0.0555
ET,2024,0.002,0,0,0.9406,0,0.0007,0,0.0013,0.0555
ET,2025,0.002,0,0,0.9406,0,0.0007,0,0.0013,0.0555
ET,2026,0.002,0,0,0.9406,0,0.0007,0,0.0013,0.0555
FI,2019,0.1463,0.092,0.1046,0.1816,0.3152,0.0607,0.0044,0.0088,0.0864
FI,2020,0.1273,0.0641,0.0957,0.2287,0.3136,0.0477,0.0041,0.0108,0.1081
FI,2021,0.1416,0.0709,0.0924,0.2133,0.3015,0.055,0.0032,0.0122,0.1099
FI,2022,0.1519,0.0702,0.0512,0.1865,0.3193,0.0567,0.0013,0.0121,0.1509
FI,2023,0.1306,0.0292,0.0163,0.1922,0.4075,0.0381,0.0003,0.0089,0.1767
FI,2024,0.1137,0.0184,0.018,0.1781,0.3747,0.0434,0.0014,0.0171,0.2352
FI,2025,0.1084,0.0128,0.0241,0.1539,0.3776,0.0399,0.0031,0.0211,0.2591
FI,2026,0.1207,0.0063,0.0343,0.1254,0.3741,0.0402,0.0039,0.0012,0.294
FJ,2019,0.0789,0,0,0.4912,0,0.4211,0,0.0088,0
FJ,2020,0.0789,0,0,0.4912,0,0.4211,0,0.0088,0
FJ,2021,0.0789,0,0,0.4912,0,0.4211,0,0.0088,0
FJ,2022,0.0789,0,0,0.4912,0,0.4211,0,0.0088,0
FJ,2023,0.0789,0,0,0.4912,0,0.4211,0,0.0088,0
FJ,2024,0.0789,0,0,0.4912,0,0.4211,0,0.0088,0
FJ,2025,0.0789,0,0,0.4912,0,0.4211,0,0.0088,0
FJ,2026,0.0789,0,0,0.4912,0,0.4211,0,0.0088,0
FK,2019,0,0,0,0,0,1,0,0,0
FK,2020,0,0,0,0,0,1,0,0,0
FK,2021,0,0,0,0,0,1,0,0,0
FK,2022,0,0,0,0,0,1,0,0,0
FK,2023,0,0,0,0,0,1,0,0,0
FK,2024,0,0,0,0,0,1,0,0,0
FK,2025,0,0,0,0,0,1,0,0,0
FK,2026,0,0,0,0,0,1,0,0,0
FO,2019,0,0,0,0.2632,0,0.6053,0,0,0.1316
FO,2020,0,0,0,0.2632,0,0.6053,0,0,0.1316
FO,2021,0,0,0,0.2632,0,0.6053,0,0,0.1316
FO,2022,0,0,0,0.2632,0,0.6053,0,0,0.1316
FO,2023,0,0,0,0.2632,0,0.6053,0,0,0.1316
FO,2024,0,0,0,0.2632,0,0.6053,0,0,0.1316
FO,2025,0,0,0,0.2632,0,0.6053,0,0,0.1316
FO,2026,0,0,0,0.2632,0,0.6053,0,0,0.1316
FR,2019,0.0058,0.0033,0.0736,0.1037,0.7229,0.0065,0,0.0213,0.0629
FR,2020,0.006,0.0035,0.072,0.1207,0.6866,0.0068,0,0.0257,0.0788
FR,2021,0.0062,0.0094,0.0675,0.1106,0.7031,0.0069,0.0001,0.026,0.0702
FR,2022,0.0092,0.014,0.1059,0.1027,0.63,0.0082,0.0003,0.0427,0.0868
FR,2023,0.0068,0.002,0.0603,0.1067,0.6717,0.0053,0,0.0449,0.1023
FR,2024,0.006,0.0012,0.0341,0.1223,0.6964,0.0062,0,0.0443,0.0895
FR,2025,0.0051,0.0026,0.0317,0.0986,0.7053,0.0077,0,0.0567,0.0923
FR,2026,0.0044,0.0062,0.043,0.0983,0.7174,0.0058,0,0.0201,0.1049
GA,2019,0.0035,0.0474,0.3914,0.4141,0.0024,0.1348,0.0009,0.002,0.0035
GA,2020,0.0035,0.0474,0.3914,0.4141,0.0024,0.1348,0.0009,0.002,0.0035
GA,2021,0.0035,0.0474,0.3914,0.4141,0.0024,0.1348,0.0009,0.002,0.0035
GA,2022,0.0035,0.0474,0.3914,0.4141,0.0024,0.1348,0.0009,0.002,0.0035
GA,2023,0.0035,0.0474,0.3914,0.4141,0.0024,0.1348,0.0009,0.002,0.0035
GA,2024,0.0035,0.0474,0.3914,0.4141,0.0024,0.1348,0.0009,0.002,0.0035
GA,2025,0.0035,0.0474,0.3914,0.4141,0.0024,0.1348,0.0009,0.002,0.0035
GA,2026,0.0035,0.0474,0.3914,0.4141,0.0024,0.1348,0.0009,0.002,0.0035
GB,2019,0.0617,0.0329,0.4161,0.0247,0.1996,0.0042,0.0006,0.0427,0.2176
GB,2020,0.0677,0.0259,0.3646,0.028,0.188,0.0068,0.0006,0.0465,0.272
GB,2021,0.0713,0.0316,0.4095,0.0272,0.1762,0.0084,0.0007,0.0443,0.2307
GB,2022,0.0549,0.0197,0.4064,0.0157,0.1663,0.0096,0.0002,0.0458,0.2815
GB,2023,0.0536,0.0234,0.3519,0.0279,0.1641,0.0116,0.0007,0.0524,0.3143
GB,2024,0.0742,0.022,0.301,0.0365,0.1692,0.0151,0.001,0.0625,0.3184
GB,2025,0.0767,0.0135,0.3106,0.0301,0.1478,0.0194,0.0009,0.0787,0.3223
GB,2026,0.075,0.0139,0.2964,0.0357,0.1303,0.0191,0.0008,0.0189,0.4097
GD,2019,0,0,0,0,0,1,0,0,0
GD,2020,0,0,0,0,0,1,0,0,0
GD,2021,0,0,0,0,0,1,0,0,0
GD,2022,0,0,0,0,0,1,0,0,0
GD,2023,0,0,0,0,0,1,0,0,0
GD,2024,0,0,0,0,0,1,0,0,0
GD,2025,0,0,0,0,0,1,0,0,0
GD,2026,0,0,0,0,0,1,0,0,0
GE,2019,0.0019,0.0718,0.2286,0.672,0.0065,0.0013,0.0005,0.0035,0.0138
GE,2020,0.0021,0.0662,0.2405,0.6654,0.0059,0.0011,0.0005,0.0037,0.0147
GE,2021,0.0028,0.0824,0.1828,0.7008,0.0072,0.0014,0.0006,0.0054,0.0166
GE,2022,0.0023,0.06,0.2366,0.6751,0.0056,0.0011,0.0004,0.0046,0.0142
GE,2023,0.0014,0.0338,0.2491,0.6963,0.0032,0.0005,0.0002,0.0031,0.0124
GE,2024,0.0016,0.0406,0.2034,0.7311,0.0039,0.0004,0.0003,0.0051,0.0136
GE,2025,0.002,0.0485,0.1814,0.7397,0.005,0.0005,0.0004,0.0081,0.0145
GE,2026,0.0019,0.0456,0.2768,0.6525,0.0047,0.0004,0.0004,0.0088,0.0089
GF,2019,0.0104,0,0,0.4271,0,0.5104,0,0.0521,0
GF,2020,0.0104,0,0,0.4271,0,0.5104,0,0.0521,0
GF,2021,0.0104,0,0,0.4271,0,0.5104,0,0.0521,0
GF,2022,0.0104,0,0,0.4271,0,0.5104,0,0.0521,0
GF,2023,0.0104,0,0,0.4271,0,0.5104,0,0.0521,0
GF,2024,0.0104,0,0,0.4271,0,0.5104,0,0.0521,0
GF,2025,0.0104,0,0,0.4271,0,0.5104,0,0.0521,0
GF,2026,0.0104,0,0,0.4271,0,0.5104,0,0.0521,0
GH,2019,0.0012,0,0.4156,0.4191,0,0.1613,0,0.0029,0
GH,2020,0.0012,0,0.4156,0.4191,0,0.1613,0,0.0029,0
GH,2021,0.0012,0,0.4156,0.4191,0,0.1613,0,0.0029,0
GH,2022,0.0012,0,0.4156,0.4191,0,0.1613,0,0.0029,0
GH,2023,0.0012,0,0.4156,0.4191,0,0.1613,0,0.0029,0
GH,2024,0.0012,0,0.4156,0.4191,0,0.1613,0,0.0029,0
GH,2025,0.0012,0,0.4156,0.4191,0,0.1613,0,0.0029,0
GH,2026,0.0012,0,0.4156,0.4191,0,0.1613,0,0.0029,0
GI,2019,0,0,0.3182,0,0,0.6818,0,0,0
GI,2020,0,0,0.3182,0,0,0.6818,0,0,0
GI,2021,0,0,0.3182,0,0,0.6818,0,0,0
GI,2022,0,0,0.3182,0,0,0.6818,0,0,0
GI,2023,0,0,0.3182,0,0,0.6818,0,0,0
GI,2024,0,0,0.3182,0,0,0.6818,0,0,0
GI,2025,0,0,0.3182,0,0,0.6818,0,0,0
GI,2026,0,0,0.3182,0,0,0.6818,0,0,0
GL,2019,0,0,0,0.8367,0,0.1633,0,0,0
GL,2020,0,0,0,0.8367,0,0.1633,0,0,0
GL,2021,0,0,0,0.8367,0,0.1633,0,0,0
GL,2022,0,0,0,0.8367,0,0.1633,0,0,0
GL,2023,0,0,0,0.8367,0,0.1633,0,0,0
GL,2024,0,0,0,0.8367,0,0.1633,0,0,0
GL,2025,0,0,0,0.8367,0,0.1633,0,0,0
GL,2026,0,0,0,0.8367,0,0.1633,0,0,0
GM,2019,0,0,0,0,0,1,0,0,0
GM,2020,0,0,0,0,0,1,0,0,0
GM,2021,0,0,0,0,0,1,0,0,0
GM,2022,0,0,0,0,0,1,0,0,0
GM,2023,0,0,0,0,0,1,0,0,0
GM,2024,0,0,0,0,0,1,0,0,0
GM,2025,0,0,0,0,0,1,0,0,0
GM,2026,0,0,0,0,0,1,0,0,0
GN,2019,0,0,0,0.6293,0,0.361,0,0.0098,0
GN,2020,0,0,0,0.6293,0,0.361,0,0.0098,0
GN,2021,0,0,0,0.6293,0,0.361,0,0.0098,0
GN,2022,0,0,0,0.6293,0,0.361,0,0.0098,0
GN,2023,0,0,0,0.6293,0,0.361,0,0.0098,0
GN,2024,0,0,0,0.6293,0,0.361,0,0.0098,0
GN,2025,0,0,0,0.6293,0,0.361,0,0.0098,0
GN,2026,0,0,0,0.6293,0,0.361,0,0.0098,0
GP,2019,0.0349,0.2267,0,0.0233,0,0.5581,0.064,0.0581,0.0349
GP,2020,0.0349,0.2267,0,0.0233,0,0.5581,0.064,0.0581,0.0349
GP,2021,0.0349,0.2267,0,0.0233,0,0.5581,0.064,0.0581,0.0349
GP,2022,0.0349,0.2267,0,0.0233,0,0.5581,0.064,0.0581,0.0349
GP,2023,0.0349,0.2267,0,0.0233,0,0.5581,0.064,0.0581,0.0349
GP,2024,0.0349,0.2267,0,0.0233,0,0.5581,0.064,0.0581,0.0349
GP,2025,0.0349,0.2267,0,0.0233,0,0.5581,0.064,0.0581,0.0349
GP,2026,0.0349,0.2267,0,0.0233,0,0.5581,0.064,0.0581,0.0349
GQ,2019,0,0,0.6714,0.3214,0,0.0071,0,0,0
GQ,2020,0,0,0.6714,0.3214,0,0.0071,0,0,0
GQ,2021,0,0,0.6714,0.3214,0,0.0071,0,0,0
GQ,2022,0,0,0.6714,0.3214,0,0.0071,0,0,0
GQ,2023,0,0,0.6714,0.3214,0,0.0071,0,0,0
GQ,2024,0,0,0.6714,0.3214,0,0.0071,0,0,0
GQ,2025,0,0,0.6714,0.3214,0,0.0071,0,0,0
GQ,2026,0,0,0.6714,0.3214,0,0.0071,0,0,0
GR,2019,0.0055,0.2449,0.3951,0.0918,0.045,0.0042,0.0016,0.0782,0.1337
GR,2020,0.0055,0.1501,0.4453,0.0859,0.0401,0.0039,0.0016,0.0911,0.1766
GR,2021,0.0024,0.1223,0.4655,0.1068,0.0178,0.0017,0.0007,0.0935,0.1893
GR,2022,0.0028,0.1324,0.4241,0.0858,0.0185,0.002,0.0008,0.1233,0.2102
GR,2023,0.0031,0.1158,0.3652,0.0928,0.0222,0.0023,0.0009,0.1783,0.2194
GR,2024,0.0007,0.0675,0.422,0.0576,0.0053,0.0005,0.0002,0.2264,0.2196
GR,2025,0.0003,0.0543,0.4309,0.0506,0.0022,0.0002,0.0001,0.2578,0.2036
GR,2026,0,0.0893,0.5316,0.0632,0,0,0,0.1351,0.1808
GT,2019,0.2181,0.3197,0,0.352,0,0.0417,0.0244,0.0181,0.026
GT,2020,0.2181,0.3197,0,0.352,0,0.0417,0.0244,0.0181,0.026
GT,2021,0.2181,0.3197,0,0.352,0,0.0417,0.0244,0.0181,0.026
GT,2022,0.2181,0.3197,0,0.352,0,0.0417,0.0244,0.0181,0.026
GT,2023,0.2181,0.3197,0,0.352,0,0.0417,0.0244,0.0181,0.026
GT,2024,0.2181,0.3197,0,0.352,0,0.0417,0.0244,0.0181,0.026
GT,2025,0.2181,0.3197,0,0.352,0,0.0417,0.0244,0.0181,0.026
GT,2026,0.2181,0.3197,0,0.352,0,0.0417,0.0244,0.0181,0.026
GU,2019,0,0,0,0,0,0.9543,0,0.0457,0
GU,2020,0,0,0,0,0,0.9543,0,0.0457,0
GU,2021,0,0,0,0,0,0.9543,0,0.0457,0
GU,2022,0,0,0,0,0,0.9543,0,0.0457,0
GU,2023,0,0,0,0,0,0.9543,0,0.0457,0
GU,2024,0,0,0,0,0,0.9543,0,0.0457,0
GU,2025,0,0,0,0,0,0.9543,0,0.0457,0
GU,2026,0,0,0,0,0,0.9543,0,0.0457,0
GW,2019,0,0,0,0,0,1,0,0,0
GW,2020,0,0,0,0,0,1,0,0,0
GW,2021,0,0,0,0,0,1,0,0,0
GW,2022,0,0,0,0,0,1,0,0,0
GW,2023,0,0,0,0,0,1,0,0,0
GW,2024,0,0,0,0,0,1,0,0,0
GW,2025,0,0,0,0,0,1,0,0,0
GW,2026,0,0,0,0,0,1,0,0,0
GY,2019,0.0088,0,0,0,0,0.9737,0,0.0175,0
GY,2020,0.0088,0,0,0,0,0.9737,0,0.0175,0
GY,2021,0.0088,0,0,0,0,0.9737,0,0.0175,0
GY,2022,0.0088,0,0,0,0,0.9737,0,0.0175,0
GY,2023,0.0088,0,0,0,0,0.9737,0,0.0175,0
GY,2024,0.0088,0,0,0,0,0.9737,0,0.0175,0
GY,2025,0.0088,0,0,0,0,0.9737,0,0.0175,0
GY,2026,0.0088,0,0,0,0,0.9737,0,0.0175,0
HK,2019,0.0067,0.5738,0.3454,0.0348,0.0134,0.0065,0.001,0.0081,0.0103
HK,2020,0.0072,0.5713,0.3446,0.0355,0.0134,0.006,0.001,0.0095,0.0114
HK,2021,0.0077,0.5707,0.3431,0.0328,0.0134,0.0061,0.001,0.0109,0.0143
HK,2022,0.0081,0.5676,0.3417,0.0328,0.0134,0.0062,0.001,0.0132,0.0159
HK,2023,0.0083,0.5685,0.3406,0.0293,0.0134,0.0055,0.001,0.0158,0.0176
HK,2024,0.0081,0.5642,0.3399,0.0303,0.0132,0.0051,0.001,0.0198,0.0185
HK,2025,0.0081,0.5566,0.339,0.0308,0.0132,0.0051,0.001,0.0258,0.0206
HK,2026,0.0083,0.5551,0.3391,0.0286,0.0131,0.0048,0.001,0.0251,0.025
HN,2019,0.1282,0.0056,0.0055,0.2236,0.0005,0.4382,0.0265,0.0986,0.0732
HN,2020,0.1283,0.0054,0.0056,0.2238,0.0005,0.4376,0.0265,0.0988,0.0734
HN,2021,0.1282,0.0053,0.0062,0.223,0.0005,0.4375,0.0265,0.0989,0.0736
HN,2022,0.1282,0.0052,0.0052,0.2238,0.0004,0.4376,0.0265,0.0992,0.0737
HN,2023,0.1282,0.0053,0.0053,0.2234,0.0005,0.4374,0.0264,0.0995,0.0739
HN,2024,0.1283,0.0052,0.0054,0.2229,0.0005,0.4373,0.0264,0.0998,0.074
HN,2025,0.1282,0.0053,0.0054,0.2227,0.0005,0.4371,0.0264,0.1001,0.0742
HN,2026,0.1282,0.0054,0.0054,0.2222,0.0005,0.4371,0.0264,0.1004,0.0742
HR,2019,0.034,0.1432,0.2137,0.3588,0.0801,0.0103,0.0289,0.0173,0.1136
HR,2020,0.0377,0.1104,0.2529,0.3435,0.0646,0.0087,0.0314,0.0181,0.1328
HR,2021,0.0403,0.1125,0.2097,0.3911,0.0547,0.0074,0.0288,0.0175,0.1379
HR,2022,0.0448,0.1275,0.254,0.2971,0.057,0.0074,0.0249,0.0273,0.1601
HR,2023,0.0378,0.0878,0.224,0.4061,0.0293,0.0089,0.0156,0.0327,0.1577
HR,2024,0.0399,0.0736,0.2145,0.3473,0.054,0.0098,0.0168,0.0707,0.1735
HR,2025,0.0405,0.0737,0.1982,0.2933,0.0632,0.009,0.0169,0.1019,0.2034
HR,2026,0.0424,0.1181,0.2545,0.2894,0.0591,0.0115,0.0194,0.0258,0.1799
HT,2019,0,0,0,0.1604,0,0.8396,0,0,0
HT,2020,0,0,0,0.1604,0,0.8396,0,0,0
HT,2021,0,0,0,0.1604,0,0.8396,0,0,0
HT,2022,0,0,0,0.1604,0,0.8396,0,0,0
HT,2023,0,0,0,0.1604,0,0.8396,0,0,0
HT,2024,0,0,0,0.1604,0,0.8396,0,0,0
HT,2025,0,0,0,0.1604,0,0.8396,0,0,0
HT,2026,0,0,0,0.1604,0,0.8396,0,0,0
HU,2019,0.0301,0.1401,0.2462,0.0534,0.415,0.0258,0.005,0.0417,0.0427
HU,2020,0.0311,0.1259,0.251,0.0537,0.4032,0.0216,0.005,0.065,0.0434
HU,2021,0.0325,0.1086,0.2573,0.051,0.3864,0.0224,0.0048,0.0948,0.042
HU,2022,0.0333,0.109,0.2424,0.0449,0.3817,0.0218,0.0049,0.1178,0.0442
HU,2023,0.024,0.0979,0.2078,0.0476,0.3887,0.0193,0.0032,0.1647,0.0469
HU,2024,0.0264,0.0873,0.1911,0.0456,0.3709,0.0178,0.0044,0.2117,0.0449
HU,2025,0.0368,0.0578,0.2032,0.0344,0.3605,0.0156,0.004,0.2514,0.0363
HU,2026,0.0411,0.072,0.323,0.0518,0.3453,0.018,0.0048,0.0903,0.0537
ID,2019,0.0411,0.5906,0.2104,0.072,0.0003,0.0357,0.0476,0.0006,0.0018
ID,2020,0.0411,0.5905,0.2104,0.072,0.0003,0.0357,0.0476,0.0006,0.0018
ID,2021,0.0411,0.5905,0.2103,0.0719,0.0003,0.0357,0.0476,0.0006,0.0019
ID,2022,0.0411,0.5904,0.2103,0.0719,0.0003,0.0357,0.0476,0.0007,0.0019
ID,2023,0.0411,0.5904,0.2103,0.0719,0.0003,0.0356,0.0476,0.0007,0.002
ID,2024,0.0411,0.5904,0.2103,0.0719,0.0003,0.0356,0.0476,0.0008,0.002
ID,2025,0.0411,0.5902,0.2102,0.0719,0.0003,0.0356,0.0476,0.001,0.0021
ID,2026,0.0411,0.5901,0.2102,0.0718,0.0003,0.0356,0.0476,0.001,0.0022
IE,2019,0.0089,0.0362,0.4791,0.0455,0.0256,0.0867,0.0009,0.0034,0.3138
IE,2020,0.0076,0.0381,0.4697,0.0466,0.0233,0.0607,0.0009,0.004,0.3492
IE,2021,0.0066,0.0992,0.4477,0.0398,0.0219,0.0757,0.0008,0.0043,0.3039
IE,2022,0.006,0.0868,0.4646,0.0325,0.0163,0.0583,0.0007,0.0043,0.3307
IE,2023,0.0069,0.0537,0.4505,0.0485,0.0245,0.0359,0.001,0.0196,0.3594
IE,2024,0.0079,0.0481,0.4402,0.0501,0.0317,0.0387,0.0013,0.0333,0.3487
IE,2025,0.0087,0.0368,0.4315,0.0498,0.0392,0.039,0.0016,0.0491,0.3443
IE,2026,0.0084,0.0251,0.4492,0.056,0.0395,0.0347,0.0015,0.015,0.3707
IL,2019,0.0015,0.3042,0.6402,0,0,0.0151,0,0.0363,0.0026
IL,2020,0.0015,0.3042,0.6402,0,0,0.0151,0,0.0363,0.0026
IL,2021,0.0015,0.3042,0.6402,0,0,0.0151,0,0.0363,0.0026
IL,2022,0.0015,0.3042,0.6402,0,0,0.0151,0,0.0363,0.0026
IL,2023,0.0015,0.3042,0.6402,0,0,0.0151,0,0.0363,0.0026
IL,2024,0.0015,0.3042,0.6402,0,0,0.0151,0,0.0363,0.0026
IL,2025,0.0015,0.3042,0.6402,0,0,0.0151,0,0.0363,0.0026
IL,2026,0.0015,0.3042,0.6402,0,0,0.0151,0,0.0363,0.0026
IN,2019,0.0107,0.7243,0.0349,0.1175,0.0328,0.0001,0.0003,0.0335,0.046
IN,2020,0.0108,0.7054,0.039,0.1218,0.0333,0.0001,0.0009,0.0437,0.045
IN,2021,0.0104,0.7291,0.027,0.1092,0.0299,0.0001,0.0015,0.0464,0.0464
IN,2022,0.0103,0.7299,0.0159,0.1096,0.029,0.0001,0.0016,0.0597,0.044
IN,2023,0.0087,0.7419,0.0173,0.0874,0.0283,0.0002,0.0016,0.0665,0.0482
IN,2024,0.0074,0.7357,0.0188,0.0865,0.0303,0.0002,0.0016,0.0741,0.0452
IN,2025,0.0075,0.701,0.0142,0.0988,0.0295,0.0002,0.0016,0.0899,0.0572
IN,2026,0.0134,0.7275,0.0129,0.0813,0.0292,0.0002,0.0018,0.0998,0.0339
IQ,2019,0,0.0009,0.5835,0.0425,0.0003,0.3719,0,0.0009,0.0001
IQ,2020,0,0.0009,0.5835,0.0425,0.0003,0.3719,0,0.0009,0.0001
IQ,2021,0,0.0009,0.5835,0.0425,0.0003,0.3719,0,0.0009,0.0001
IQ,2022,0,0.0009,0.5835,0.0425,0.0003,0.3719,0,0.0009,0.0001
IQ,2023,0,0.0009,0.5835,0.0425,0.0003,0.3719,0,0.0009,0.0001
IQ,2024,0,0.0009,0.5835,0.0425,0.0003,0.3719,0,0.0009,0.0001
IQ,2025,0,0.0009,0.5835,0.0425,0.0003,0.3719,0,0.0009,0.0001
IQ,2026,0,0.0009,0.5835,0.0425,0.0003,0.3719,0,0.0009,0.0001
IR,2019,0,0,0.7887,0.1023,0,0.109,0,0,0
IR,2020,0,0,0.8023,0.0689,0,0.1289,0,0,0
IR,2021,0,0,0.8455,0.0412,0,0.1132,0,0,0
IR,2022,0,0,0.8306,0.0445,0,0.1249,0,0,0
IR,2023,0,0,0.8354,0.0596,0,0.105,0,0,0
IR,2024,0,0,0.7923,0.0568,0,0.151,0,0,0
IR,2025,0,0,0.8211,0.0348,0,0.144,0,0,0
IR,2026,0,0.0001,0.8508,0.0347,0,0.1144,0,0,0
IS,2019,0,0,0,0.6885,0,0,0.311,0,0.0005
IS,2020,0,0,0,0.6885,0,0,0.311,0,0.0005
IS,2021,0,0,0,0.6885,0,0,0.311,0,0.0005
IS,2022,0,0,0,0.6885,0,0,0.311,0,0.0005
IS,2023,0,0,0,0.6885,0,0,0.311,0,0.0005
IS,2024,0,0,0,0.6885,0,0,0.311,0,0.0005
IS,2025,0,0,0,0.6885,0,0,0.311,0,0.0005
IS,2026,0,0,0,0.6885,0,0,0.311,0,0.0005
IT,2019,0.0605,0.0745,0.4745,0.1658,0.0275,0.0253,0.0191,0.0779,0.0749
IT,2020,0.0648,0.0588,0.4628,0.1785,0.0238,0.0278,0.0202,0.0872,0.076
IT,2021,0.0607,0.0638,0.4692,0.1691,0.0303,0.0217,0.019,0.0855,0.0807
IT,2022,0.0569,0.0912,0.4783,0.1152,0.0273,0.0317,0.019,0.0982,0.0823
IT,2023,0.0556,0.0658,0.4184,0.1598,0.0343,0.0327,0.0194,0.1134,0.1006
IT,2024,0.0542,0.0338,0.3992,0.2037,0.0337,0.0329,0.0187,0.1294,0.0945
IT,2025,0.0497,0.0312,0.4287,0.1636,0.0317,0.02,0.0191,0.1641,0.0919
IT,2026,0.0622,0.0294,0.5909,0.0915,0.0311,0.0184,0.0193,0.0761,0.0813
JM,2019,0.0151,0,0.2716,0.0345,0,0.6013,0,0.0194,0.0582
JM,2020,0.0151,0,0.2716,0.0345,0,0.6013,0,0.0194,0.0582
JM,2021,0.0151,0,0.2716,0.0345,0,0.6013,0,0.0194,0.0582
JM,2022,0.0151,0,0.2716,0.0345,0,0.6013,0,0.0194,0.0582
JM,2023,0.0151,0,0.2716,0.0345,0,0.6013,0,0.0194,0.0582
JM,2024,0.0151,0,0.2716,0.0345,0,0.6013,0,0.0194,0.0582
JM,2025,0.0151,0,0.2716,0.0345,0,0.6013,0,0.0194,0.0582
JM,2026,0.0151,0,0.2716,0.0345,0,0.6013,0,0.0194,0.0582
JO,2019,0,0.0001,0.8108,0.0012,0,0.0456,0,0.0997,0.0426
JO,2020,0,0.0001,0.8108,0.0012,0,0.0456,0,0.0997,0.0426
JO,2021,0,0.0001,0.8108,0.0012,0,0.0456,0,0.0997,0.0426
JO,2022,0,0.0001,0.8108,0.0012,0,0.0456,0,0.0997,0.0426
JO,2023,0,0.0001,0.8108,0.0012,0,0.0456,0,0.0997,0.0426
JO,2024,0,0.0001,0.8108,0.0012,0,0.0456,0,0.0997,0.0426
JO,2025,0,0.0001,0.8108,0.0012,0,0.0456,0,0.0997,0.0426
JO,2026,0,0.0001,0.8108,0.0012,0,0.0456,0,0.0997,0.0426
JP,2019,0.0239,0.3011,0.3835,0.0757,0.0694,0.0484,0.0093,0.0758,0.0129
JP,2020,0.0303,0.3023,0.3818,0.082,0.0467,0.0428,0.0096,0.0884,0.016
JP,2021,0.0391,0.3003,0.3419,0.0799,0.0646,0.0503,0.0096,0.0975,0.0169
JP,2022,0.046,0.3047,0.3324,0.0736,0.0542,0.0556,0.0096,0.1071,0.0169
JP,2023,0.0553,0.2887,0.3099,0.074,0.0828,0.0444,0.0099,0.1168,0.0183
JP,2024,0.0589,0.2836,0.3065,0.0773,0.0901,0.0341,0.0104,0.1193,0.0198
JP,2025,0.068,0.2777,0.2883,0.0695,0.0967,0.0315,0.0103,0.1367,0.0212
JP,2026,0.0778,0.2765,0.2958,0.0517,0.1014,0.0249,0.0106,0.1371,0.0243
KE,2019,0.0121,0.0052,0.0071,0.2775,0.0003,0.1027,0.4506,0.0106,0.1339
KE,2020,0.0095,0.0031,0.0043,0.3664,0.0002,0.0573,0.4335,0.0104,0.1152
KE,2021,0.0138,0.0071,0.0097,0.3005,0.0004,0.0878,0.4058,0.0148,0.1602
KE,2022,0.0171,0.0068,0.0093,0.2372,0.0003,0.1074,0.4255,0.0297,0.1668
KE,2023,0.0144,0.0198,0.0272,0.2109,0.001,0.0872,0.4503,0.0374,0.1517
KE,2024,0.0196,0.0318,0.0436,0.2748,0.0016,0.0673,0.3959,0.0341,0.1313
KE,2025,0.0253,0.0314,0.0431,0.2481,0.0016,0.0814,0.4001,0.0316,0.1375
KE,2026,0.0238,0.0306,0.042,0.2351,0.0015,0.0691,0.3913,0.0325,0.1741
KG,2019,0.0002,0.0824,0.0058,0.9068,0.0008,0.0028,0.0001,0.0004,0.0007
KG,2020,0.0003,0.0932,0.0061,0.8944,0.0009,0.0034,0.0001,0.0006,0.0009
KG,2021,0.0007,0.1385,0.0141,0.8396,0.0018,0.0017,0.0001,0.0015,0.0021
KG,2022,0.0017,0.1487,0.0163,0.8157,0.0045,0.0028,0.0004,0.0042,0.0058
KG,2023,0.0016,0.1522,0.0144,0.8158,0.0039,0.0029,0.0003,0.0037,0.0052
KG,2024,0.0019,0.1247,0.0175,0.8114,0.0047,0.0262,0.0004,0.0066,0.0067
KG,2025,0.0015,0.0963,0.0153,0.8356,0.0039,0.0335,0.0003,0.0075,0.0061
KG,2026,0.0016,0.0958,0.0154,0.835,0.0039,0.0334,0.0003,0.0073,0.0074
KH,2019,0.0122,0.4727,0.0305,0.3854,0.0135,0.0565,0.001,0.0177,0.0104
KH,2020,0.0127,0.4702,0.0298,0.3862,0.0135,0.0561,0.0011,0.0191,0.0115
KH,2021,0.0132,0.4696,0.0282,0.3835,0.0135,0.0562,0.001,0.0205,0.0144
KH,2022,0.0136,0.4665,0.0268,0.3834,0.0135,0.0562,0.0011,0.0229,0.016
KH,2023,0.0138,0.4673,0.0257,0.3799,0.0135,0.0555,0.001,0.0255,0.0177
KH,2024,0.0136,0.463,0.025,0.3809,0.0133,0.0552,0.001,0.0295,0.0186
KH,2025,0.0135,0.4553,0.0241,0.3814,0.0133,0.0551,0.001,0.0355,0.0207
KH,2026,0.0138,0.4538,0.0242,0.3792,0.0132,0.0549,0.001,0.0348,0.0251
KI,2019,0,0,0,0,0,0.75,0,0.25,0
KI,2020,0,0,0,0,0,0.75,0,0.25,0
KI,2021,0,0,0,0,0,0.75,0,0.25,0
KI,2022,0,0,0,0,0,0.75,0,0.25,0
KI,2023,0,0,0,0,0,0.75,0,0.25,0
KI,2024,0,0,0,0,0,0.75,0,0.25,0
KI,2025,0,0,0,0,0,0.75,0,0.25,0
KI,2026,0,0,0,0,0,0.75,0,0.25,0
KM,2019,0,0,0,0,0,1,0,0,0
KM,2020,0,0,0,0,0,1,0,0,0
KM,2021,0,0,0,0,0,1,0,0,0
KM,2022,0,0,0,0,0,1,0,0,0
KM,2023,0,0,0,0,0,1,0,0,0
KM,2024,0,0,0,0,0,1,0,0,0
KM,2025,0,0,0,0,0,1,0,0,0
KM,2026,0,0,0,0,0,1,0,0,0
KN,2019,0,0,0,0,0,0.9565,0,0,0.0435
KN,2020,0,0,0,0,0,0.9565,0,0,0.0435
KN,2021,0,0,0,0,0,0.9565,0,0,0.0435
KN,2022,0,0,0,0,0,0.9565,0,0,0.0435
KN,2023,0,0,0,0,0,0.9565,0,0,0.0435
KN,2024,0,0,0,0,0,0.9565,0,0,0.0435
KN,2025,0,0,0,0,0,0.9565,0,0,0.0435
KN,2026,0,0,0,0,0,0.9565,0,0,0.0435
KP,2019,0,0.4971,0,0.4606,0,0.0389,0,0.0034,0
KP,2020,0,0.4971,0,0.4606,0,0.0389,0,0.0034,0
KP,2021,0,0.4971,0,0.4606,0,0.0389,0,0.0034,0
KP,2022,0,0.4971,0,0.4606,0,0.0389,0,0.0034,0
KP,2023,0,0.4971,0,0.4606,0,0.0389,0,0.0034,0
KP,2024,0,0.4971,0,0.4606,0,0.0389,0,0.0034,0
KP,2025,0,0.4971,0,0.4606,0,0.0389,0,0.0034,0
KP,2026,0,0.4971,0,0.4606,0,0.0389,0,0.0034,0
KR,2019,0.0139,0.4046,0.2603,0.0049,0.2616,0.0281,0.0009,0.021,0.0048
KR,2020,0.0119,0.3577,0.2721,0.0073,0.292,0.0226,0.0009,0.0298,0.0057
KR,2021,0.0137,0.345,0.3019,0.0053,0.2759,0.0137,0.0009,0.0381,0.0055
KR,2022,0.0194,0.3272,0.2861,0.006,0.2981,0.0111,0.0007,0.0457,0.0057
KR,2023,0.0215,0.3164,0.2805,0.0063,0.3088,0.0095,0.0008,0.0502,0.0058
KR,2024,0.0212,0.2829,0.2956,0.0073,0.3194,0.0114,0.0012,0.0554,0.0057
KR,2025,0.0201,0.2859,0.2921,0.0066,0.3121,0.01,0.0015,0.0656,0.0061
KR,2026,0.0212,0.294,0.3085,0.006,0.2882,0.0102,0.002,0.062,0.0079
KW,2019,0,0,0.6215,0,0,0.3785,0,0,0
KW,2020,0,0,0.5834,0,0,0.4166,0,0,0
KW,2021,0,0,0.5833,0,0,0.4167,0,0,0
KW,2022,0,0,0.5833,0,0,0.4167,0,0,0
KW,2023,0,0,0.5834,0,0,0.4166,0,0,0
KW,2024,0,0,0.5833,0,0,0.4167,0,0,0
KW,2025,0,0,0.5837,0,0,0.4163,0,0,0
KW,2026,0,0,0.5838,0,0,0.4162,0,0,0
KY,2019,0,0,0,0,0,0.9722,0,0.0278,0
KY,2020,0,0,0,0,0,0.9722,0,0.0278,0
KY,2021,0,0,0,0,0,0.9722,0,0.0278,0
KY,2022,0,0,0,0,0,0.9722,0,0.0278,0
KY,2023,0,0,0,0,0,0.9722,0,0.0278,0
KY,2024,0,0,0,0,0,0.9722,0,0.0278,0
KY,2025,0,0,0,0,0,0.9722,0,0.0278,0
KY,2026,0,0,0,0,0,0.9722,0,0.0278,0
KZ,2019,0,0.7034,0.1862,0.0941,0,0.0057,0,0.0038,0.0067
KZ,2020,0,0.6768,0.2072,0.0883,0,0.006,0,0.0115,0.0102
KZ,2021,0,0.641,0.2259,0.08,0,0.0232,0,0.0146,0.0154
KZ,2022,0,0.6209,0.2486,0.0814,0,0.0125,0,0.0155,0.0212
KZ,2023,0,0.574,0.2924,0.0776,0,0.0057,0,0.0167,0.0336
KZ,2024,0,0.5419,0.2938,0.0953,0,0.0148,0,0.0163,0.038
KZ,2025,0,0.5423,0.2939,0.0866,0,0.0147,0,0.0188,0.0437
KZ,2026,0,0.5528,0.2994,0.0675,0,0.0147,0,0.0166,0.0489
LA,2019,0.0016,0.3652,0,0.6319,0,0,0,0.0013,0
LA,2020,0.0016,0.3652,0,0.6319,0,0,0,0.0013,0
LA,2021,0.0016,0.3652,0,0.6319,0,0,0,0.0013,0
LA,2022,0.0016,0.3652,0,0.6319,0,0,0,0.0013,0
LA,2023,0.0016,0.3652,0,0.6319,0,0,0,0.0013,0
LA,2024,0.0016,0.3652,0,0.6319,0,0,0,0.0013,0
LA,2025,0.0016,0.3652,0,0.6319,0,0,0,0.0013,0
LA,2026,0.0016,0.3652,0,0.6319,0,0,0,0.0013,0
LB,2019,0.0014,0.0001,0.0029,0.0444,0,0.9451,0,0.0056,0.0005
LB,2020,0.0014,0.0001,0.0029,0.0444,0,0.9451,0,0.0056,0.0005
LB,2021,0.0014,0.0001,0.0029,0.0444,0,0.9451,0,0.0056,0.0005
LB,2022,0.0014,0.0001,0.0029,0.0444,0,0.9451,0,0.0056,0.0005
LB,2023,0.0014,0.0001,0.0029,0.0444,0,0.9451,0,0.0056,0.0005
LB,2024,0.0014,0.0001,0.0029,0.0444,0,0.9451,0,0.0056,0.0005
LB,2025,0.0014,0.0001,0.0029,0.0444,0,0.9451,0,0.0056,0.0005
LB,2026,0.0014,0.0001,0.0029,0.0444,0,0.9451,0,0.0056,0.0005
LC,2019,0,0,0,0,0,0.9762,0,0.0238,0
LC,2020,0,0,0,0,0,0.9762,0,0.0238,0
LC,2021,0,0,0,0,0,0.9762,0,0.0238,0
LC,2022,0,0,0,0,0,0.9762,0,0.0238,0
LC,2023,0,0,0,0,0,0.9762,0,0.0238,0
LC,2024,0,0,0,0,0,0.9762,0,0.0238,0
LC,2025,0,0,0,0,0,0.9762,0,0.0238,0
LC,2026,0,0,0,0,0,0.9762,0,0.0238,0
LK,2019,0,0.3403,0,0.2406,0,0.3187,0,0.0534,0.047
LK,2020,0.0127,0.3672,0,0.2497,0,0.2662,0,0.0559,0.0483
LK,2021,0.0227,0.3293,0,0.3371,0,0.1584,0,0.0687,0.0837
LK,2022,0.0126,0.3266,0,0.3342,0,0.1567,0,0.0837,0.0862
LK,2023,0.0134,0.2992,0,0.2947,0,0.2005,0,0.0948,0.0974
LK,2024,0.0178,0.3541,0,0.3266,0,0.0968,0,0.0993,0.1054
LK,2025,0.0222,0.3481,0,0.3481,0,0.037,0,0.1185,0.1259
LK,2026,0.0222,0.3481,0,0.3481,0,0.037,0,0.1185,0.1259
LR,2019,0,0,0,0.3095,0,0.6905,0,0,0
LR,2020,0,0,0,0.3095,0,0.6905,0,0,0
LR,2021,0,0,0,0.3095,0,0.6905,0,0,0
LR,2022,0,0,0,0.3095,0,0.6905,0,0,0
LR,2023,0,0,0,0.3095,0,0.6905,0,0,0
LR,2024,0,0,0,0.3095,0,0.6905,0,0,0
LR,2025,0,0,0,0.3095,0,0.6905,0,0,0
LR,2026,0,0,0,0.3095,0,0.6905,0,0,0
LS,2019,0.0021,0.1752,0.2399,0.5128,0.0088,0.0375,0.0035,0.0073,0.0129
LS,2020,0.0021,0.1752,0.2399,0.5128,0.0088,0.0375,0.0035,0.0073,0.0129
LS,2021,0.0021,0.1752,0.2399,0.5128,0.0088,0.0375,0.0035,0.0073,0.0129
LS,2022,0.0021,0.1752,0.2399,0.5128,0.0088,0.0375,0.0035,0.0073,0.0129
LS,2023,0.0021,0.1752,0.2399,0.5128,0.0088,0.0375,0.0035,0.0073,0.0129
LS,2024,0.0021,0.1752,0.2399,0.5128,0.0088,0.0375,0.0035,0.0073,0.0129
LS,2025,0.0021,0.1752,0.2399,0.5128,0.0088,0.0375,0.0035,0.0073,0.0129
LS,2026,0.0021,0.1752,0.2399,0.5128,0.0088,0.0375,0.0035,0.0073,0.0129
LT,2019,0.0548,0.1272,0.2291,0.1562,0.1727,0.0411,0.0061,0.0292,0.1837
LT,2020,0.0532,0.0993,0.2929,0.1417,0.1445,0.0377,0.0056,0.0301,0.195
LT,2021,0.0534,0.1132,0.2747,0.1492,0.159,0.0364,0.0059,0.037,0.1713
LT,2022,0.0518,0.119,0.2263,0.1432,0.1408,0.047,0.006,0.0647,0.2013
LT,2023,0.0386,0.0877,0.1947,0.1351,0.12,0.0573,0.005,0.0901,0.2714
LT,2024,0.0306,0.0594,0.1656,0.1101,0.0909,0.0841,0.0037,0.1407,0.3149
LT,2025,0.02,0.0404,0.1912,0.0719,0.0624,0.1003,0.0025,0.1578,0.3535
LT,2026,0.0192,0.0509,0.1458,0.0827,0.08,0.1095,0.003,0.02,0.489
LU,2019,0.0571,0.1331,0.2555,0.1488,0.1809,0.0404,0.0064,0.0499,0.1278
LU,2020,0.0716,0.1149,0.2385,0.1525,0.1665,0.0386,0.0065,0.0574,0.1536
LU,2021,0.0795,0.1193,0.2382,0.1484,0.1681,0.0374,0.0062,0.0657,0.1372
LU,2022,0.0846,0.1265,0.2272,0.1306,0.1496,0.0381,0.0063,0.0886,0.1484
LU,2023,0.0551,0.1093,0.1977,0.1444,0.1503,0.0365,0.0062,0.1003,0.2001
LU,2024,0.0733,0.096,0.1811,0.1562,0.1472,0.0372,0.006,0.117,0.1859
LU,2025,0.0695,0.0919,0.1829,0.13,0.1451,0.0372,0.0058,0.1504,0.1872
LU,2026,0.0659,0.0971,0.2199,0.132,0.1526,0.0376,0.0057,0.0448,0.2447
LV,2019,0.0834,0.0273,0.4215,0.3041,0.0372,0.0864,0.0013,0.0055,0.0333
LV,2020,0.0802,0.0347,0.3001,0.395,0.0499,0.0868,0.002,0.0098,0.0417
LV,2021,0.0761,0.0411,0.3105,0.3886,0.0574,0.0712,0.0021,0.0124,0.0405
LV,2022,0.0581,0.0577,0.2506,0.4327,0.0675,0.0448,0.0029,0.0234,0.0623
LV,2023,0.0367,0.0382,0.2483,0.4888,0.0566,0.0241,0.0023,0.0414,0.0636
LV,2024,0.0562,0.0381,0.2653,0.4256,0.0582,0.0092,0.0023,0.0777,0.0674
LV,2025,0.0545,0.024,0.2568,0.4407,0.0396,0.0154,0.0016,0.1148,0.0525
LV,2026,0.0386,0.0074,0.2743,0.5824,0.0117,0.0196,0.0004,0.0202,0.0453
LY,2019,0.0001,0.0066,0.6657,0.0035,0.0003,0.3225,0.0001,0.0006,0.0005
LY,2020,0.0001,0.0066,0.6657,0.0035,0.0003,0.3225,0.0001,0.0006,0.0005
LY,2021,0.0001,0.0066,0.6657,0.0035,0.0003,0.3225,0.0001,0.0006,0.0005
LY,2022,0.0001,0.0066,0.6657,0.0035,0.0003,0.3225,0.0001,0.0006,0.0005
LY,2023,0.0001,0.0066,0.6657,0.0035,0.0003,0.3225,0.0001,0.0006,0.0005
LY,2024,0.0001,0.0066,0.6657,0.0035,0.0003,0.3225,0.0001,0.0006,0.0005
LY,2025,0.0001,0.0066,0.6657,0.0035,0.0003,0.3225,0.0001,0.0006,0.0005
LY,2026,0.0001,0.0066,0.6657,0.0035,0.0003,0.3225,0.0001,0.0006,0.0005
MA,2019,0,0.671,0.1007,0.0446,0,0.0188,0,0.0424,0.1225
MA,2020,0,0.6949,0.0831,0.0374,0.0001,0.0174,0.0001,0.0419,0.125
MA,2021,0,0.6773,0.0833,0.0332,0.0001,0.0184,0,0.049,0.1388
MA,2022,0.0001,0.7069,0.0695,0.0237,0.0006,0.0249,0.0002,0.0382,0.1358
MA,2023,0.0002,0.6376,0.1049,0.0203,0.0007,0.0224,0.0003,0.0536,0.16
MA,2024,0.0002,0.5838,0.1109,0.0256,0.0009,0.0219,0.0004,0.0389,0.2174
MA,2025,0.0003,0.5626,0.1229,0.0334,0.0013,0.0215,0.0005,0.0407,0.2169
MA,2026,0.0004,0.5455,0.1285,0.034,0.0015,0.0218,0.0006,0.0423,0.2253
MD,2019,0.0076,0.0168,0.8667,0.0643,0.0229,0.0022,0.0008,0.0032,0.0156
MD,2020,0.0008,0.004,0.9323,0.0524,0.0058,0.0005,0.0002,0.0006,0.0034
MD,2021,0.0008,0.0042,0.9286,0.0551,0.0062,0.0006,0.0002,0.0016,0.0026
MD,2022,0.0049,0.0275,0.8342,0.0718,0.0307,0.0034,0.0013,0.008,0.0182
MD,2023,0.0008,0.0045,0.9147,0.0628,0.0058,0.0006,0.0002,0.0012,0.0094
MD,2024,0.0009,0.0045,0.9136,0.0477,0.0067,0.0007,0.0003,0.0125,0.0132
MD,2025,0.0006,0.0026,0.9216,0.0451,0.0042,0.0004,0.0002,0.0228,0.0026
MD,2026,0.0006,0.0028,0.9223,0.0448,0.0044,0.0004,0.0002,0.0215,0.0031
ME,2019,0.0073,0.352,0.0682,0.4067,0.0598,0.0056,0.0021,0.01,0.0882
ME,2020,0.0069,0.4025,0.0577,0.3624,0.0514,0.0048,0.002,0.0084,0.1039
ME,2021,0.0043,0.3609,0.035,0.4626,0.0315,0.003,0.0012,0.0087,0.0929
ME,2022,0.0009,0.4678,0.0079,0.4114,0.0058,0.0007,0.0003,0.0013,0.104
ME,2023,0.0008,0.3958,0.0072,0.4976,0.006,0.0006,0.0002,0.0029,0.0889
ME,2024,0.0038,0.3763,0.031,0.4323,0.0288,0.0029,0.0011,0.0319,0.0917
ME,2025,0.0135,0.1778,0.1091,0.3703,0.0983,0.0099,0.004,0.0888,0.1284
ME,2026,0.0081,0.3052,0.0783,0.4212,0.0606,0.0059,0.0023,0.031,0.0875
MG,2019,0.0081,0.1943,0,0.3603,0,0.4211,0,0.0162,0
MG,2020,0.0081,0.1943,0,0.3603,0,0.4211,0,0.0162,0
MG,2021,0.0081,0.1943,0,0.3603,0,0.4211,0,0.0162,0
MG,2022,0.0081,0.1943,0,0.3603,0,0.4211,0,0.0162,0
MG,2023,0.0081,0.1943,0,0.3603,0,0.4211,0,0.0162,0
MG,2024,0.0081,0.1943,0,0.3603,0,0.4211,0,0.0162,0
MG,2025,0.0081,0.1943,0,0.3603,0,0.4211,0,0.0162,0
MG,2026,0.0081,0.1943,0,0.3603,0,0.4211,0,0.0162,0
MK,2019,0.0176,0.4987,0.1869,0.2008,0.0475,0.0046,0.0017,0.005,0.0373
MK,2020,0.0221,0.3945,0.228,0.2315,0.0608,0.0058,0.0023,0.0081,0.0469
MK,2021,0.0209,0.3269,0.2818,0.2476,0.061,0.0058,0.0023,0.0098,0.044
MK,2022,0.0124,0.4356,0.1883,0.2297,0.0413,0.0395,0.0017,0.0125,0.0391
MK,2023,0.0159,0.3904,0.2109,0.2464,0.0051,0.0518,0.0002,0.0501,0.0292
MK,2024,0.0191,0.3933,0.233,0.2409,0.0181,0.0018,0.0007,0.0502,0.0428
MK,2025,0.0074,0.4064,0.2657,0.1679,0.0461,0.0046,0.0019,0.046,0.0541
MK,2026,0.0063,0.4175,0.2735,0.1588,0.0472,0.0046,0.0018,0.0318,0.0585
ML,2019,0.0155,0.0039,0.0054,0.357,0.0002,0.6096,0.0001,0.008,0.0003
ML,2020,0.0155,0.0039,0.0054,0.357,0.0002,0.6096,0.0001,0.008,0.0003
ML,2021,0.0155,0.0039,0.0054,0.357,0.0002,0.6096,0.0001,0.008,0.0003
ML,2022,0.0155,0.0039,0.0054,0.357,0.0002,0.6096,0.0001,0.008,0.0003
ML,2023,0.0155,0.0039,0.0054,0.357,0.0002,0.6096,0.0001,0.008,0.0003
ML,2024,0.0155,0.0039,0.0054,0.357,0.0002,0.6096,0.0001,0.008,0.0003
ML,2025,0.0155,0.0039,0.0054,0.357,0.0002,0.6096,0.0001,0.008,0.0003
ML,2026,0.0155,0.0039,0.0054,0.357,0.0002,0.6096,0.0001,0.008,0.0003
MM,2019,0,0.0998,0.4373,0.4564,0,0.0052,0,0.0013,0
MM,2020,0,0.1026,0.5165,0.3683,0,0.0075,0,0.005,0
MM,2021,0,0.0893,0.5021,0.3986,0,0.005,0,0.005,0
MM,2022,0,0.0315,0.5411,0.4155,0,0.0055,0,0.0064,0
MM,2023,0,0.0372,0.5405,0.3989,0,0.0061,0,0.0174,0
MM,2024,0,0.0357,0.5357,0.4048,0,0.006,0,0.0179,0
MM,2025,0,0.0357,0.5357,0.4048,0,0.006,0,0.0179,0
MM,2026,0,0.0357,0.5357,0.4048,0,0.006,0,0.0179,0
MN,2019,0,0.9052,0,0,0,0,0,0,0.0948
MN,2020,0,0.9098,0,0,0,0,0,0,0.0902
MN,2021,0,0.8987,0,0,0,0,0,0,0.1013
MN,2022,0,0.9082,0,0,0,0,0,0,0.0918
MN,2023,0,0.9103,0,0,0,0,0,0,0.0897
MN,2024,0,0.9094,0,0,0,0,0,0,0.0906
MN,2025,0,0.899,0,0,0,0,0,0,0.101
MN,2026,0,0.8889,0,0,0,0,0,0,0.1111
MO,2019,0.051,0.5006,0.1807,0.1185,0.0457,0.0387,0.0033,0.0263,0.0352
MO,2020,0.0526,0.4919,0.178,0.121,0.0457,0.0373,0.0036,0.0311,0.0389
MO,2021,0.0543,0.49,0.1726,0.1119,0.0457,0.0375,0.0035,0.0358,0.0487
MO,2022,0.0558,0.4795,0.1681,0.1118,0.0455,0.0377,0.0036,0.0438,0.0542
MO,2023,0.0565,0.4823,0.1642,0.0997,0.0457,0.0353,0.0034,0.0528,0.06
MO,2024,0.0557,0.4676,0.1618,0.1032,0.0449,0.0342,0.0034,0.0661,0.0631
MO,2025,0.0555,0.4418,0.1587,0.105,0.0449,0.034,0.0033,0.0866,0.0701
MO,2026,0.0565,0.4366,0.1592,0.0975,0.0445,0.0332,0.0034,0.0842,0.0851
MQ,2019,0.1548,0,0,0,0,0.7484,0.0065,0.0581,0.0323
MQ,2020,0.1548,0,0,0,0,0.7484,0.0065,0.0581,0.0323
MQ,2021,0.1548,0,0,0,0,0.7484,0.0065,0.0581,0.0323
MQ,2022,0.1548,0,0,0,0,0.7484,0.0065,0.0581,0.0323
MQ,2023,0.1548,0,0,0,0,0.7484,0.0065,0.0581,0.0323
MQ,2024,0.1548,0,0,0,0,0.7484,0.0065,0.0581,0.0323
MQ,2025,0.1548,0,0,0,0,0.7484,0.0065,0.0581,0.0323
MQ,2026,0.1548,0,0,0,0,0.7484,0.0065,0.0581,0.0323
MR,2019,0.0004,0.0341,0.0467,0.1312,0.0017,0.6287,0.0007,0.0861,0.0703
MR,2020,0.0004,0.0341,0.0467,0.1312,0.0017,0.6287,0.0007,0.0861,0.0703
MR,2021,0.0004,0.0341,0.0467,0.1312,0.0017,0.6287,0.0007,0.0861,0.0703
MR,2022,0.0004,0.0341,0.0467,0.1312,0.0017,0.6287,0.0007,0.0861,0.0703
MR,2023,0.0004,0.0341,0.0467,0.1312,0.0017,0.6287,0.0007,0.0861,0.0703
MR,2024,0.0004,0.0341,0.0467,0.1312,0.0017,0.6287,0.0007,0.0861,0.0703
MR,2025,0.0004,0.0341,0.0467,0.1312,0.0017,0.6287,0.0007,0.0861,0.0703
MR,2026,0.0004,0.0341,0.0467,0.1312,0.0017,0.6287,0.0007,0.0861,0.0703
MS,2019,0,0,0,0,0,1,0,0,0
MS,2020,0,0,0,0,0,1,0,0,0
MS,2021,0,0,0,0,0,1,0,0,0
MS,2022,0,0,0,0,0,1,0,0,0
MS,2023,0,0,0,0,0,1,0,0,0
MS,2024,0,0,0,0,0,1,0,0,0
MS,2025,0,0,0,0,0,1,0,0,0
MS,2026,0,0,0,0,0,1,0,0,0
MT,2019,0.005,0.0304,0.8539,0.0302,0.0414,0.0153,0.0015,0.0059,0.0165
MT,2020,0.0037,0.0195,0.8797,0.0221,0.027,0.0297,0.001,0.0044,0.0129
MT,2021,0.0045,0.0246,0.8672,0.0251,0.0334,0.0233,0.0012,0.0056,0.0151
MT,2022,0.0052,0.0284,0.8159,0.0268,0.0338,0.0276,0.0014,0.0418,0.019
MT,2023,0.0043,0.0224,0.7653,0.0266,0.031,0.008,0.0013,0.1213,0.0199
MT,2024,0.0063,0.0295,0.703,0.0408,0.046,0.007,0.0018,0.1371,0.0283
MT,2025,0.0067,0.0304,0.6817,0.0399,0.0491,0.0094,0.002,0.1503,0.0306
MT,2026,0.0064,0.0305,0.7191,0.0343,0.048,0.0047,0.0018,0.1212,0.034
MU,2019,0.1424,0.3622,0,0.031,0,0.4211,0,0.0402,0.0031
MU,2020,0.1424,0.3622,0,0.031,0,0.4211,0,0.0402,0.0031
MU,2021,0.1424,0.3622,0,0.031,0,0.4211,0,0.0402,0.0031
MU,2022,0.1424,0.3622,0,0.031,0,0.4211,0,0.0402,0.0031
MU,2023,0.1424,0.3622,0,0.031,0,0.4211,0,0.0402,0.0031
MU,2024,0.1424,0.3622,0,0.031,0,0.4211,0,0.0402,0.0031
MU,2025,0.1424,0.3622,0,0.031,0,0.4211,0,0.0402,0.0031
MU,2026,0.1424,0.3622,0,0.031,0,0.4211,0,0.0402,0.0031
MV,2019,0,0,0,0,0,0.963,0,0.037,0
MV,2020,0,0,0,0,0,0.963,0,0.037,0
MV,2021,0,0,0,0,0,0.963,0,0.037,0
MV,2022,0,0,0,0,0,0.963,0,0.037,0
MV,2023,0,0,0,0,0,0.963,0,0.037,0
MV,2024,0,0,0,0,0,0.963,0,0.037,0
MV,2025,0,0,0,0,0,0.963,0,0.037,0
MV,2026,0,0,0,0,0,0.963,0,0.037,0
MW,2019,0.0278,0,0,0.9278,0,0.0389,0,0.0056,0
MW,2020,0.0278,0,0,0.9278,0,0.0389,0,0.0056,0
MW,2021,0.0278,0,0,0.9278,0,0.0389,0,0.0056,0
MW,2022,0.0278,0,0,0.9278,0,0.0389,0,0.0056,0
MW,2023,0.0278,0,0,0.9278,0,0.0389,0,0.0056,0
MW,2024,0.0278,0,0,0.9278,0,0.0389,0,0.0056,0
MW,2025,0.0278,0,0,0.9278,0,0.0389,0,0.0056,0
MW,2026,0.0278,0,0,0.9278,0,0.0389,0,0.0056,0
MX,2019,0.0003,0.0744,0.5522,0.0748,0.0345,0.1685,0.0159,0.0266,0.0529
MX,2020,0.0002,0.0257,0.6188,0.0865,0.035,0.1119,0.0146,0.0436,0.0636
MX,2021,0.0002,0.0161,0.599,0.1081,0.0362,0.1087,0.0131,0.0531,0.0656
MX,2022,0.0003,0.0383,0.5507,0.1065,0.0316,0.1498,0.0131,0.0488,0.0609
MX,2023,0.0003,0.0739,0.5824,0.0595,0.0348,0.1248,0.0119,0.0526,0.0598
MX,2024,0.0002,0.0548,0.6148,0.0676,0.034,0.1088,0.01,0.0529,0.0568
MX,2025,0.0002,0.0712,0.6043,0.0821,0.0278,0.0897,0.0092,0.0544,0.0612
MX,2026,0,0.0691,0.6134,0.0656,0.0338,0.0894,0.0107,0.0453,0.0726
MY,2019,0.0249,0.4281,0.3844,0.1548,0,0.0041,0,0.0037,0
MY,2020,0.0213,0.5043,0.2946,0.1711,0,0.0033,0,0.0053,0
MY,2021,0.0239,0.4533,0.3265,0.1849,0,0.0046,0,0.0067,0
MY,2022,0.0251,0.4226,0.3473,0.1869,0,0.0086,0,0.0095,0
MY,2023,0.0247,0.4356,0.3413,0.1815,0,0.0047,0,0.0121,0
MY,2024,0.0247,0.4322,0.341,0.1815,0,0.0044,0,0.0162,0
MY,2025,0.0245,0.4488,0.3172,0.1822,0,0.0092,0,0.018,0
MY,2026,0.024,0.4196,0.3495,0.1798,0,0.0107,0,0.0164,0
MZ,2019,0.0058,0,0.1991,0.7862,0,0.0074,0,0.0016,0
MZ,2020,0.0058,0,0.1991,0.7862,0,0.0074,0,0.0016,0
MZ,2021,0.0058,0,0.1991,0.7862,0,0.0074,0,0.0016,0
MZ,2022,0.0058,0,0.1991,0.7862,0,0.0074,0,0.0016,0
MZ,2023,0.0058,0,0.1991,0.7862,0,0.0074,0,0.0016,0
MZ,2024,0.0058,0,0.1991,0.7862,0,0.0074,0,0.0016,0
MZ,2025,0.0058,0,0.1991,0.7862,0,0.0074,0,0.0016,0
MZ,2026,0.0058,0,0.1991,0.7862,0,0.0074,0,0.0016,0
NA,2019,0.0025,0.2166,0.2842,0.3256,0.0104,0.0466,0.0041,0.0901,0.0199
NA,2020,0.0025,0.2166,0.2842,0.3256,0.0104,0.0466,0.0041,0.0901,0.0199
NA,2021,0.0025,0.2166,0.2842,0.3256,0.0104,0.0466,0.0041,0.0901,0.0199
NA,2022,0.0025,0.2166,0.2842,0.3256,0.0104,0.0466,0.0041,0.0901,0.0199
NA,2023,0.0025,0.2166,0.2842,0.3256,0.0104,0.0466,0.0041,0.0901,0.0199
NA,2024,0.0025,0.2166,0.2842,0.3256,0.0104,0.0466,0.0041,0.0901,0.0199
NA,2025,0.0025,0.2166,0.2842,0.3256,0.0104,0.0466,0.0041,0.0901,0.0199
NA,2026,0.0025,0.2166,0.2842,0.3256,0.0104,0.0466,0.0041,0.0901,0.0199
NC,2019,0,0.4535,0,0.0841,0,0.4084,0,0.036,0.018
NC,2020,0,0.4535,0,0.0841,0,0.4084,0,0.036,0.018
NC,2021,0,0.4535,0,0.0841,0,0.4084,0,0.036,0.018
NC,2022,0,0.4535,0,0.0841,0,0.4084,0,0.036,0.018
NC,2023,0,0.4535,0,0.0841,0,0.4084,0,0.036,0.018
NC,2024,0,0.4535,0,0.0841,0,0.4084,0,0.036,0.018
NC,2025,0,0.4535,0,0.0841,0,0.4084,0,0.036,0.018
NC,2026,0,0.4535,0,0.0841,0,0.4084,0,0.036,0.018
NE,2019,0.0023,0.3005,0.2821,0.0986,0.0093,0.2707,0.0037,0.0193,0.0137
NE,2020,0.0023,0.3005,0.2821,0.0986,0.0093,0.2707,0.0037,0.0193,0.0137
NE,2021,0.0023,0.3005,0.2821,0.0986,0.0093,0.2707,0.0037,0.0193,0.0137
NE,2022,0.0023,0.3005,0.2821,0.0986,0.0093,0.2707,0.0037,0.0193,0.0137
NE,2023,0.0023,0.3005,0.2821,0.0986,0.0093,0.2707,0.0037,0.0193,0.0137
NE,2024,0.0023,0.3005,0.2821,0.0986,0.0093,0.2707,0.0037,0.0193,0.0137
NE,2025,0.0023,0.3005,0.2821,0.0986,0.0093,0.2707,0.0037,0.0193,0.0137
NE,2026,0.0023,0.3005,0.2821,0.0986,0.0093,0.2707,0.0037,0.0193,0.0137
NG,2019,0,0,0.7347,0.2653,0,0,0,0,0
NG,2020,0,0,0.7568,0.2432,0,0,0,0,0
NG,2021,0,0,0.7572,0.2428,0,0,0,0,0
NG,2022,0,0,0.7371,0.2629,0,0,0,0,0
NG,2023,0,0,0.7556,0.2444,0,0,0,0,0
NG,2024,0,0,0.7527,0.2473,0,0,0,0,0
NG,2025,0,0,0.6812,0.3188,0,0,0,0,0
NG,2026,0,0,0.5837,0.4163,0,0,0,0,0
NI,2019,0.1685,0.0047,0.0214,0.0868,0.0019,0.4019,0.1563,0.0075,0.1508
NI,2020,0.1686,0.0038,0.0221,0.0876,0.002,0.3998,0.1563,0.0082,0.1515
NI,2021,0.1685,0.0037,0.0243,0.0847,0.002,0.3992,0.1563,0.0089,0.1525
NI,2022,0.1684,0.0029,0.0205,0.0878,0.0017,0.3997,0.1563,0.0098,0.1528
NI,2023,0.1685,0.0036,0.0207,0.0859,0.0018,0.3988,0.1562,0.011,0.1534
NI,2024,0.1685,0.0032,0.0212,0.0843,0.0019,0.3984,0.1562,0.0123,0.1541
NI,2025,0.1684,0.0035,0.0211,0.0832,0.0018,0.3978,0.1561,0.0134,0.1548
NI,2026,0.1682,0.0038,0.0213,0.0813,0.0018,0.3979,0.1561,0.0148,0.1549
NL,2019,0.0422,0.1603,0.5738,0.0048,0.0356,0.0267,0.0149,0.0458,0.0959
NL,2020,0.0647,0.0801,0.5825,0.0021,0.0336,0.027,0.0135,0.0695,0.127
NL,2021,0.0861,0.1162,0.4733,0.0051,0.0342,0.0262,0.0159,0.0994,0.1436
NL,2022,0.0837,0.117,0.3985,0.0013,0.0332,0.0273,0.0171,0.1488,0.1731
NL,2023,0.0591,0.0638,0.3836,0.0012,0.032,0.0246,0.0157,0.1764,0.2436
NL,2024,0.0508,0.0589,0.3574,0.0017,0.028,0.0225,0.0153,0.2005,0.2649
NL,2025,0.0475,0.0682,0.3458,0.0003,0.0278,0.0226,0.0139,0.2295,0.2444
NL,2026,0.0404,0.0429,0.4584,0.0008,0.0303,0.0227,0.0135,0.0471,0.344
NO,2019,0.001,0.0057,0.03,0.9106,0.0079,0.002,0.0003,0.0008,0.0417
NO,2020,0,0.0001,0.0141,0.9197,0.0002,0.0027,0.0007,0,0.0624
NO,2021,0,0,0.0049,0.9187,0,0.0015,0.0022,0,0.0726
NO,2022,0.0002,0.001,0.0101,0.879,0.0011,0.0018,0.0028,0.0003,0.1039
NO,2023,0.0002,0.001,0.0114,0.8873,0.0013,0.0019,0.0027,0.0001,0.094
NO,2024,0,0,0.0107,0.8895,0,0.0017,0.0027,0,0.0954
NO,2025,0,0,0.0068,0.9019,0,0.0017,0.0032,0,0.0863
NO,2026,0,0,0.0078,0.8804,0,0.0019,0.0032,0,0.1066
NP,2019,0.0032,0.122,0.0252,0.8088,0.0111,0.0023,0.0008,0.0167,0.0098
NP,2020,0.0036,0.1199,0.0245,0.8094,0.0111,0.002,0.0009,0.0179,0.0107
NP,2021,0.004,0.1194,0.0232,0.8072,0.0111,0.002,0.0009,0.019,0.0131
NP,2022,0.0044,0.1168,0.0221,0.8072,0.0111,0.0021,0.0009,0.021,0.0145
NP,2023,0.0045,0.1175,0.0212,0.8043,0.0111,0.0015,0.0008,0.0231,0.0159
NP,2024,0.0044,0.1139,0.0206,0.8051,0.011,0.0012,0.0008,0.0264,0.0166
NP,2025,0.0043,0.1077,0.0198,0.8055,0.0109,0.0012,0.0008,0.0314,0.0183
NP,2026,0.0045,0.1064,0.02,0.8037,0.0108,0.001,0.0008,0.0308,0.022
NR,2019,0,0,0,0,0,1,0,0,0
NR,2020,0,0,0,0,0,1,0,0,0
NR,2021,0,0,0,0,0,1,0,0,0
NR,2022,0,0,0,0,0,1,0,0,0
NR,2023,0,0,0,0,0,1,0,0,0
NR,2024,0,0,0,0,0,1,0,0,0
NR,2025,0,0,0,0,0,1,0,0,0
NR,2026,0,0,0,0,0,1,0,0,0
NU,2019,0.0136,0.4756,0.192,0.1288,0,0.0401,0.0239,0.0583,0.0677
NU,2020,0.0136,0.4756,0.192,0.1288,0,0.0401,0.0239,0.0583,0.0677
NU,2021,0.0136,0.4756,0.192,0.1288,0,0.0401,0.0239,0.0583,0.0677
NU,2022,0.0136,0.4756,0.192,0.1288,0,0.0401,0.0239,0.0583,0.0677
NU,2023,0.0136,0.4756,0.192,0.1288,0,0.0401,0.0239,0.0583,0.0677
NU,2024,0.0136,0.4756,0.192,0.1288,0,0.0401,0.0239,0.0583,0.0677
NU,2025,0.0136,0.4756,0.192,0.1288,0,0.0401,0.0239,0.0583,0.0677
NU,2026,0.0136,0.4756,0.192,0.1288,0,0.0401,0.0239,0.0583,0.0677
NZ,2019,0.0056,0.0393,0.1332,0.602,0,0,0.1756,0,0.0444
NZ,2020,0.0057,0.0493,0.1361,0.5821,0,0,0.1802,0,0.0466
NZ,2021,0.0056,0.0645,0.112,0.5907,0,0.0003,0.1836,0,0.0434
NZ,2022,0.0052,0.0237,0.1011,0.6291,0,0,0.1837,0,0.0572
NZ,2023,0.0047,0.0391,0.0797,0.6284,0,0,0.177,0,0.0711
NZ,2024,0.0056,0.0459,0.1007,0.5544,0,0.0005,0.2012,0,0.0917
NZ,2025,0.0005,0.029,0.0908,0.5715,0,0,0.2172,0,0.091
NZ,2026,0.0031,0.0063,0.0219,0.6469,0,0,0.2156,0,0.1063
OM,2019,0,0,1,0,0,0,0,0,0
OM,2020,0,0,1,0,0,0,0,0,0
OM,2021,0,0,1,0,0,0,0,0,0
OM,2022,0,0,1,0,0,0,0,0,0
OM,2023,0,0,1,0,0,0,0,0,0
OM,2024,0,0,1,0,0,0,0,0,0
OM,2025,0,0,1,0,0,0,0,0,0
OM,2026,0,0,1,0,0,0,0,0,0
PA,2019,0.0026,0.0919,0.2414,0.4381,0,0.1392,0,0.0249,0.0619
PA,2020,0.0026,0.0919,0.2414,0.4381,0,0.1392,0,0.0249,0.0619
PA,2021,0.0026,0.0919,0.2414,0.4381,0,0.1392,0,0.0249,0.0619
PA,2022,0.0026,0.0919,0.2414,0.4381,0,0.1392,0,0.0249,0.0619
PA,2023,0.0026,0.0919,0.2414,0.4381,0,0.1392,0,0.0249,0.0619
PA,2024,0.0026,0.0919,0.2414,0.4381,0,0.1392,0,0.0249,0.0619
PA,2025,0.0026,0.0919,0.2414,0.4381,0,0.1392,0,0.0249,0.0619
PA,2026,0.0026,0.0919,0.2414,0.4381,0,0.1392,0,0.0249,0.0619
PE,2019,0.0047,0.0006,0.3745,0.5705,0,0.0038,0,0.0149,0.031
PE,2020,0.0059,0.0002,0.3444,0.5967,0,0.0006,0,0.0157,0.0365
PE,2021,0.0065,0.0007,0.3764,0.5686,0,0,0,0.0147,0.0332
PE,2022,0.0062,0.0016,0.4302,0.5079,0,0.0048,0,0.0146,0.0346
PE,2023,0.0058,0,0.4455,0.4772,0,0.0147,0,0.0163,0.0404
PE,2024,0.0063,0,0.3887,0.513,0,0.0057,0,0.0212,0.0651
PE,2025,0.007,0.0002,0.3586,0.5341,0,0.0008,0,0.0351,0.0642
PE,2026,0.0095,0,0.4159,0.4537,0,0,0,0.0548,0.0662
PF,2019,0,0,0,0.2319,0,0.7101,0,0.058,0
PF,2020,0,0,0,0.2319,0,0.7101,0,0.058,0
PF,2021,0,0,0,0.2319,0,0.7101,0,0.058,0
PF,2022,0,0,0,0.2319,0,0.7101,0,0.058,0
PF,2023,0,0,0,0.2319,0,0.7101,0,0.058,0
PF,2024,0,0,0,0.2319,0,0.7101,0,0.058,0
PF,2025,0,0,0,0.2319,0,0.7101,0,0.058,0
PF,2026,0,0,0,0.2319,0,0.7101,0,0.058,0
PG,2019,0.0047,0,0.1425,0.236,0,0.5935,0.0234,0,0
PG,2020,0.0047,0,0.1425,0.236,0,0.5935,0.0234,0,0
PG,2021,0.0047,0,0.1425,0.236,0,0.5935,0.0234,0,0
PG,2022,0.0047,0,0.1425,0.236,0,0.5935,0.0234,0,0
PG,2023,0.0047,0,0.1425,0.236,0,0.5935,0.0234,0,0
PG,2024,0.0047,0,0.1425,0.236,0,0.5935,0.0234,0,0
PG,2025,0.0047,0,0.1425,0.236,0,0.5935,0.0234,0,0
PG,2026,0.0047,0,0.1425,0.236,0,0.5935,0.0234,0,0
PH,2019,0.0086,0.5488,0.2243,0.0777,0,0.0149,0.1026,0.0126,0.0105
PH,2020,0.012,0.5743,0.2026,0.073,0,0.0059,0.1076,0.0141,0.0104
PH,2021,0.0123,0.5814,0.1876,0.0903,0,0.0103,0.0917,0.0144,0.012
PH,2022,0.0106,0.5896,0.1709,0.0939,0,0.0139,0.095,0.0167,0.0095
PH,2023,0.0089,0.6199,0.147,0.0895,0,0.0098,0.0922,0.0217,0.0112
PH,2024,0.0091,0.6209,0.1496,0.0892,0,0.0086,0.0825,0.03,0.01
PH,2025,0.0094,0.5562,0.1868,0.1151,0,0.0058,0.0809,0.0385,0.0072
PH,2026,0.0073,0.5272,0.2005,0.1361,0,0.0073,0.0789,0.0381,0.0045
PK,2019,0.0051,0.1679,0.3743,0.2856,0.072,0.0491,0,0.0209,0.0251
PK,2020,0.0051,0.2023,0.3072,0.3166,0.0743,0.0404,0,0.0324,0.0216
PK,2021,0.0051,0.1933,0.2825,0.2693,0.1109,0.073,0,0.0414,0.0245
PK,2022,0.0063,0.165,0.2645,0.2442,0.1546,0.0792,0,0.0538,0.0325
PK,2023,0.0054,0.1622,0.2615,0.275,0.1602,0.0231,0,0.0813,0.0313
PK,2024,0.0057,0.1442,0.2453,0.2718,0.1599,0.0097,0,0.139,0.0245
PK,2025,0.0033,0.1621,0.2041,0.2852,0.1356,0.0053,0,0.1743,0.0303
PK,2026,0.0025,0.1582,0.1968,0.3384,0.1318,0.0055,0,0.1355,0.0313
PL,2019,0.015,0.7422,0.0849,0.0209,0.0149,0.0153,0.0005,0.0068,0.0995
PL,2020,0.0161,0.6979,0.1022,0.0261,0.0179,0.014,0.0007,0.0172,0.1078
PL,2021,0.0123,0.7475,0.0799,0.0148,0.0043,0.0167,0.0002,0.0291,0.0952
PL,2022,0.0101,0.7319,0.0567,0.0101,0.0006,0.0167,0,0.0577,0.1161
PL,2023,0.0143,0.6248,0.086,0.0173,0.0053,0.0201,0.0002,0.0873,0.1447
PL,2024,0.0151,0.5565,0.1076,0.0152,0.0037,0.0395,0.0019,0.1098,0.1506
PL,2025,0.0183,0.5153,0.1338,0.0115,0.003,0.0517,0.0033,0.1215,0.1416
PL,2026,0.0149,0.5636,0.1809,0.0137,0.0038,0.0533,0.0036,0.026,0.1403
PM,2019,0,0,0,0,0,1,0,0,0
PM,2020,0,0,0,0,0,1,0,0,0
PM,2021,0,0,0,0,0,1,0,0,0
PM,2022,0,0,0,0,0,1,0,0,0
PM,2023,0,0,0,0,0,1,0,0,0
PM,2024,0,0,0,0,0,1,0,0,0
PM,2025,0,0,0,0,0,1,0,0,0
PM,2026,0,0,0,0,0,1,0,0,0
PR,2019,0,0.1948,0.4045,0,0,0.3775,0,0.0143,0.0088
PR,2020,0,0.1673,0.3094,0,0,0.4992,0,0.0159,0.0082
PR,2021,0,0.1744,0.4279,0,0,0.3714,0,0.0167,0.0097
PR,2022,0,0.167,0.3251,0,0,0.4837,0,0.0151,0.009
PR,2023,0,0.1555,0.4343,0,0,0.3916,0,0.0134,0.0053
PR,2024,0,0.1827,0.4024,0,0,0.3936,0,0.0119,0.0094
PR,2025,0,0.1714,0.4397,0,0,0.3628,0,0.0139,0.0121
PR,2026,0,0.0987,0.4474,0,0,0.4342,0,0.0132,0.0066
PS,2019,0.0002,0.0156,0.6221,0.0279,0.0044,0.3048,0,0.0238,0.0012
PS,2020,0.0002,0.0156,0.6221,0.0279,0.0044,0.3048,0,0.0238,0.0012
PS,2021,0.0002,0.0156,0.6221,0.0279,0.0044,0.3048,0,0.0238,0.0012
PS,2022,0.0002,0.0156,0.6221,0.0279,0.0044,0.3048,0,0.0238,0.0012
PS,2023,0.0002,0.0156,0.6221,0.0279,0.0044,0.3048,0,0.0238,0.0012
PS,2024,0.0002,0.0156,0.6221,0.0279,0.0044,0.3048,0,0.0238,0.0012
PS,2025,0.0002,0.0156,0.6221,0.0279,0.0044,0.3048,0,0.0238,0.0012
PS,2026,0.0002,0.0156,0.6221,0.0279,0.0044,0.3048,0,0.0238,0.0012
PT,2019,0.0558,0.1182,0.3427,0.1514,0.0206,0.0089,0.0007,0.0292,0.2723
PT,2020,0.0676,0.052,0.3495,0.2237,0.0134,0.0062,0.0005,0.0377,0.2495
PT,2021,0.0733,0.033,0.3264,0.2126,0.0255,0.0073,0.0009,0.0494,0.2715
PT,2022,0.0701,0.0311,0.3698,0.1336,0.0376,0.008,0.0016,0.0749,0.2734
PT,2023,0.0619,0.028,0.2402,0.2267,0.0409,0.0078,0.0017,0.1186,0.2743
PT,2024,0.065,0.0272,0.1409,0.2643,0.0428,0.0089,0.0017,0.1564,0.2927
PT,2025,0.0563,0.0208,0.179,0.2514,0.0343,0.0074,0.0014,0.1826,0.2667
PT,2026,0.057,0.02,0.1644,0.3268,0.0315,0.0072,0.0012,0.0938,0.2982
PY,2019,0.0028,0,0,0.9972,0,0,0,0,0
PY,2020,0.0028,0,0,0.9972,0,0,0,0,0
PY,2021,0.0028,0,0,0.9972,0,0,0,0,0
PY,2022,0.0028,0,0,0.9972,0,0,0,0,0
PY,2023,0.0028,0,0,0.9972,0,0,0,0,0
PY,2024,0.0028,0,0,0.9972,0,0,0,0,0
PY,2025,0.0028,0,0,0.9972,0,0,0,0,0
PY,2026,0.0028,0,0,0.9972,0,0,0,0,0
QA,2019,0,0,1,0,0,0,0,0,0
QA,2020,0,0,1,0,0,0,0,0,0
QA,2021,0,0,1,0,0,0,0,0,0
QA,2022,0,0,1,0,0,0,0,0,0
QA,2023,0,0,1,0,0,0,0,0,0
QA,2024,0,0,1,0,0,0,0,0,0
QA,2025,0,0,1,0,0,0,0,0,0
QA,2026,0,0,1,0,0,0,0,0,0
RE,2019,0.0852,0.3574,0,0.1377,0,0.3311,0,0.0852,0.0033
RE,2020,0.0852,0.3574,0,0.1377,0,0.3311,0,0.0852,0.0033
RE,2021,0.0852,0.3574,0,0.1377,0,0.3311,0,0.0852,0.0033
RE,2022,0.0852,0.3574,0,0.1377,0,0.3311,0,0.0852,0.0033
RE,2023,0.0852,0.3574,0,0.1377,0,0.3311,0,0.0852,0.0033
RE,2024,0.0852,0.3574,0,0.1377,0,0.3311,0,0.0852,0.0033
RE,2025,0.0852,0.3574,0,0.1377,0,0.3311,0,0.0852,0.0033
RE,2026,0.0852,0.3574,0,0.1377,0,0.3311,0,0.0852,0.0033
RO,2019,0.008,0.2338,0.164,0.2619,0.1943,0.0008,0.0003,0.0234,0.1135
RO,2020,0.01,0.1723,0.1871,0.2734,0.2076,0.001,0.0004,0.0248,0.1234
RO,2021,0.0109,0.1855,0.186,0.289,0.1938,0.001,0.0004,0.0229,0.1106
RO,2022,0.0106,0.1903,0.1936,0.2512,0.201,0.0005,0.0002,0.0281,0.1244
RO,2023,0.0065,0.1428,0.1684,0.318,0.1967,0.0001,0,0.0377,0.1299
RO,2024,0.0096,0.1313,0.1951,0.2617,0.2034,0.0014,0.0006,0.0781,0.1188
RO,2025,0.0105,0.1303,0.1936,0.2356,0.2009,0.0016,0.0007,0.1092,0.1177
RO,2026,0.0107,0.1166,0.2395,0.2897,0.1929,0.0001,0,0.0191,0.1315
RS,2019,0.0044,0.6592,0.0102,0.2728,0.0086,0.014,0.0003,0.0008,0.0296
RS,2020,0.0046,0.688,0.0058,0.257,0.0047,0.0096,0.0002,0.0003,0.0299
RS,2021,0.0088,0.593,0.015,0.3097,0.0122,0.0231,0.0004,0.0018,0.036
RS,2022,0.0098,0.6138,0.0468,0.2545,0.0205,0.0092,0.0009,0.0055,0.039
RS,2023,0.0069,0.6015,0.0161,0.3403,0.001,0.0069,0,0.0004,0.0268
RS,2024,0.0085,0.6056,0.0339,0.2896,0.0112,0.0079,0.0004,0.0056,0.0372
RS,2025,0.0103,0.6345,0.0539,0.2385,0.0079,0.0072,0.0003,0.0036,0.0437
RS,2026,0.0103,0.6156,0.0677,0.2423,0.0117,0.007,0.0004,0.0017,0.0434
RU,2019,0.0005,0.1654,0.4518,0.1762,0.1931,0.0115,0,0.0012,0.0003
RU,2020,0.0007,0.1586,0.4223,0.1981,0.2059,0.0113,0,0.0019,0.0013
RU,2021,0.0007,0.1589,0.4359,0.188,0.1994,0.0118,0,0.002,0.0032
RU,2022,0.0007,0.1619,0.4483,0.1714,0.1988,0.0121,0,0.0022,0.0046
RU,2023,0.0007,0.1638,0.4538,0.1724,0.1914,0.0121,0,0.0019,0.0039
RU,2024,0.0007,0.1712,0.4494,0.1756,0.1845,0.0121,0,0.002,0.0044
RU,2025,0.0007,0.1767,0.4429,0.1704,0.1908,0.0129,0,0.002,0.0036
RU,2026,0.0007,0.1803,0.4546,0.1592,0.1877,0.0134,0,0.0012,0.0029
RW,2019,0.0001,0.033,0.2528,0.46,0.0005,0.2181,0.0002,0.0345,0.0008
RW,2020,0.0001,0.033,0.2528,0.46,0.0005,0.2181,0.0002,0.0345,0.0008
RW,2021,0.0001,0.033,0.2528,0.46,0.0005,0.2181,0.0002,0.0345,0.0008
RW,2022,0.0001,0.033,0.2528,0.46,0.0005,0.2181,0.0002,0.0345,0.0008
RW,2023,0.0001,0.033,0.2528,0.46,0.0005,0.2181,0.0002,0.0345,0.0008
RW,2024,0.0001,0.033,0.2528,0.46,0.0005,0.2181,0.0002,0.0345,0.0008
RW,2025,0.0001,0.033,0.2528,0.46,0.0005,0.2181,0.0002,0.0345,0.0008
RW,2026,0.0001,0.033,0.2528,0.46,0.0005,0.2181,0.0002,0.0345,0.0008
SA,2019,0,0,0.5906,0,0,0.4088,0,0.0006,0
SA,2020,0,0,0.5906,0,0,0.4088,0,0.0006,0
SA,2021,0,0,0.5906,0,0,0.4088,0,0.0006,0
SA,2022,0,0,0.5906,0,0,0.4088,0,0.0006,0
SA,2023,0,0,0.5906,0,0,0.4088,0,0.0006,0
SA,2024,0,0,0.5906,0,0,0.4088,0,0.0006,0
SA,2025,0,0,0.5906,0,0,0.4088,0,0.0006,0
SA,2026,0,0,0.5906,0,0,0.4088,0,0.0006,0
SB,2019,0,0,0,0,0,1,0,0,0
SB,2020,0,0,0,0,0,1,0,0,0
SB,2021,0,0,0,0,0,1,0,0,0
SB,2022,0,0,0,0,0,1,0,0,0
SB,2023,0,0,0,0,0,1,0,0,0
SB,2024,0,0,0,0,0,1,0,0,0
SB,2025,0,0,0,0,0,1,0,0,0
SB,2026,0,0,0,0,0,1,0,0,0
SC,2019,0,0,0,0,0,0.9298,0,0.0702,0
SC,2020,0,0,0,0,0,0.9298,0,0.0702,0
SC,2021,0,0,0,0,0,0.9298,0,0.0702,0
SC,2022,0,0,0,0,0,0.9298,0,0.0702,0
SC,2023,0,0,0,0,0,0.9298,0,0.0702,0
SC,2024,0,0,0,0,0,0.9298,0,0.0702,0
SC,2025,0,0,0,0,0,0.9298,0,0.0702,0
SC,2026,0,0,0,0,0,0.9298,0,0.0702,0
SD,2019,0.0068,0.0039,0.0053,0.6235,0.0002,0.3587,0.0001,0.0013,0.0003
SD,2020,0.0068,0.0039,0.0053,0.6235,0.0002,0.3587,0.0001,0.0013,0.0003
SD,2021,0.0068,0.0039,0.0053,0.6235,0.0002,0.3587,0.0001,0.0013,0.0003
SD,2022,0.0068,0.0039,0.0053,0.6235,0.0002,0.3587,0.0001,0.0013,0.0003
SD,2023,0.0068,0.0039,0.0053,0.6235,0.0002,0.3587,0.0001,0.0013,0.0003
SD,2024,0.0068,0.0039,0.0053,0.6235,0.0002,0.3587,0.0001,0.0013,0.0003
SD,2025,0.0068,0.0039,0.0053,0.6235,0.0002,0.3587,0.0001,0.0013,0.0003
SD,2026,0.0068,0.0039,0.0053,0.6235,0.0002,0.3587,0.0001,0.0013,0.0003
SE,2019,0.0578,0,0,0.4134,0.4052,0,0,0,0.1236
SE,2020,0.0442,0,0,0.4752,0.307,0,0,0,0.1736
SE,2021,0.0556,0,0.0001,0.4572,0.3175,0,0,0.0068,0.1628
SE,2022,0.0538,0,0,0.4266,0.3064,0,0,0.0116,0.2016
SE,2023,0.0466,0,0,0.4197,0.2969,0,0,0.0195,0.2173
SE,2024,0.0369,0,0,0.3956,0.2957,0,0,0.0247,0.2471
SE,2025,0.0355,0,0,0.4205,0.2766,0,0,0.0278,0.2395
SE,2026,0.0426,0,0,0.4067,0.2883,0,0,0.0059,0.2564
SG,2019,0,0,0.975,0,0,0.0214,0,0.0035,0
SG,2020,0,0,0.9744,0,0,0.02,0,0.0056,0
SG,2021,0,0,0.9724,0,0,0.0204,0,0.0072,0
SG,2022,0.0001,0.0018,0.9565,0.0005,0.0002,0.0289,0,0.0119,0.0002
SG,2023,0,0.0008,0.9604,0.0001,0.0001,0.022,0,0.0165,0.0001
SG,2024,0,0.0002,0.9557,0,0,0.0225,0,0.0215,0
SG,2025,0.0001,0.0024,0.9421,0.0006,0.0002,0.0261,0,0.0282,0.0004
SG,2026,0.0001,0.0029,0.9409,0.0007,0.0003,0.0212,0,0.0333,0.0006
SH,2019,0,0,0,0,0,1,0,0,0
SH,2020,0,0,0,0,0,1,0,0,0
SH,2021,0,0,0,0,0,1,0,0,0
SH,2022,0,0,0,0,0,1,0,0,0
SH,2023,0,0,0,0,0,1,0,0,0
SH,2024,0,0,0,0,0,1,0,0,0
SH,2025,0,0,0,0,0,1,0,0,0
SH,2026,0,0,0,0,0,1,0,0,0
SI,2019,0.0086,0.2691,0.0374,0.2826,0.3683,0.0082,0.0004,0.0208,0.0047
SI,2020,0.0083,0.2446,0.0338,0.296,0.3856,0.0081,0.0002,0.0197,0.0037
SI,2021,0.0053,0.237,0.0444,0.3064,0.3703,0.0089,0.0004,0.023,0.0044
SI,2022,0.0089,0.224,0.0586,0.2387,0.4118,0.011,0.0008,0.0331,0.0131
SI,2023,0.0052,0.2016,0.0366,0.3318,0.3661,0.009,0.0003,0.0438,0.0056
SI,2024,0.0081,0.2054,0.0343,0.3227,0.3496,0.0029,0.0001,0.0748,0.0022
SI,2025,0.0124,0.135,0.0759,0.2703,0.3928,0.0008,0.0003,0.1068,0.0057
SI,2026,0.0157,0.252,0.1024,0.1732,0.4094,0,0,0.0472,0
SK,2019,0.0295,0.0653,0.1074,0.1558,0.536,0.0619,0.0192,0.0195,0.0052
SK,2020,0.0325,0.0427,0.1221,0.161,0.5463,0.057,0.0174,0.0186,0.0023
SK,2021,0.0308,0.0511,0.1406,0.1457,0.533,0.0602,0.017,0.018,0.0036
SK,2022,0.0294,0.0526,0.0776,0.142,0.5908,0.064,0.0154,0.0226,0.0055
SK,2023,0.0279,0.0328,0.0706,0.1582,0.6305,0.049,0.0144,0.0165,0
SK,2024,0.0312,0.0079,0.0858,0.1632,0.6307,0.045,0.0164,0.0197,0
SK,2025,0.0315,0.0014,0.1002,0.1071,0.6791,0.0438,0.0169,0.0199,0
SK,2026,0.0292,0.0036,0.1277,0.1095,0.6679,0.0438,0.0146,0.0036,0
SL,2019,0,0,0,0.9,0,0.05,0,0.05,0
SL,2020,0,0,0,0.9,0,0.05,0,0.05,0
SL,2021,0,0,0,0.9,0,0.05,0,0.05,0
SL,2022,0,0,0,0.9,0,0.05,0,0.05,0
SL,2023,0,0,0,0.9,0,0.05,0,0.05,0
SL,2024,0,0,0,0.9,0,0.05,0,0.05,0
SL,2025,0,0,0,0.9,0,0.05,0,0.05,0
SL,2026,0,0,0,0.9,0,0.05,0,0.05,0
SN,2019,0.0197,0.1395,0.0313,0.0589,0.0008,0.6907,0.0003,0.0544,0.0044
SN,2020,0.0197,0.1395,0.0313,0.0589,0.0008,0.6907,0.0003,0.0544,0.0044
SN,2021,0.0197,0.1395,0.0313,0.0589,0.0008,0.6907,0.0003,0.0544,0.0044
SN,2022,0.0197,0.1395,0.0313,0.0589,0.0008,0.6907,0.0003,0.0544,0.0044
SN,2023,0.0197,0.1395,0.0313,0.0589,0.0008,0.6907,0.0003,0.0544,0.0044
SN,2024,0.0197,0.1395,0.0313,0.0589,0.0008,0.6907,0.0003,0.0544,0.0044
SN,2025,0.0197,0.1395,0.0313,0.0589,0.0008,0.6907,0.0003,0.0544,0.0044
SN,2026,0.0197,0.1395,0.0313,0.0589,0.0008,0.6907,0.0003,0.0544,0.0044
SO,2019,0,0,0,0,0,0.9459,0,0.027,0.027
SO,2020,0,0,0,0,0,0.9459,0,0.027,0.027
SO,2021,0,0,0,0,0,0.9459,0,0.027,0.027
SO,2022,0,0,0,0,0,0.9459,0,0.027,0.027
SO,2023,0,0,0,0,0,0.9459,0,0.027,0.027
SO,2024,0,0,0,0,0,0.9459,0,0.027,0.027
SO,2025,0,0,0,0,0,0.9459,0,0.027,0.027
SO,2026,0,0,0,0,0,0.9459,0,0.027,0.027
SR,2019,0.0049,0,0.0098,0.4657,0,0.5147,0,0.0049,0
SR,2020,0.0049,0,0.0098,0.4657,0,0.5147,0,0.0049,0
SR,2021,0.0049,0,0.0098,0.4657,0,0.5147,0,0.0049,0
SR,2022,0.0049,0,0.0098,0.4657,0,0.5147,0,0.0049,0
SR,2023,0.0049,0,0.0098,0.4657,0,0.5147,0,0.0049,0
SR,2024,0.0049,0,0.0098,0.4657,0,0.5147,0,0.0049,0
SR,2025,0.0049,0,0.0098,0.4657,0,0.5147,0,0.0049,0
SR,2026,0.0049,0,0.0098,0.4657,0,0.5147,0,0.0049,0
SS,2019,0,0,0,0,0,0.9821,0,0.0179,0
SS,2020,0,0,0,0,0,0.9821,0,0.0179,0
SS,2021,0,0,0,0,0,0.9821,0,0.0179,0
SS,2022,0,0,0,0,0,0.9821,0,0.0179,0
SS,2023,0,0,0,0,0,0.9821,0,0.0179,0
SS,2024,0,0,0,0,0,0.9821,0,0.0179,0
SS,2025,0,0,0,0,0,0.9821,0,0.0179,0
SS,2026,0,0,0,0,0,0.9821,0,0.0179,0
ST,2019,0,0,0,0.0909,0,0.9091,0,0,0
ST,2020,0,0,0,0.0909,0,0.9091,0,0,0
ST,2021,0,0,0,0.0909,0,0.9091,0,0,0
ST,2022,0,0,0,0.0909,0,0.9091,0,0,0
ST,2023,0,0,0,0.0909,0,0.9091,0,0,0
ST,2024,0,0,0,0.0909,0,0.9091,0,0,0
ST,2025,0,0,0,0.0909,0,0.9091,0,0,0
ST,2026,0,0,0,0.0909,0,0.9091,0,0,0
SV,2019,0.1037,0,0,0.2783,0,0.3071,0.2649,0.0461,0
SV,2020,0.102,0,0,0.371,0,0.1633,0.269,0.0928,0.0019
SV,2021,0.1159,0,0,0.3234,0,0.1589,0.271,0.1065,0.0243
SV,2022,0.0757,0.002,0.1524,0.3218,0.0012,0.0728,0.197,0.1536,0.0233
SV,2023,0.0659,0.0001,0.3046,0.1933,0.0001,0.0834,0.1819,0.149,0.0216
SV,2024,0.0666,0.0006,0.2542,0.2686,0.0003,0.067,0.1739,0.1503,0.0185
SV,2025,0.152,0.0024,0.227,0.1779,0.0012,0.0336,0.1973,0.1568,0.0518
SV,2026,0.1519,0.0026,0.2271,0.1766,0.0013,0.0337,0.1973,0.1577,0.0519
SY,2019,0.0013,0,0.4512,0.0336,0,0.5139,0,0,0
SY,2020,0.0013,0,0.4512,0.0336,0,0.5139,0,0,0
SY,2021,0.0013,0,0.4512,0.0336,0,0.5139,0,0,0
SY,2022,0.0013,0,0.4512,0.0336,0,0.5139,0,0,0
SY,2023,0.0013,0,0.4512,0.0336,0,0.5139,0,0,0
SY,2024,0.0013,0,0.4512,0.0336,0,0.5139,0,0,0
SY,2025,0.0013,0,0.4512,0.0336,0,0.5139,0,0,0
SY,2026,0.0013,0,0.4512,0.0336,0,0.5139,0,0,0
SZ,2019,0.1463,0.2312,0.2809,0.2597,0.0103,0.0438,0.0041,0.0086,0.0152
SZ,2020,0.1463,0.2312,0.2809,0.2597,0.0103,0.0438,0.0041,0.0086,0.0152
SZ,2021,0.1463,0.2312,0.2809,0.2597,0.0103,0.0438,0.0041,0.0086,0.0152
SZ,2022,0.1463,0.2312,0.2809,0.2597,0.0103,0.0438,0.0041,0.0086,0.0152
SZ,2023,0.1463,0.2312,0.2809,0.2597,0.0103,0.0438,0.0041,0.0086,0.0152
SZ,2024,0.1463,0.2312,0.2809,0.2597,0.0103,0.0438,0.0041,0.0086,0.0152
SZ,2025,0.1463,0.2312,0.2809,0.2597,0.0103,0.0438,0.0041,0.0086,0.0152
SZ,2026,0.1463,0.2312,0.2809,0.2597,0.0103,0.0438,0.0041,0.0086,0.0152
TC,2019,0,0,0,0,0,1,0,0,0
TC,2020,0,0,0,0,0,1,0,0,0
TC,2021,0,0,0,0,0,1,0,0,0
TC,2022,0,0,0,0,0,1,0,0,0
TC,2023,0,0,0,0,0,1,0,0,0
TC,2024,0,0,0,0,0,1,0,0,0
TC,2025,0,0,0,0,0,1,0,0,0
TC,2026,0,0,0,0,0,1,0,0,0
TD,2019,0.0286,0,0,0,0,0.9429,0,0,0.0286
TD,2020,0.0286,0,0,0,0,0.9429,0,0,0.0286
TD,2021,0.0286,0,0,0,0,0.9429,0,0,0.0286
TD,2022,0.0286,0,0,0,0,0.9429,0,0,0.0286
TD,2023,0.0286,0,0,0,0,0.9429,0,0,0.0286
TD,2024,0.0286,0,0,0,0,0.9429,0,0,0.0286
TD,2025,0.0286,0,0,0,0,0.9429,0,0,0.0286
TD,2026,0.0286,0,0,0,0,0.9429,0,0,0.0286
TG,2019,0.0021,0.1748,0.5566,0.176,0.0087,0.0512,0.0035,0.0142,0.0129
TG,2020,0.0021,0.1748,0.5566,0.176,0.0087,0.0512,0.0035,0.0142,0.0129
TG,2021,0.0021,0.1748,0.5566,0.176,0.0087,0.0512,0.0035,0.0142,0.0129
TG,2022,0.0021,0.1748,0.5566,0.176,0.0087,0.0512,0.0035,0.0142,0.0129
TG,2023,0.0021,0.1748,0.5566,0.176,0.0087,0.0512,0.0035,0.0142,0.0129
TG,2024,0.0021,0.1748,0.5566,0.176,0.0087,0.0512,0.0035,0.0142,0.0129
TG,2025,0.0021,0.1748,0.5566,0.176,0.0087,0.0512,0.0035,0.0142,0.0129
TG,2026,0.0021,0.1748,0.5566,0.176,0.0087,0.0512,0.0035,0.0142,0.0129
TH,2019,0.0617,0.2345,0.5955,0.0456,0.0058,0.0065,0.0004,0.0283,0.0218
TH,2020,0.0632,0.2528,0.5803,0.0409,0.0065,0.0048,0.0005,0.0291,0.0218
TH,2021,0.067,0.2594,0.5611,0.0427,0.0081,0.0049,0.0006,0.0271,0.0291
TH,2022,0.0681,0.253,0.5526,0.0522,0.0082,0.0096,0.0006,0.0317,0.0238
TH,2023,0.0676,0.2153,0.5993,0.0466,0.0074,0.005,0.0006,0.0319,0.0263
TH,2024,0.0609,0.2218,0.5979,0.0457,0.0076,0.0019,0.0006,0.0366,0.0268
TH,2025,0.0507,0.2435,0.551,0.0539,0.009,0.001,0.0007,0.0611,0.0291
TH,2026,0.0484,0.2721,0.5156,0.0509,0.0115,0.001,0.0009,0.0642,0.0356
TJ,2019,0,0.067,0.0141,0.9188,0,0,0,0,0
TJ,2020,0,0.0736,0.0149,0.9116,0,0,0,0,0
TJ,2021,0,0.0694,0.012,0.9186,0,0,0,0,0
TJ,2022,0,0.0631,0.0142,0.9227,0,0,0,0,0
TJ,2023,0,0.0509,0.0123,0.9367,0,0,0,0,0
TJ,2024,0,0.0564,0.0125,0.931,0.0001,0,0,0.0001,0.0001
TJ,2025,0.0001,0.037,0.0078,0.9541,0.0002,0,0,0.0004,0.0004
TJ,2026,0,0.0048,0,0.9952,0,0,0,0,0
TL,2019,0,0,0,0,0,1,0,0,0
TL,2020,0,0,0,0,0,1,0,0,0
TL,2021,0,0,0,0,0,1,0,0,0
TL,2022,0,0,0,0,0,1,0,0,0
TL,2023,0,0,0,0,0,1,0,0,0
TL,2024,0,0,0,0,0,1,0,0,0
TL,2025,0,0,0,0,0,1,0,0,0
TL,2026,0,0,0,0,0,1,0,0,0
TM,2019,0,0,1,0,0,0,0,0,0
TM,2020,0,0,1,0,0,0,0,0,0
TM,2021,0,0,1,0,0,0,0,0,0
TM,2022,0,0,1,0,0,0,0,0,0
TM,2023,0,0,1,0,0,0,0,0,0
TM,2024,0,0,1,0,0,0,0,0,0
TM,2025,0,0,1,0,0,0,0,0,0
TM,2026,0,0,1,0,0,0,0,0,0
TN,2019,0,0,0.9541,0.0032,0,0.0145,0,0.0054,0.0227
TN,2020,0,0,0.9753,0.0015,0,0,0,0,0.0231
TN,2021,0,0,0.9789,0,0,0,0,0,0.0211
TN,2022,0,0,0.9839,0,0,0,0,0,0.0161
TN,2023,0,0,0.9827,0,0,0,0,0,0.0173
TN,2024,0,0,0.9828,0,0,0,0,0,0.0172
TN,2025,0,0,0.9855,0,0,0,0,0,0.0145
TN,2026,0,0,0.9895,0,0,0,0,0,0.0105
TO,2019,0,0,0,0,0,0.8571,0,0.1429,0
TO,2020,0,0,0,0,0,0.8571,0,0.1429,0
TO,2021,0,0,0,0,0,0.8571,0,0.1429,0
TO,2022,0,0,0,0,0,0.8571,0,0.1429,0
TO,2023,0,0,0,0,0,0.8571,0,0.1429,0
TO,2024,0,0,0,0,0,0.8571,0,0.1429,0
TO,2025,0,0,0,0,0,0.8571,0,0.1429,0
TO,2026,0,0,0,0,0,0.8571,0,0.1429,0
TR,2019,0.0113,0.3759,0.1829,0.295,0.0002,0.0033,0.0274,0.0318,0.0721
TR,2020,0.0144,0.3513,0.2251,0.258,0.0004,0.0012,0.0308,0.0372,0.0815
TR,2021,0.0187,0.3176,0.3274,0.1692,0,0.0011,0.0309,0.0404,0.0946
TR,2022,0.0238,0.3529,0.2245,0.2075,0.0016,0.0024,0.0317,0.0473,0.1083
TR,2023,0.0257,0.3663,0.2083,0.1989,0.0024,0.0031,0.0314,0.0575,0.1063
TR,2024,0.0254,0.355,0.1852,0.2188,0.0003,0.0029,0.0299,0.0754,0.107
TR,2025,0.0239,0.3428,0.2213,0.1619,0.0002,0.0029,0.0301,0.1054,0.1114
TR,2026,0.0243,0.3696,0.289,0.1288,0,0.0019,0.0324,0.0531,0.101
TT,2019,0,0,0.9946,0,0,0.0043,0,0.0011,0
TT,2020,0,0,0.9946,0,0,0.0043,0,0.0011,0
TT,2021,0,0,0.9946,0,0,0.0043,0,0.0011,0
TT,2022,0,0,0.9946,0,0,0.0043,0,0.0011,0
TT,2023,0,0,0.9946,0,0,0.0043,0,0.0011,0
TT,2024,0,0,0.9946,0,0,0.0043,0,0.0011,0
TT,2025,0,0,0.9946,0,0,0.0043,0,0.0011,0
TT,2026,0,0,0.9946,0,0,0.0043,0,0.0011,0
TW,2019,0.0007,0.4664,0.3363,0.0205,0.1193,0.035,0,0.0148,0.007
TW,2020,0.0008,0.4548,0.3608,0.0109,0.1136,0.0289,0,0.022,0.0084
TW,2021,0.0008,0.4476,0.3765,0.0121,0.0965,0.0311,0,0.0276,0.0078
TW,2022,0.0007,0.4245,0.3928,0.0205,0.0833,0.0283,0,0.0374,0.0125
TW,2023,0.0009,0.4266,0.3996,0.0142,0.0637,0.0265,0,0.0462,0.0223
TW,2024,0.0008,0.3961,0.4283,0.0147,0.0425,0.0274,0,0.0534,0.0368
TW,2025,0.0008,0.3572,0.4895,0.0201,0.0114,0.0285,0,0.0497,0.0427
TW,2026,0.0009,0.3022,0.5256,0.0168,0,0.0254,0,0.0462,0.0829
TZ,2019,0.0089,0.0042,0.6543,0.317,0.0002,0.0111,0.0001,0.004,0.0003
TZ,2020,0.0089,0.0042,0.6543,0.317,0.0002,0.0111,0.0001,0.004,0.0003
TZ,2021,0.0089,0.0042,0.6543,0.317,0.0002,0.0111,0.0001,0.004,0.0003
TZ,2022,0.0089,0.0042,0.6543,0.317,0.0002,0.0111,0.0001,0.004,0.0003
TZ,2023,0.0089,0.0042,0.6543,0.317,0.0002,0.0111,0.0001,0.004,0.0003
TZ,2024,0.0089,0.0042,0.6543,0.317,0.0002,0.0111,0.0001,0.004,0.0003
TZ,2025,0.0089,0.0042,0.6543,0.317,0.0002,0.0111,0.0001,0.004,0.0003
TZ,2026,0.0089,0.0042,0.6543,0.317,0.0002,0.0111,0.0001,0.004,0.0003
UA,2019,0,0.2993,0.0801,0.0392,0.5518,0,0,0,0.0296
UA,2020,0,0.2748,0.1011,0.0377,0.5299,0,0,0,0.0564
UA,2021,0.0002,0.2445,0.0683,0.0568,0.5684,0.0001,0,0.0001,0.0615
UA,2022,0.0001,0.2258,0.0443,0.0783,0.5908,0.0001,0,0.0001,0.0605
UA,2023,0,0.2694,0.0342,0.0618,0.5716,0,0,0,0.0631
UA,2024,0,0.2694,0.0342,0.0618,0.5716,0,0,0,0.0631
UA,2025,0,0.2694,0.0342,0.0618,0.5716,0,0,0,0.0631
UA,2026,0,0.2694,0.0342,0.0618,0.5716,0,0,0,0.0631
UG,2019,0.059,0,0,0.8821,0,0.0306,0,0.0284,0
UG,2020,0.059,0,0,0.8821,0,0.0306,0,0.0284,0
UG,2021,0.059,0,0,0.8821,0,0.0306,0,0.0284,0
UG,2022,0.059,0,0,0.8821,0,0.0306,0,0.0284,0
UG,2023,0.059,0,0,0.8821,0,0.0306,0,0.0284,0
UG,2024,0.059,0,0,0.8821,0,0.0306,0,0.0284,0
UG,2025,0.059,0,0,0.8821,0,0.0306,0,0.0284,0
UG,2026,0.059,0,0,0.8821,0,0.0306,0,0.0284,0
US,2019,0.0138,0.2318,0.381,0.0686,0.1946,0.009,0.0043,0.0257,0.0711
US,2020,0.0135,0.1911,0.4013,0.0701,0.1953,0.0085,0.0045,0.0323,0.0835
US,2021,0.0131,0.216,0.3799,0.06,0.1877,0.0085,0.0044,0.0396,0.091
US,2022,0.0121,0.1938,0.3933,0.0587,0.1799,0.009,0.0042,0.0478,0.1012
US,2023,0.0112,0.1588,0.4239,0.0554,0.1825,0.0078,0.0044,0.056,0.1001
US,2024,0.0106,0.1489,0.4256,0.0535,0.1782,0.0069,0.004,0.0688,0.1035
US,2025,0.0102,0.1635,0.4002,0.0533,0.1738,0.0071,0.0039,0.0852,0.1029
US,2026,0.0106,0.1749,0.381,0.0597,0.1883,0.0093,0.004,0.0501,0.1221
UY,2019,0.0618,0,0.0182,0.5501,0,0.0006,0,0.0279,0.3414
UY,2020,0.0863,0.001,0.0604,0.3417,0.0006,0.0106,0.0002,0.0355,0.4638
UY,2021,0.0736,0,0.1545,0.3598,0,0.0217,0,0.0314,0.3591
UY,2022,0.0732,0,0.0899,0.4182,0,0.0103,0,0.0344,0.374
UY,2023,0.0959,0.005,0.0928,0.3411,0.0025,0.0169,0.0007,0.0387,0.4065
UY,2024,0.1287,0,0.0058,0.5021,0,0.0006,0,0.0306,0.3322
UY,2025,0.1354,0.0014,0.023,0.459,0.0008,0.0076,0.0002,0.0397,0.3329
UY,2026,0.1556,0.003,0.0516,0.4596,0.0014,0.0038,0.0003,0.0502,0.2746
UZ,2019,0.0003,0.0707,0.8126,0.1023,0.0011,0.0112,0.0001,0.0008,0.0008
UZ,2020,0.0003,0.0705,0.8126,0.1024,0.0011,0.0112,0.0001,0.0009,0.0009
UZ,2021,0.0004,0.0705,0.8125,0.1022,0.0011,0.0112,0.0001,0.001,0.0011
UZ,2022,0.0004,0.0702,0.8123,0.1022,0.0011,0.0112,0.0001,0.0012,0.0013
UZ,2023,0.0004,0.0703,0.8123,0.1019,0.0011,0.0111,0.0001,0.0014,0.0014
UZ,2024,0.0004,0.0699,0.8122,0.102,0.0011,0.0111,0.0001,0.0018,0.0015
UZ,2025,0.0004,0.0693,0.8121,0.102,0.0011,0.0111,0.0001,0.0022,0.0017
UZ,2026,0.0004,0.0692,0.8121,0.1018,0.0011,0.0111,0.0001,0.0022,0.002
VC,2019,0,0,0,0.1333,0,0.8667,0,0,0
VC,2020,0,0,0,0.1333,0,0.8667,0,0,0
VC,2021,0,0,0,0.1333,0,0.8667,0,0,0
VC,2022,0,0,0,0.1333,0,0.8667,0,0,0
VC,2023,0,0,0,0.1333,0,0.8667,0,0,0
VC,2024,0,0,0,0.1333,0,0.8667,0,0,0
VC,2025,0,0,0,0.1333,0,0.8667,0,0,0
VC,2026,0,0,0,0.1333,0,0.8667,0,0,0
VE,2019,0,0,0.2501,0.583,0,0.1661,0,0.0001,0.0007
VE,2020,0,0,0.2501,0.583,0,0.1661,0,0.0001,0.0007
VE,2021,0,0,0.2501,0.583,0,0.1661,0,0.0001,0.0007
VE,2022,0,0,0.2501,0.583,0,0.1661,0,0.0001,0.0007
VE,2023,0,0,0.2501,0.583,0,0.1661,0,0.0001,0.0007
VE,2024,0,0,0.2501,0.583,0,0.1661,0,0.0001,0.0007
VE,2025,0,0,0.2501,0.583,0,0.1661,0,0.0001,0.0007
VE,2026,0,0,0.2501,0.583,0,0.1661,0,0.0001,0.0007
VG,2019,0,0,0,0,0,1,0,0,0
VG,2020,0,0,0,0,0,1,0,0,0
VG,2021,0,0,0,0,0,1,0,0,0
VG,2022,0,0,0,0,0,1,0,0,0
VG,2023,0,0,0,0,0,1,0,0,0
VG,2024,0,0,0,0,0,1,0,0,0
VG,2025,0,0,0,0,0,1,0,0,0
VG,2026,0,0,0,0,0,1,0,0,0
VI,2019,0,0,0,0,0,0.9848,0,0.0152,0
VI,2020,0,0,0,0,0,0.9848,0,0.0152,0
VI,2021,0,0,0,0,0,0.9848,0,0.0152,0
VI,2022,0,0,0,0,0,0.9848,0,0.0152,0
VI,2023,0,0,0,0,0,0.9848,0,0.0152,0
VI,2024,0,0,0,0,0,0.9848,0,0.0152,0
VI,2025,0,0,0,0,0,0.9848,0,0.0152,0
VI,2026,0,0,0,0,0,0.9848,0,0.0152,0
VN,2019,0,0.4917,0.1831,0.2988,0,0.0054,0,0.0149,0.006
VN,2020,0,0.494,0.1486,0.308,0,0.0057,0,0.0388,0.005
VN,2021,0,0.4636,0.1094,0.3102,0,0,0,0.1077,0.0091
VN,2022,0,0.3831,0.1079,0.3755,0,0,0,0.1022,0.0313
VN,2023,0,0.4596,0.1012,0.2988,0,0.0058,0,0.0968,0.0378
VN,2024,0,0.4792,0.0761,0.3183,0,0,0,0.0884,0.0379
VN,2025,0,0.4578,0.0629,0.3653,0,0,0,0.0736,0.0406
VN,2026,0,0.3582,0.0573,0.5067,0,0,0,0.0458,0.0321
VU,2019,0,0,0,0.1111,0,0.6667,0,0.1111,0.1111
VU,2020,0,0,0,0.1111,0,0.6667,0,0.1111,0.1111
VU,2021,0,0,0,0.1111,0,0.6667,0,0.1111,0.1111
VU,2022,0,0,0,0.1111,0,0.6667,0,0.1111,0.1111
VU,2023,0,0,0,0.1111,0,0.6667,0,0.1111,0.1111
VU,2024,0,0,0,0.1111,0,0.6667,0,0.1111,0.1111
VU,2025,0,0,0,0.1111,0,0.6667,0,0.1111,0.1111
VU,2026,0,0,0,0.1111,0,0.6667,0,0.1111,0.1111
WS,2019,0,0,0,0.2941,0,0.5882,0,0.1176,0
WS,2020,0,0,0,0.2941,0,0.5882,0,0.1176,0
WS,2021,0,0,0,0.2941,0,0.5882,0,0.1176,0
WS,2022,0,0,0,0.2941,0,0.5882,0,0.1176,0
WS,2023,0,0,0,0.2941,0,0.5882,0,0.1176,0
WS,2024,0,0,0,0.2941,0,0.5882,0,0.1176,0
WS,2025,0,0,0,0.2941,0,0.5882,0,0.1176,0
WS,2026,0,0,0,0.2941,0,0.5882,0,0.1176,0
XK,2019,0.0001,0.9455,0.0008,0.0335,0.0007,0.0032,0,0.0017,0.0144
XK,2020,0.0001,0.9455,0.0008,0.0336,0.0007,0.0032,0,0.0017,0.0145
XK,2021,0.0001,0.9455,0.0008,0.0335,0.0007,0.0032,0,0.0017,0.0145
XK,2022,0.0025,0.8451,0.0228,0.0455,0.0173,0.0018,0.0007,0.0017,0.0626
XK,2023,0.0038,0.7779,0.0326,0.0765,0.0264,0.0027,0.0011,0.0065,0.0725
XK,2024,0.0034,0.8201,0.0309,0.0472,0.025,0.0025,0.001,0.0052,0.0648
XK,2025,0.0064,0.7102,0.0548,0.0805,0.0457,0.0046,0.0018,0.0191,0.0768
XK,2026,0.0057,0.7318,0.0555,0.0761,0.0429,0.0042,0.0016,0.0062,0.0759
YE,2019,0,0,0.0976,0,0,0.7561,0,0.1463,0
YE,2020,0,0,0.0976,0,0,0.7561,0,0.1463,0
YE,2021,0,0,0.0976,0,0,0.7561,0,0.1463,0
YE,2022,0,0,0.0976,0,0,0.7561,0,0.1463,0
YE,2023,0,0,0.0976,0,0,0.7561,0,0.1463,0
YE,2024,0,0,0.0976,0,0,0.7561,0,0.1463,0
YE,2025,0,0,0.0976,0,0,0.7561,0,0.1463,0
YE,2026,0,0,0.0976,0,0,0.7561,0,0.1463,0
ZA,2019,0,0.8891,0,0.0027,0.0537,0.0085,0.0004,0.0193,0.0263
ZA,2020,0,0.8886,0,0.0031,0.048,0.008,0.0005,0.0241,0.0276
ZA,2021,0,0.8672,0,0.0065,0.0498,0.0132,0.0005,0.0286,0.0342
ZA,2022,0,0.8422,0,0.0133,0.0429,0.0154,0.0009,0.044,0.0413
ZA,2023,0,0.808,0.0005,0.009,0.0362,0.0234,0.001,0.0701,0.0517
ZA,2024,0,0.8145,0.0004,0.0047,0.0331,0.0143,0.001,0.0848,0.0472
ZA,2025,0,0.7944,0,0.0068,0.0436,0.0145,0.0012,0.0911,0.0485
ZA,2026,0,0.7432,0,0.0071,0.0724,0.0049,0.0016,0.117,0.0539
ZM,2019,0.0047,0.1129,0,0.8337,0,0.0406,0,0.0081,0
ZM,2020,0.0047,0.1129,0,0.8337,0,0.0406,0,0.0081,0
ZM,2021,0.0047,0.1129,0,0.8337,0,0.0406,0,0.0081,0
ZM,2022,0.0047,0.1129,0,0.8337,0,0.0406,0,0.0081,0
ZM,2023,0.0047,0.1129,0,0.8337,0,0.0406,0,0.0081,0
ZM,2024,0.0047,0.1129,0,0.8337,0,0.0406,0,0.0081,0
ZM,2025,0.0047,0.1129,0,0.8337,0,0.0406,0,0.0081,0
ZM,2026,0.0047,0.1129,0,0.8337,0,0.0406,0,0.0081,0
ZW,2019,0.0202,0.4572,0.0478,0.4534,0.0017,0.0127,0.0007,0.0036,0.0026
ZW,2020,0.0202,0.4572,0.0478,0.4534,0.0017,0.0127,0.0007,0.0036,0.0026
ZW,2021,0.0202,0.4572,0.0478,0.4534,0.0017,0.0127,0.0007,0.0036,0.0026
ZW,2022,0.0202,0.4572,0.0478,0.4534,0.0017,0.0127,0.0007,0.0036,0.0026
ZW,2023,0.0202,0.4572,0.0478,0.4534,0.0017,0.0127,0.0007,0.0036,0.0026
ZW,2024,0.0202,0.4572,0.0478,0.4534,0.0017,0.0127,0.0007,0.0036,0.0026
ZW,2025,0.0202,0.4572,0.0478,0.4534,0.0017,0.0127,0.0007,0.0036,0.0026
ZW,2026,0.0202,0.4572,0.0478,0.4534,0.0017,0.0127,0.0007,0.0036,0.0026
