subdivision,period,Other Fossil,Other Renewables,Bioenergy,Coal,Gas,Hydro,Nuclear,Solar,Wind
CA-NL,2019-01,0.0023,0.0001,0.0043,0.0171,0.027,0.9458,0,0,0.0034
CA-PE,2019-01,0.0005,0,0.0009,0.0037,0.0058,0,0,0.0004,0.9887
CA-NS,2019-01,0.0372,0.0013,0.0694,0.272,0.4304,0.0996,0,0,0.0903
CA-NB,2019-01,0.0207,0.0007,0.0386,0.1513,0.2394,0.1633,0.3256,0,0.0605
CA-QC,2019-01,0.0004,0,0.0008,0.003,0.0048,0.94,0,0,0.051
CA-ON,2019-01,0.0041,0.0001,0.0077,0.0301,0.0475,0.2457,0.5571,0.0059,0.1019
CA-MB,2019-01,0.0002,0,0.0004,0.0015,0.0024,0.9698,0,0,0.0257
CA-SK,2019-01,0.0371,0.0013,0.0692,0.2713,0.4292,0.1575,0,0,0.0345
CA-AB,2019-01,0.0422,0.0014,0.0787,0.3085,0.4881,0.0163,0,0.0001,0.0647
CA-BC,2019-01,0.0037,0.0001,0.007,0.0274,0.0433,0.8951,0,0,0.0233
CA-YT,2019-01,0.0085,0.0003,0.0158,0.0621,0.0982,0.8151,0,0,0
CA-NT,2019-01,0.0294,0.001,0.0548,0.215,0.3402,0.3421,0,0,0.0174
CA-NU,2019-01,0.0459,0.0015,0.0856,0.3357,0.5312,0,0,0,0
CA-NL,2019-02,0.0025,0.0001,0.0047,0.0184,0.0291,0.941,0,0,0.0042
CA-PE,2019-02,0.0003,0,0.0006,0.0022,0.0034,0,0,0.0005,0.993
CA-NS,2019-02,0.0366,0.0011,0.0682,0.2679,0.4236,0.0966,0,0,0.1061
CA-NB,2019-02,0.0187,0.0006,0.035,0.1374,0.2171,0.144,0.3614,0,0.0858
CA-QC,2019-02,0.0004,0,0.0007,0.0028,0.0044,0.9367,0,0,0.0551
CA-ON,2019-02,0.0058,0.0002,0.0108,0.0424,0.0671,0.2631,0.5001,0.008,0.1025
CA-MB,2019-02,0.0002,0,0.0003,0.0013,0.0021,0.9675,0,0,0.0285
CA-SK,2019-02,0.0382,0.0012,0.0712,0.2799,0.4424,0.1466,0,0,0.0205
CA-AB,2019-02,0.0439,0.0014,0.0818,0.3214,0.5082,0.0186,0,0.0001,0.0247
CA-BC,2019-02,0.0033,0.0001,0.0061,0.024,0.038,0.914,0,0,0.0145
CA-YT,2019-02,0.0094,0.0003,0.0175,0.0688,0.1087,0.7953,0,0,0
CA-NT,2019-02,0.0301,0.0009,0.0562,0.2207,0.3489,0.3281,0,0.0001,0.015
CA-NU,2019-02,0.0458,0.0014,0.0855,0.336,0.5312,0,0,0,0
CA-NL,2019-03,0.0017,0.0001,0.0032,0.0125,0.0198,0.959,0,0,0.0038
CA-PE,2019-03,0.0004,0,0.0007,0.0027,0.0043,0,0,0.0009,0.9909
CA-NS,2019-03,0.0369,0.0011,0.068,0.2674,0.4233,0.0868,0,0,0.1165
CA-NB,2019-03,0.0182,0.0005,0.0336,0.132,0.209,0.1428,0.391,0,0.0729
CA-QC,2019-03,0.0004,0,0.0008,0.0032,0.005,0.9282,0,0,0.0624
CA-ON,2019-03,0.0058,0.0002,0.0106,0.0418,0.0662,0.2562,0.4975,0.0161,0.1057
CA-MB,2019-03,0.0002,0,0.0003,0.0011,0.0018,0.9664,0,0,0.0303
CA-SK,2019-03,0.0391,0.0012,0.0721,0.2833,0.4486,0.1153,0,0,0.0405
CA-AB,2019-03,0.044,0.0013,0.0811,0.3186,0.5045,0.0152,0,0.0003,0.0351
CA-BC,2019-03,0.0063,0.0002,0.0115,0.0453,0.0717,0.8423,0,0,0.0226
CA-YT,2019-03,0.0128,0.0004,0.0236,0.0929,0.147,0.7233,0,0,0
CA-NT,2019-03,0.0306,0.0009,0.0564,0.2218,0.3512,0.3097,0,0.0004,0.029
CA-NU,2019-03,0.0463,0.0014,0.0854,0.3356,0.5313,0,0,0,0
CA-NL,2019-04,0.0013,0.0001,0.0025,0.0096,0.0153,0.9662,0,0,0.0051
CA-PE,2019-04,0.0004,0,0.0007,0.0028,0.0044,0,0,0.0008,0.9909
CA-NS,2019-04,0.0323,0.0014,0.0594,0.2326,0.3687,0.1573,0,0,0.1483
CA-NB,2019-04,0.0162,0.0007,0.0298,0.1167,0.1849,0.4795,0.0792,0,0.093
CA-QC,2019-04,0.0004,0,0.0008,0.0031,0.005,0.926,0,0,0.0646
CA-ON,2019-04,0.0027,0.0001,0.0049,0.0193,0.0307,0.2799,0.5502,0.0196,0.0926
CA-MB,2019-04,0.0002,0,0.0004,0.0014,0.0022,0.9664,0,0,0.0295
CA-SK,2019-04,0.0355,0.0015,0.0653,0.2557,0.4053,0.2,0,0,0.0367
CA-AB,2019-04,0.0428,0.0018,0.0787,0.3084,0.4888,0.0187,0,0.0004,0.0602
CA-BC,2019-04,0.0072,0.0003,0.0132,0.0517,0.082,0.8143,0,0,0.0313
CA-YT,2019-04,0.0144,0.0006,0.0265,0.104,0.1649,0.6895,0,0,0
CA-NT,2019-04,0.0305,0.0013,0.0561,0.2197,0.3482,0.3149,0,0.0004,0.0288
CA-NU,2019-04,0.0465,0.002,0.0855,0.335,0.531,0,0,0,0
CA-NL,2019-05,0.0018,0.0001,0.0034,0.0133,0.021,0.9553,0,0,0.005
CA-PE,2019-05,0.0006,0,0.0012,0.0047,0.0074,0,0,0.0013,0.9847
CA-NS,2019-05,0.0333,0.0014,0.0615,0.2404,0.38,0.1702,0,0,0.1132
CA-NB,2019-05,0.0112,0.0005,0.0207,0.081,0.128,0.467,0.2354,0,0.0562
CA-QC,2019-05,0.0004,0,0.0007,0.0028,0.0044,0.9437,0,0,0.0479
CA-ON,2019-05,0.0022,0.0001,0.0041,0.0162,0.0255,0.312,0.5605,0.0224,0.0569
CA-MB,2019-05,0.0001,0,0.0003,0.001,0.0016,0.9697,0,0,0.0274
CA-SK,2019-05,0.0384,0.0017,0.071,0.2776,0.4387,0.1445,0,0,0.0282
CA-AB,2019-05,0.043,0.0019,0.0795,0.3109,0.4913,0.0355,0,0.0005,0.0374
CA-BC,2019-05,0.0052,0.0002,0.0096,0.0374,0.0591,0.875,0,0,0.0135
CA-YT,2019-05,0.0146,0.0006,0.0269,0.1052,0.1663,0.6864,0,0,0
CA-NT,2019-05,0.0314,0.0014,0.0581,0.2273,0.3592,0.3021,0,0.0007,0.0198
CA-NU,2019-05,0.0464,0.002,0.0858,0.3355,0.5303,0,0,0,0
CA-NL,2019-06,0.0014,0,0.0025,0.0098,0.0155,0.966,0,0,0.0047
CA-PE,2019-06,0.0005,0,0.0008,0.0033,0.0052,0,0,0.0017,0.9884
CA-NS,2019-06,0.0336,0.0008,0.0608,0.2402,0.3792,0.1628,0,0,0.1227
CA-NB,2019-06,0.0062,0.0001,0.0112,0.0443,0.0699,0.2828,0.5316,0,0.054
CA-QC,2019-06,0.0005,0,0.0009,0.0037,0.0058,0.9392,0,0,0.0498
CA-ON,2019-06,0.0017,0,0.0031,0.0122,0.0192,0.27,0.6355,0.0244,0.034
CA-MB,2019-06,0.0001,0,0.0001,0.0004,0.0007,0.9767,0,0,0.022
CA-SK,2019-06,0.0386,0.0009,0.0699,0.2759,0.4356,0.15,0,0,0.0292
CA-AB,2019-06,0.0418,0.0009,0.0756,0.2987,0.4716,0.0627,0,0.0005,0.0481
CA-BC,2019-06,0.0048,0.0001,0.0087,0.0345,0.0545,0.8681,0,0,0.0292
CA-YT,2019-06,0.0039,0.0001,0.0071,0.0279,0.044,0.917,0,0,0
CA-NT,2019-06,0.0312,0.0007,0.0565,0.2232,0.3523,0.3069,0,0.0007,0.0285
CA-NU,2019-06,0.047,0.0011,0.0851,0.3362,0.5307,0,0,0,0
CA-NL,2019-07,0.0006,0,0.0011,0.0043,0.0067,0.9843,0,0,0.0031
CA-PE,2019-07,0.0006,0,0.0012,0.0046,0.0073,0,0,0.0026,0.9837
CA-NS,2019-07,0.0367,0.0007,0.0672,0.2649,0.4185,0.1243,0,0,0.0877
CA-NB,2019-07,0.0204,0.0004,0.0373,0.1471,0.2324,0.1492,0.3629,0,0.0503
CA-QC,2019-07,0.0005,0,0.0008,0.0033,0.0052,0.9507,0,0,0.0394
CA-ON,2019-07,0.0066,0.0001,0.0122,0.0479,0.0757,0.2135,0.5843,0.0231,0.0366
CA-MB,2019-07,0.0001,0,0.0002,0.001,0.0015,0.9762,0,0,0.0209
CA-SK,2019-07,0.0355,0.0007,0.0649,0.2559,0.4043,0.2136,0,0,0.0251
CA-AB,2019-07,0.042,0.0008,0.0767,0.3024,0.4778,0.064,0,0.0005,0.0358
CA-BC,2019-07,0.0064,0.0001,0.0117,0.0461,0.0729,0.8368,0,0,0.026
CA-YT,2019-07,0.0024,0,0.0044,0.0175,0.0277,0.9478,0,0,0
CA-NT,2019-07,0.0295,0.0006,0.0539,0.2124,0.3356,0.346,0,0.0006,0.0214
CA-NU,2019-07,0.0466,0.0009,0.0853,0.3361,0.5311,0,0,0,0
CA-NL,2019-08,0.0004,0,0.0008,0.0031,0.0049,0.9878,0,0,0.0031
CA-PE,2019-08,0.0006,0,0.0011,0.0043,0.0068,0,0,0.0021,0.9852
CA-NS,2019-08,0.04,0.0008,0.0741,0.2915,0.461,0.0432,0,0,0.0894
CA-NB,2019-08,0.0162,0.0003,0.0299,0.1176,0.1859,0.107,0.5117,0,0.0315
CA-QC,2019-08,0.0005,0,0.001,0.0038,0.006,0.9473,0,0,0.0415
CA-ON,2019-08,0.0048,0.0001,0.0089,0.0352,0.0556,0.1944,0.6385,0.0232,0.0392
CA-MB,2019-08,0.0001,0,0.0001,0.0004,0.0007,0.9766,0,0,0.0222
CA-SK,2019-08,0.0377,0.0008,0.0697,0.2741,0.4334,0.1568,0,0,0.0276
CA-AB,2019-08,0.0426,0.0009,0.0789,0.3105,0.4909,0.0423,0,0.0004,0.0335
CA-BC,2019-08,0.006,0.0001,0.011,0.0434,0.0687,0.8482,0,0,0.0225
CA-YT,2019-08,0.0023,0,0.0043,0.0168,0.0265,0.9502,0,0,0
CA-NT,2019-08,0.0316,0.0006,0.0584,0.2298,0.3634,0.2901,0,0.0005,0.0256
CA-NU,2019-08,0.0462,0.0009,0.0854,0.3361,0.5314,0,0,0,0
CA-NL,2019-09,0.0018,0,0.0034,0.0132,0.021,0.955,0,0,0.0056
CA-PE,2019-09,0.0004,0,0.0007,0.0029,0.0046,0,0,0.0013,0.99
CA-NS,2019-09,0.0378,0.0007,0.0689,0.2712,0.4293,0.0676,0,0,0.1245
CA-NB,2019-09,0.016,0.0003,0.0292,0.1149,0.1819,0.1195,0.4737,0,0.0645
CA-QC,2019-09,0.0005,0,0.001,0.0038,0.0059,0.9313,0,0,0.0575
CA-ON,2019-09,0.0033,0.0001,0.006,0.0237,0.0375,0.2066,0.6475,0.0201,0.0553
CA-MB,2019-09,0.0001,0,0.0002,0.0009,0.0015,0.9741,0,0,0.0231
CA-SK,2019-09,0.0396,0.0008,0.0722,0.284,0.4496,0.1257,0,0,0.0281
CA-AB,2019-09,0.0426,0.0008,0.0777,0.3057,0.4839,0.041,0,0.0003,0.048
CA-BC,2019-09,0.0052,0.0001,0.0095,0.0375,0.0593,0.8618,0,0,0.0265
CA-YT,2019-09,0.0036,0.0001,0.0065,0.0255,0.0404,0.924,0,0,0
CA-NT,2019-09,0.0296,0.0006,0.054,0.2123,0.3361,0.342,0,0.0005,0.0248
CA-NU,2019-09,0.0468,0.0009,0.0853,0.3357,0.5313,0,0,0,0
CA-NL,2019-10,0.0032,0.0001,0.006,0.0236,0.0373,0.9246,0,0,0.0052
CA-PE,2019-10,0.0004,0,0.0007,0.0028,0.0044,0,0,0.0009,0.9908
CA-NS,2019-10,0.0374,0.0008,0.0698,0.274,0.4327,0.0564,0,0,0.1289
CA-NB,2019-10,0.0135,0.0003,0.0252,0.099,0.1564,0.1824,0.465,0,0.0582
CA-QC,2019-10,0.0005,0,0.0009,0.0034,0.0054,0.9289,0,0,0.061
CA-ON,2019-10,0.0022,0,0.0041,0.0163,0.0257,0.2278,0.6452,0.0124,0.0663
CA-MB,2019-10,0.0002,0,0.0004,0.0014,0.0022,0.9601,0,0,0.0357
CA-SK,2019-10,0.0385,0.0008,0.0719,0.2822,0.4456,0.1216,0,0,0.0394
CA-AB,2019-10,0.0415,0.0008,0.0774,0.3038,0.4797,0.024,0,0.0002,0.0726
CA-BC,2019-10,0.0035,0.0001,0.0065,0.0256,0.0404,0.8937,0,0,0.0302
CA-YT,2019-10,0.0099,0.0002,0.0186,0.0728,0.115,0.7835,0,0,0
CA-NT,2019-10,0.0289,0.0006,0.0539,0.2116,0.3342,0.3395,0,0.0002,0.0312
CA-NU,2019-10,0.0459,0.0009,0.0857,0.3363,0.5311,0,0,0,0
CA-NL,2019-11,0.002,0.0001,0.0037,0.0145,0.023,0.9516,0,0,0.005
CA-PE,2019-11,0.0003,0,0.0006,0.0024,0.0037,0,0,0.0003,0.9927
CA-NS,2019-11,0.0368,0.0016,0.0685,0.2678,0.4239,0.0764,0,0,0.1249
CA-NB,2019-11,0.0139,0.0006,0.0258,0.101,0.1598,0.2542,0.3722,0,0.0726
CA-QC,2019-11,0.0004,0,0.0007,0.0027,0.0042,0.9382,0,0,0.0538
CA-ON,2019-11,0.0045,0.0002,0.0083,0.0324,0.0513,0.2476,0.5585,0.0074,0.0899
CA-MB,2019-11,0.0002,0,0.0003,0.0011,0.0018,0.9719,0,0,0.0247
CA-SK,2019-11,0.0383,0.0016,0.0713,0.2787,0.4411,0.1359,0,0,0.0331
CA-AB,2019-11,0.0422,0.0018,0.0785,0.3066,0.4854,0.0218,0,0.0001,0.0637
CA-BC,2019-11,0.0037,0.0002,0.0069,0.0271,0.0429,0.8895,0,0,0.0296
CA-YT,2019-11,0.0111,0.0005,0.0207,0.0809,0.128,0.7588,0,0,0
CA-NT,2019-11,0.0286,0.0012,0.0532,0.2078,0.3288,0.354,0,0.0005,0.0259
CA-NU,2019-11,0.0461,0.002,0.0858,0.3353,0.5308,0,0,0,0
CA-NL,2019-12,0.002,0.0001,0.0037,0.0144,0.0228,0.9533,0,0,0.0037
CA-PE,2019-12,0.0003,0,0.0006,0.0023,0.0036,0,0,0.0002,0.993
CA-NS,2019-12,0.0352,0.0012,0.0649,0.2552,0.4036,0.1356,0,0,0.1043
CA-NB,2019-12,0.0157,0.0005,0.0289,0.1136,0.1797,0.2245,0.3654,0,0.0718
CA-QC,2019-12,0.0004,0,0.0007,0.0029,0.0047,0.9375,0,0,0.0538
CA-ON,2019-12,0.0039,0.0001,0.0072,0.0282,0.0446,0.2341,0.5769,0.005,0.0999
CA-MB,2019-12,0.0001,0,0.0002,0.001,0.0015,0.9724,0,0,0.0247
CA-SK,2019-12,0.0382,0.0013,0.0704,0.277,0.438,0.1401,0,0,0.035
CA-AB,2019-12,0.0422,0.0014,0.0777,0.3057,0.4835,0.0218,0,0.0001,0.0676
CA-BC,2019-12,0.0036,0.0001,0.0067,0.0263,0.0417,0.9034,0,0,0.0181
CA-YT,2019-12,0.0109,0.0004,0.0201,0.0791,0.1252,0.7643,0,0,0
CA-NT,2019-12,0.0286,0.001,0.0527,0.2074,0.3279,0.3725,0,0,0.0099
CA-NU,2019-12,0.0463,0.0016,0.0854,0.3358,0.531,0,0,0,0
CA-NL,2020-01,0.0021,0,0.0038,0.0151,0.024,0.9524,0,0,0.0026
CA-PE,2020-01,0.0004,0,0.0007,0.0028,0.0044,0,0,0.0002,0.9916
CA-NS,2020-01,0.038,0.0009,0.0709,0.2792,0.4421,0.0984,0,0,0.0705
CA-NB,2020-01,0.0171,0.0004,0.0318,0.1253,0.1984,0.1691,0.4067,0,0.0513
CA-QC,2020-01,0.0004,0,0.0007,0.0028,0.0045,0.9627,0,0,0.0289
CA-ON,2020-01,0.004,0.0001,0.0074,0.0291,0.046,0.2395,0.5793,0.0047,0.0899
CA-MB,2020-01,0.0002,0,0.0003,0.0013,0.002,0.975,0,0,0.0212
CA-SK,2020-01,0.0369,0.0008,0.0687,0.2707,0.4286,0.1591,0,0,0.0352
CA-AB,2020-01,0.0418,0.0009,0.0779,0.3067,0.4857,0.0197,0,0.0001,0.0672
CA-BC,2020-01,0.0041,0.0001,0.0077,0.0303,0.0479,0.895,0,0,0.0149
CA-YT,2020-01,0.0152,0.0003,0.0283,0.1113,0.1762,0.6687,0,0,0
CA-NT,2020-01,0.0285,0.0006,0.0531,0.2092,0.3312,0.361,0,0,0.0163
CA-NU,2020-01,0.0458,0.001,0.0853,0.3359,0.532,0,0,0,0
CA-NL,2020-02,0.0025,0.0001,0.0046,0.0181,0.0286,0.943,0,0,0.0033
CA-PE,2020-02,0.0004,0,0.0007,0.0026,0.0041,0,0,0.0006,0.9917
CA-NS,2020-02,0.038,0.0009,0.0703,0.2777,0.4397,0.0935,0,0,0.0798
CA-NB,2020-02,0.0183,0.0004,0.0338,0.1335,0.2114,0.1224,0.4077,0,0.0726
CA-QC,2020-02,0.0004,0,0.0007,0.0028,0.0045,0.9454,0,0,0.0463
CA-ON,2020-02,0.0039,0.0001,0.0072,0.0283,0.0448,0.2551,0.5367,0.0092,0.1148
CA-MB,2020-02,0.0001,0,0.0003,0.0011,0.0017,0.9706,0,0,0.0262
CA-SK,2020-02,0.0365,0.0008,0.0675,0.2666,0.422,0.169,0,0,0.0376
CA-AB,2020-02,0.0418,0.001,0.0774,0.3056,0.4839,0.0161,0,0.0002,0.074
CA-BC,2020-02,0.004,0.0001,0.0073,0.029,0.0459,0.8792,0,0,0.0345
CA-YT,2020-02,0.011,0.0003,0.0204,0.0807,0.1277,0.7599,0,0,0
CA-NT,2020-02,0.029,0.0007,0.0537,0.2119,0.3356,0.3441,0,0.0016,0.0234
CA-NU,2020-02,0.046,0.0011,0.0851,0.336,0.532,0,0,0,0
CA-NL,2020-03,0.0022,0,0.004,0.0156,0.0247,0.9496,0,0,0.0039
CA-PE,2020-03,0.0003,0,0.0006,0.0024,0.0038,0,0,0.0007,0.9923
CA-NS,2020-03,0.037,0.0009,0.0686,0.2687,0.4245,0.0979,0,0,0.1024
CA-NB,2020-03,0.0153,0.0004,0.0283,0.1111,0.1755,0.1645,0.426,0,0.0788
CA-QC,2020-03,0.0004,0,0.0008,0.0032,0.005,0.9389,0,0,0.0517
CA-ON,2020-03,0.0031,0.0001,0.0057,0.0223,0.0352,0.2545,0.5594,0.016,0.1037
CA-MB,2020-03,0.0001,0,0.0003,0.001,0.0016,0.9691,0,0,0.0279
CA-SK,2020-03,0.037,0.0009,0.0684,0.2682,0.4238,0.1643,0,0,0.0374
CA-AB,2020-03,0.0427,0.001,0.079,0.3097,0.4893,0.0153,0,0.0003,0.0628
CA-BC,2020-03,0.004,0.0001,0.0074,0.0288,0.0455,0.8886,0,0,0.0256
CA-YT,2020-03,0.0126,0.0003,0.0233,0.0912,0.1442,0.7285,0,0,0
CA-NT,2020-03,0.0285,0.0007,0.0527,0.2067,0.3266,0.3548,0,0.0031,0.0269
CA-NU,2020-03,0.0463,0.0011,0.0857,0.336,0.5309,0,0,0,0
CA-NL,2020-04,0.0013,0,0.0024,0.0096,0.0152,0.9667,0,0,0.0048
CA-PE,2020-04,0.0004,0,0.0008,0.003,0.0047,0,0,0.0012,0.99
CA-NS,2020-04,0.0333,0.0008,0.0618,0.242,0.3834,0.1528,0,0,0.126
CA-NB,2020-04,0.0058,0.0001,0.0108,0.0422,0.0668,0.4186,0.3862,0,0.0694
CA-QC,2020-04,0.0005,0,0.0009,0.0034,0.0054,0.9234,0,0,0.0664
CA-ON,2020-04,0.0018,0,0.0033,0.0127,0.0202,0.2663,0.5857,0.02,0.0901
CA-MB,2020-04,0.0002,0,0.0004,0.0015,0.0023,0.9701,0,0,0.0256
CA-SK,2020-04,0.037,0.0009,0.0687,0.2692,0.4265,0.1568,0,0,0.0408
CA-AB,2020-04,0.0424,0.001,0.0788,0.3087,0.489,0.0205,0,0.0004,0.0592
CA-BC,2020-04,0.0047,0.0001,0.0087,0.0341,0.0541,0.8607,0,0,0.0375
CA-YT,2020-04,0.0148,0.0004,0.0275,0.1076,0.1704,0.6794,0,0,0
CA-NT,2020-04,0.0254,0.0006,0.0471,0.1845,0.2923,0.4142,0,0.0077,0.0283
CA-NU,2020-04,0.0461,0.0011,0.0857,0.3355,0.5316,0,0,0,0
CA-NL,2020-05,0.0018,0,0.0033,0.0131,0.0208,0.9538,0,0,0.007
CA-PE,2020-05,0.0004,0,0.0007,0.0028,0.0044,0,0,0.0011,0.9906
CA-NS,2020-05,0.033,0.0008,0.0597,0.2342,0.3707,0.1553,0,0,0.1464
CA-NB,2020-05,0.0045,0.0001,0.0081,0.0318,0.0503,0.425,0.4105,0,0.0697
CA-QC,2020-05,0.0005,0,0.0009,0.0037,0.0058,0.9294,0,0,0.0597
CA-ON,2020-05,0.0025,0.0001,0.0046,0.018,0.0286,0.2765,0.5661,0.0231,0.0806
CA-MB,2020-05,0.0001,0,0.0002,0.001,0.0015,0.9679,0,0,0.0293
CA-SK,2020-05,0.0326,0.0008,0.059,0.2315,0.3664,0.2937,0,0,0.016
CA-AB,2020-05,0.0421,0.0011,0.0761,0.2987,0.4729,0.0423,0,0.0006,0.0662
CA-BC,2020-05,0.0035,0.0001,0.0063,0.0246,0.039,0.8856,0,0,0.0408
CA-YT,2020-05,0.0071,0.0002,0.0129,0.0505,0.0799,0.8494,0,0,0
CA-NT,2020-05,0.0276,0.0007,0.0499,0.1959,0.3101,0.3789,0,0.0038,0.0331
CA-NU,2020-05,0.0472,0.0012,0.0855,0.3353,0.5308,0,0,0,0
CA-NL,2020-06,0.0012,0,0.0023,0.0091,0.0144,0.9686,0,0,0.0043
CA-PE,2020-06,0.0004,0,0.0007,0.0028,0.0044,0,0,0.0017,0.99
CA-NS,2020-06,0.0374,0.0009,0.0693,0.2739,0.4329,0.0844,0,0,0.1013
CA-NB,2020-06,0.0056,0.0001,0.0104,0.0411,0.065,0.1951,0.6161,0,0.0665
CA-QC,2020-06,0.0004,0,0.0008,0.0032,0.005,0.9442,0,0,0.0463
CA-ON,2020-06,0.0036,0.0001,0.0066,0.0261,0.0412,0.2681,0.5755,0.0255,0.0534
CA-MB,2020-06,0.0001,0,0.0002,0.0008,0.0013,0.97,0,0,0.0275
CA-SK,2020-06,0.0307,0.0007,0.0569,0.225,0.3556,0.2989,0,0,0.0321
CA-AB,2020-06,0.0398,0.001,0.0738,0.292,0.4615,0.0674,0,0.0006,0.0639
CA-BC,2020-06,0.0036,0.0001,0.0068,0.0267,0.0423,0.8704,0,0,0.05
CA-YT,2020-06,0.0035,0.0001,0.0065,0.0258,0.0408,0.9233,0,0,0
CA-NT,2020-06,0.0303,0.0007,0.0561,0.2218,0.3507,0.2974,0,0.0009,0.0421
CA-NU,2020-06,0.0459,0.0011,0.0851,0.3363,0.5316,0,0,0,0
CA-NL,2020-07,0.0008,0,0.0015,0.0059,0.0094,0.9785,0,0,0.0038
CA-PE,2020-07,0.0007,0,0.0012,0.0047,0.0075,0,0,0.0026,0.9833
CA-NS,2020-07,0.0407,0.0009,0.0755,0.2965,0.47,0.0561,0,0,0.0603
CA-NB,2020-07,0.0093,0.0002,0.0172,0.0675,0.1069,0.0967,0.6521,0,0.0502
CA-QC,2020-07,0.0005,0,0.001,0.0038,0.006,0.9561,0,0,0.0326
CA-ON,2020-07,0.0068,0.0002,0.0126,0.0495,0.0785,0.2304,0.5639,0.0224,0.0357
CA-MB,2020-07,0.0001,0,0.0002,0.0008,0.0013,0.9792,0,0,0.0183
CA-SK,2020-07,0.0331,0.0007,0.0613,0.2408,0.3816,0.2568,0,0,0.0256
CA-AB,2020-07,0.0402,0.0009,0.0745,0.2926,0.4637,0.076,0,0.0006,0.0515
CA-BC,2020-07,0.0027,0.0001,0.005,0.0196,0.0311,0.8967,0,0,0.0448
CA-YT,2020-07,0.0019,0,0.0036,0.014,0.0221,0.9584,0,0,0
CA-NT,2020-07,0.0287,0.0006,0.0532,0.2088,0.3309,0.3496,0,0.0004,0.0279
CA-NU,2020-07,0.0461,0.001,0.0854,0.3356,0.5318,0,0,0,0
CA-NL,2020-08,0.0008,0,0.0015,0.0059,0.0093,0.9772,0,0,0.0054
CA-PE,2020-08,0.0004,0,0.0007,0.0028,0.0044,0,0,0.0017,0.9899
CA-NS,2020-08,0.0412,0.0009,0.0764,0.2998,0.4742,0.0229,0,0,0.0846
CA-NB,2020-08,0.0142,0.0003,0.0264,0.1034,0.1636,0.0536,0.5679,0,0.0705
CA-QC,2020-08,0.0005,0,0.001,0.0038,0.006,0.9375,0,0,0.0511
CA-ON,2020-08,0.0065,0.0001,0.012,0.047,0.0743,0.2122,0.5801,0.022,0.0458
CA-MB,2020-08,0.0001,0,0.0002,0.0007,0.0011,0.9817,0,0,0.0163
CA-SK,2020-08,0.0373,0.0008,0.0691,0.271,0.4286,0.1816,0,0,0.0116
CA-AB,2020-08,0.0416,0.0009,0.0772,0.3028,0.4789,0.0474,0,0.0006,0.0506
CA-BC,2020-08,0.0031,0.0001,0.0058,0.0226,0.0357,0.8783,0,0,0.0545
CA-YT,2020-08,0.0018,0,0.0034,0.0134,0.0211,0.9602,0,0,0
CA-NT,2020-08,0.0243,0.0005,0.045,0.1764,0.279,0.4444,0,0.0005,0.0301
CA-NU,2020-08,0.0462,0.001,0.0857,0.3359,0.5313,0,0,0,0
CA-NL,2020-09,0.0008,0,0.0015,0.0061,0.0096,0.9751,0,0,0.0068
CA-PE,2020-09,0.0004,0,0.0008,0.0032,0.0051,0,0,0.0013,0.9891
CA-NS,2020-09,0.04,0.0008,0.0731,0.2888,0.4567,0.0283,0,0,0.1121
CA-NB,2020-09,0.0316,0.0006,0.0578,0.2283,0.361,0.0785,0.1003,0,0.1418
CA-QC,2020-09,0.0006,0,0.001,0.004,0.0064,0.9187,0,0,0.0693
CA-ON,2020-09,0.0037,0.0001,0.0067,0.0265,0.0418,0.2381,0.5806,0.0233,0.0792
CA-MB,2020-09,0.0001,0,0.0002,0.0009,0.0014,0.9693,0,0.0001,0.028
CA-SK,2020-09,0.0383,0.0008,0.07,0.2766,0.4374,0.1359,0,0,0.0409
CA-AB,2020-09,0.0424,0.0009,0.0775,0.3062,0.4843,0.0318,0,0.0004,0.0564
CA-BC,2020-09,0.0042,0.0001,0.0076,0.0301,0.0476,0.8576,0,0,0.0528
CA-YT,2020-09,0.0032,0.0001,0.0059,0.0233,0.0369,0.9306,0,0,0
CA-NT,2020-09,0.0271,0.0006,0.0494,0.1952,0.3086,0.3794,0,0.0001,0.0397
CA-NU,2020-09,0.0466,0.001,0.0851,0.336,0.5314,0,0,0,0
CA-NL,2020-10,0.0018,0,0.0033,0.0129,0.0204,0.9567,0,0,0.0049
CA-PE,2020-10,0.0004,0,0.0007,0.0029,0.0045,0,0,0.0008,0.9907
CA-NS,2020-10,0.0392,0.0008,0.0725,0.2842,0.4497,0.0344,0,0,0.1191
CA-NB,2020-10,0.0265,0.0006,0.0491,0.1925,0.3046,0.3208,0,0,0.1059
CA-QC,2020-10,0.0004,0,0.0008,0.0031,0.0048,0.9255,0,0,0.0654
CA-ON,2020-10,0.0032,0.0001,0.006,0.0236,0.0373,0.2569,0.5823,0.0142,0.0764
CA-MB,2020-10,0.0001,0,0.0002,0.0007,0.001,0.9682,0,0,0.0298
CA-SK,2020-10,0.0387,0.0008,0.0716,0.2808,0.4443,0.1231,0,0,0.0406
CA-AB,2020-10,0.0418,0.0009,0.0773,0.303,0.4794,0.0253,0,0.0002,0.0722
CA-BC,2020-10,0.0038,0.0001,0.0071,0.0277,0.0438,0.8754,0,0,0.0421
CA-YT,2020-10,0.0024,0.0001,0.0045,0.0177,0.028,0.9473,0,0,0
CA-NT,2020-10,0.0284,0.0006,0.0526,0.2063,0.3263,0.3485,0,0.0001,0.0372
CA-NU,2020-10,0.0463,0.001,0.0857,0.3358,0.5313,0,0,0,0
CA-NL,2020-11,0.0021,0,0.0039,0.0155,0.0245,0.9482,0,0,0.0057
CA-PE,2020-11,0.0004,0,0.0008,0.0031,0.005,0,0,0.0004,0.9903
CA-NS,2020-11,0.038,0.0008,0.0705,0.2775,0.4392,0.0526,0,0,0.1213
CA-NB,2020-11,0.0183,0.0004,0.034,0.1338,0.2117,0.2121,0.3103,0,0.0794
CA-QC,2020-11,0.0005,0,0.0008,0.0033,0.0052,0.9195,0,0,0.0707
CA-ON,2020-11,0.0025,0.0001,0.0047,0.0185,0.0293,0.2629,0.5616,0.0115,0.1089
CA-MB,2020-11,0.0001,0,0.0003,0.001,0.0016,0.9621,0,0,0.0347
CA-SK,2020-11,0.0383,0.0009,0.0711,0.2799,0.4431,0.1262,0,0,0.0405
CA-AB,2020-11,0.0401,0.0009,0.0744,0.2928,0.4635,0.0198,0,0.0001,0.1083
CA-BC,2020-11,0.0035,0.0001,0.0064,0.0252,0.0399,0.8706,0,0,0.0544
CA-YT,2020-11,0.006,0.0001,0.0111,0.0436,0.069,0.8703,0,0,0
CA-NT,2020-11,0.027,0.0006,0.0501,0.1971,0.3119,0.3883,0,0,0.025
CA-NU,2020-11,0.046,0.001,0.0854,0.3359,0.5317,0,0,0,0
CA-NL,2020-12,0.0018,0,0.0033,0.0129,0.0204,0.9574,0,0,0.0042
CA-PE,2020-12,0.0003,0,0.0006,0.0024,0.0038,0,0,0.0002,0.9927
CA-NS,2020-12,0.0362,0.0009,0.0674,0.2665,0.4217,0.1017,0,0,0.1057
CA-NB,2020-12,0.014,0.0003,0.026,0.103,0.1629,0.2802,0.3523,0,0.0613
CA-QC,2020-12,0.0004,0,0.0007,0.0029,0.0046,0.9398,0,0,0.0515
CA-ON,2020-12,0.0046,0.0001,0.0085,0.0338,0.0535,0.2625,0.5203,0.0055,0.1111
CA-MB,2020-12,0.0002,0,0.0003,0.0011,0.0018,0.9691,0,0,0.0275
CA-SK,2020-12,0.0376,0.0009,0.07,0.2768,0.438,0.1345,0,0,0.0423
CA-AB,2020-12,0.0403,0.0009,0.075,0.2966,0.4694,0.0194,0,0.0002,0.098
CA-BC,2020-12,0.0031,0.0001,0.0058,0.0229,0.0363,0.8864,0,0,0.0453
CA-YT,2020-12,0.0085,0.0002,0.0158,0.0623,0.0987,0.8146,0,0,0
CA-NT,2020-12,0.0276,0.0007,0.0514,0.2032,0.3216,0.3775,0,0,0.018
CA-NU,2020-12,0.0457,0.0011,0.085,0.3362,0.532,0,0,0,0
CA-NL,2021-01,0.0014,0.0001,0.0028,0.0096,0.0215,0.9609,0,0,0.0037
CA-PE,2021-01,0.0005,0,0.0009,0.0032,0.0072,0,0,0.0002,0.9879
CA-NS,2021-01,0.0321,0.0014,0.0665,0.2269,0.509,0.09,0,0,0.074
CA-NB,2021-01,0.0191,0.0008,0.0395,0.1348,0.3023,0.2301,0.2293,0,0.0441
CA-QC,2021-01,0.0003,0,0.0007,0.0022,0.005,0.9608,0,0,0.031
CA-ON,2021-01,0.0037,0.0002,0.0077,0.0261,0.0586,0.2673,0.5556,0.0066,0.0743
CA-MB,2021-01,0.0002,0,0.0003,0.0011,0.0025,0.974,0,0,0.0219
CA-SK,2021-01,0.0313,0.0014,0.0649,0.2215,0.4969,0.1431,0,0,0.0409
CA-AB,2021-01,0.0336,0.0015,0.0696,0.2374,0.5325,0.0204,0,0.0001,0.1049
CA-BC,2021-01,0.0029,0.0001,0.006,0.0204,0.0457,0.8848,0,0,0.0402
CA-YT,2021-01,0.0058,0.0003,0.012,0.0409,0.0918,0.8492,0,0,0
CA-NT,2021-01,0.0226,0.001,0.0469,0.16,0.359,0.3934,0,0,0.017
CA-NU,2021-01,0.0384,0.0017,0.0796,0.2714,0.6089,0,0,0,0
CA-NL,2021-02,0.0016,0,0.0034,0.0116,0.0259,0.9531,0,0,0.0043
CA-PE,2021-02,0.0003,0,0.0006,0.002,0.0045,0,0,0.0007,0.9919
CA-NS,2021-02,0.0314,0.0008,0.0665,0.2264,0.5073,0.0812,0,0,0.0863
CA-NB,2021-02,0.0294,0.0008,0.0623,0.212,0.4749,0.1284,0.0147,0,0.0775
CA-QC,2021-02,0.0003,0,0.0007,0.0022,0.005,0.9535,0,0,0.0382
CA-ON,2021-02,0.0051,0.0001,0.0107,0.0365,0.0817,0.2613,0.4954,0.0115,0.0978
CA-MB,2021-02,0.0001,0,0.0003,0.001,0.0022,0.9691,0,0,0.0273
CA-SK,2021-02,0.0309,0.0008,0.0656,0.2232,0.5001,0.1425,0,0,0.0369
CA-AB,2021-02,0.034,0.0009,0.0721,0.2452,0.5492,0.0218,0,0.0002,0.0767
CA-BC,2021-02,0.0028,0.0001,0.0059,0.0199,0.0447,0.8849,0,0,0.0417
CA-YT,2021-02,0.0081,0.0002,0.0171,0.0583,0.1306,0.7857,0,0,0
CA-NT,2021-02,0.0238,0.0006,0.0504,0.1715,0.3843,0.3574,0,0,0.0119
CA-NU,2021-02,0.0377,0.001,0.0799,0.272,0.6094,0,0,0,0
CA-NL,2021-03,0.0015,0.0001,0.0032,0.0109,0.0245,0.9558,0,0,0.004
CA-PE,2021-03,0.0003,0,0.0006,0.002,0.0046,0,0,0.0009,0.9916
CA-NS,2021-03,0.0293,0.0017,0.0608,0.2085,0.4678,0.0882,0,0,0.1437
CA-NB,2021-03,0.0122,0.0007,0.0254,0.0872,0.1956,0.1777,0.4088,0,0.0924
CA-QC,2021-03,0.0004,0,0.0007,0.0025,0.0057,0.9191,0,0,0.0715
CA-ON,2021-03,0.003,0.0002,0.0063,0.0217,0.0486,0.2667,0.5049,0.0213,0.1273
CA-MB,2021-03,0.0001,0,0.0003,0.0009,0.0021,0.9647,0,0.0001,0.0318
CA-SK,2021-03,0.0309,0.0018,0.0641,0.2199,0.4933,0.1512,0,0,0.0387
CA-AB,2021-03,0.0327,0.0019,0.0678,0.2325,0.5215,0.023,0,0.0011,0.1195
CA-BC,2021-03,0.0029,0.0002,0.0061,0.0209,0.0469,0.8908,0,0.0001,0.0321
CA-YT,2021-03,0.0022,0.0001,0.0046,0.0159,0.0357,0.9413,0,0,0
CA-NT,2021-03,0.0224,0.0013,0.0464,0.1593,0.3573,0.376,0,0.0001,0.0372
CA-NU,2021-03,0.0381,0.0023,0.0791,0.2715,0.609,0,0,0,0
CA-NL,2021-04,0.0015,0.0001,0.003,0.0103,0.0232,0.9566,0,0,0.0053
CA-PE,2021-04,0.0003,0,0.0007,0.0024,0.0055,0,0,0.0009,0.99
CA-NS,2021-04,0.0253,0.0015,0.052,0.1776,0.398,0.1762,0,0,0.1694
CA-NB,2021-04,0.0106,0.0006,0.0219,0.0749,0.1677,0.4337,0.2255,0,0.0649
CA-QC,2021-04,0.0004,0,0.0008,0.0029,0.0065,0.9412,0,0,0.0481
CA-ON,2021-04,0.0014,0.0001,0.003,0.0101,0.0226,0.2582,0.5869,0.0246,0.0931
CA-MB,2021-04,0.0002,0,0.0003,0.0011,0.0025,0.96,0,0.0001,0.0358
CA-SK,2021-04,0.032,0.0019,0.0659,0.225,0.5042,0.1375,0,0,0.0335
CA-AB,2021-04,0.0333,0.002,0.0686,0.2343,0.525,0.0264,0,0.0022,0.1081
CA-BC,2021-04,0.0042,0.0002,0.0087,0.0297,0.0665,0.866,0,0.0001,0.0246
CA-YT,2021-04,0.0025,0.0001,0.0051,0.0175,0.0391,0.9357,0,0,0
CA-NT,2021-04,0.0236,0.0014,0.0486,0.1659,0.3717,0.3515,0,0.0007,0.0367
CA-NU,2021-04,0.0386,0.0023,0.0795,0.2714,0.6082,0,0,0,0
CA-NL,2021-05,0.001,0,0.0021,0.0071,0.016,0.968,0,0,0.0057
CA-PE,2021-05,0.0003,0,0.0007,0.0024,0.0053,0,0,0.0014,0.9899
CA-NS,2021-05,0.0283,0.0008,0.057,0.1936,0.4355,0.1375,0,0,0.1472
CA-NB,2021-05,0.0044,0.0001,0.0088,0.03,0.0674,0.3393,0.4858,0,0.0642
CA-QC,2021-05,0.0004,0,0.0009,0.0029,0.0066,0.9343,0,0,0.0549
CA-ON,2021-05,0.002,0.0001,0.0041,0.0139,0.0313,0.2535,0.6002,0.025,0.0699
CA-MB,2021-05,0.0001,0,0.0002,0.0007,0.0017,0.968,0,0.0001,0.0292
CA-SK,2021-05,0.0336,0.0009,0.0676,0.2298,0.5169,0.1196,0,0,0.0316
CA-AB,2021-05,0.035,0.001,0.0705,0.2397,0.5392,0.0334,0,0.006,0.0751
CA-BC,2021-05,0.0033,0.0001,0.0066,0.0226,0.0507,0.8952,0,0.0001,0.0214
CA-YT,2021-05,0.0022,0.0001,0.0045,0.0152,0.0341,0.944,0,0,0
CA-NT,2021-05,0.0245,0.0007,0.0494,0.1679,0.3775,0.3555,0,0.0005,0.024
CA-NU,2021-05,0.0396,0.0011,0.0797,0.2708,0.6089,0,0,0,0
CA-NL,2021-06,0.0006,0,0.0013,0.0044,0.01,0.9786,0,0,0.005
CA-PE,2021-06,0.0003,0,0.0007,0.0023,0.0052,0,0,0.0016,0.9899
CA-NS,2021-06,0.0281,0.0007,0.0579,0.1985,0.4456,0.1074,0,0,0.1617
CA-NB,2021-06,0.0096,0.0002,0.0198,0.0678,0.1522,0.1772,0.5146,0,0.0586
CA-QC,2021-06,0.0004,0,0.0008,0.0026,0.0058,0.9364,0,0,0.0541
CA-ON,2021-06,0.0046,0.0001,0.0094,0.0323,0.0724,0.1957,0.589,0.0207,0.0758
CA-MB,2021-06,0.0001,0,0.0002,0.0007,0.0017,0.9734,0,0.0001,0.0238
CA-SK,2021-06,0.0324,0.0008,0.0668,0.2292,0.5144,0.126,0,0,0.0303
CA-AB,2021-06,0.0343,0.0009,0.0707,0.2425,0.5444,0.0376,0,0.0063,0.0632
CA-BC,2021-06,0.0029,0.0001,0.006,0.0204,0.0459,0.9032,0,0.0001,0.0215
CA-YT,2021-06,0.0012,0,0.0026,0.0088,0.0198,0.9675,0,0,0
CA-NT,2021-06,0.024,0.0006,0.0496,0.1702,0.382,0.3413,0,0.0007,0.0316
CA-NU,2021-06,0.0384,0.001,0.0792,0.2717,0.6097,0,0,0,0
CA-NL,2021-07,0.0003,0,0.0005,0.0018,0.0041,0.9885,0,0,0.0048
CA-PE,2021-07,0.0003,0,0.0007,0.0022,0.005,0,0,0.0018,0.9899
CA-NS,2021-07,0.0327,0.0008,0.068,0.2321,0.5191,0.0454,0,0,0.1018
CA-NB,2021-07,0.0106,0.0003,0.0221,0.0753,0.1684,0.1386,0.5368,0,0.0479
CA-QC,2021-07,0.0004,0,0.0009,0.0029,0.0065,0.9489,0,0.0001,0.0403
CA-ON,2021-07,0.0038,0.0001,0.0078,0.0267,0.0598,0.2303,0.5986,0.0189,0.0541
CA-MB,2021-07,0.0001,0,0.0003,0.0009,0.002,0.9751,0,0.0001,0.0214
CA-SK,2021-07,0.0336,0.0009,0.0697,0.238,0.5324,0.1046,0,0.0001,0.0207
CA-AB,2021-07,0.035,0.0009,0.0726,0.2478,0.5543,0.043,0,0.0059,0.0406
CA-BC,2021-07,0.0035,0.0001,0.0073,0.0249,0.0558,0.8922,0,0.0001,0.0161
CA-YT,2021-07,0.0016,0,0.0034,0.0117,0.0261,0.9571,0,0,0
CA-NT,2021-07,0.0227,0.0006,0.0472,0.1612,0.3607,0.3777,0,0.0007,0.0291
CA-NU,2021-07,0.0384,0.001,0.0797,0.2721,0.6088,0,0,0,0
CA-NL,2021-08,0.0005,0,0.001,0.0033,0.0074,0.9858,0,0,0.0021
CA-PE,2021-08,0.0004,0,0.0009,0.003,0.0067,0,0,0.0024,0.9866
CA-NS,2021-08,0.0339,0.0008,0.0713,0.2424,0.5446,0.0251,0,0,0.0819
CA-NB,2021-08,0.0112,0.0003,0.0236,0.0802,0.1802,0.0802,0.5762,0,0.0482
CA-QC,2021-08,0.0004,0,0.0008,0.0028,0.0063,0.9534,0,0.0001,0.0362
CA-ON,2021-08,0.0071,0.0002,0.015,0.051,0.1146,0.1995,0.5502,0.0195,0.0429
CA-MB,2021-08,0.0001,0,0.0002,0.0006,0.0015,0.9635,0,0.0002,0.0339
CA-SK,2021-08,0.033,0.0007,0.0693,0.2356,0.5295,0.1056,0,0.0001,0.0262
CA-AB,2021-08,0.0339,0.0008,0.0711,0.242,0.5437,0.0393,0,0.0048,0.0644
CA-BC,2021-08,0.0048,0.0001,0.0101,0.0343,0.077,0.8495,0,0.0001,0.0242
CA-YT,2021-08,0.0017,0,0.0035,0.012,0.0269,0.9559,0,0,0
CA-NT,2021-08,0.0239,0.0005,0.0502,0.1707,0.3836,0.3449,0,0.0007,0.0255
CA-NU,2021-08,0.038,0.0009,0.0798,0.2714,0.6099,0,0,0,0
CA-NL,2021-09,0.0009,0,0.0019,0.0063,0.0143,0.9725,0,0,0.0041
CA-PE,2021-09,0.0002,0,0.0004,0.0013,0.003,0,0,0.0012,0.9939
CA-NS,2021-09,0.0311,0.0008,0.0645,0.219,0.4918,0.0495,0,0,0.1435
CA-NB,2021-09,0.0126,0.0003,0.0261,0.0886,0.199,0.1636,0.4486,0,0.0612
CA-QC,2021-09,0.0005,0,0.001,0.0034,0.0076,0.9303,0,0,0.0572
CA-ON,2021-09,0.0028,0.0001,0.0057,0.0194,0.0436,0.2087,0.6171,0.023,0.0796
CA-MB,2021-09,0.0002,0,0.0003,0.0011,0.0025,0.9488,0,0.0001,0.0469
CA-SK,2021-09,0.0324,0.0008,0.0673,0.2287,0.5135,0.1211,0,0.0001,0.0361
CA-AB,2021-09,0.0331,0.0008,0.0687,0.2332,0.5237,0.0383,0,0.0058,0.0965
CA-BC,2021-09,0.0043,0.0001,0.0089,0.0302,0.0679,0.8606,0,0.0001,0.0279
CA-YT,2021-09,0.0017,0,0.0035,0.012,0.027,0.9541,0,0.0015,0
CA-NT,2021-09,0.0247,0.0006,0.0514,0.1745,0.3919,0.3371,0,0.0004,0.0193
CA-NU,2021-09,0.0385,0.001,0.0799,0.2713,0.6094,0,0,0,0
CA-NL,2021-10,0.0016,0.0001,0.0033,0.0113,0.0254,0.9559,0,0,0.0025
CA-PE,2021-10,0.0009,0,0.002,0.0066,0.0149,0,0,0.001,0.9745
CA-NS,2021-10,0.0323,0.0016,0.0677,0.2301,0.5166,0.0387,0,0,0.113
CA-NB,2021-10,0.0139,0.0007,0.0292,0.0992,0.2228,0.1709,0.4336,0,0.0296
CA-QC,2021-10,0.0004,0,0.0009,0.003,0.0067,0.9419,0,0,0.0472
CA-ON,2021-10,0.0039,0.0002,0.0082,0.028,0.0629,0.2481,0.5509,0.0138,0.0839
CA-MB,2021-10,0.0002,0,0.0004,0.0015,0.0034,0.9402,0,0,0.0542
CA-SK,2021-10,0.033,0.0016,0.0691,0.2347,0.527,0.0951,0,0.0009,0.0386
CA-AB,2021-10,0.033,0.0016,0.0691,0.2348,0.5271,0.0217,0,0.0048,0.1079
CA-BC,2021-10,0.0036,0.0002,0.0075,0.0255,0.0572,0.879,0,0.0001,0.027
CA-YT,2021-10,0.0023,0.0001,0.0047,0.0161,0.0361,0.9399,0,0.0007,0
CA-NT,2021-10,0.0242,0.0012,0.0507,0.1721,0.3865,0.3357,0,0.0001,0.0297
CA-NU,2021-10,0.0381,0.0018,0.0799,0.2712,0.609,0,0,0,0
CA-NL,2021-11,0.0017,0.0001,0.0036,0.0121,0.0272,0.953,0,0,0.0023
CA-PE,2021-11,0.0008,0,0.0016,0.0055,0.0123,0,0,0.0004,0.9794
CA-NS,2021-11,0.0302,0.0015,0.0634,0.2147,0.4815,0.0688,0,0,0.1399
CA-NB,2021-11,0.0189,0.0009,0.0396,0.1342,0.3011,0.2866,0.1658,0,0.0529
CA-QC,2021-11,0.0003,0,0.0007,0.0024,0.0054,0.9306,0,0,0.0606
CA-ON,2021-11,0.005,0.0002,0.0104,0.0353,0.0791,0.2319,0.5169,0.0116,0.1096
CA-MB,2021-11,0.0002,0,0.0004,0.0014,0.0031,0.9407,0,0,0.0542
CA-SK,2021-11,0.0328,0.0016,0.0688,0.2332,0.5231,0.0963,0,0.0006,0.0435
CA-AB,2021-11,0.032,0.0016,0.0671,0.2274,0.5101,0.0199,0,0.0025,0.1394
CA-BC,2021-11,0.0029,0.0001,0.0061,0.0207,0.0463,0.8932,0,0,0.0307
CA-YT,2021-11,0.0075,0.0004,0.0158,0.0536,0.1203,0.8022,0,0.0002,0
CA-NT,2021-11,0.0187,0.0009,0.0392,0.1327,0.2977,0.4851,0,0,0.0257
CA-NU,2021-11,0.0382,0.0019,0.0801,0.2713,0.6086,0,0,0,0
CA-NL,2021-12,0.0016,0,0.0033,0.0113,0.0253,0.9562,0,0,0.0024
CA-PE,2021-12,0.0003,0,0.0007,0.0023,0.0052,0,0,0.0003,0.9912
CA-NS,2021-12,0.0288,0.0008,0.0607,0.2072,0.4649,0.1127,0,0,0.1249
CA-NB,2021-12,0.0177,0.0005,0.0372,0.1269,0.2848,0.1782,0.3109,0,0.0438
CA-QC,2021-12,0.0003,0,0.0007,0.0023,0.0051,0.9416,0,0,0.0499
CA-ON,2021-12,0.0048,0.0001,0.01,0.0343,0.0769,0.2387,0.5163,0.0049,0.114
CA-MB,2021-12,0.0002,0,0.0003,0.0011,0.0025,0.9578,0,0,0.038
CA-SK,2021-12,0.0323,0.0009,0.068,0.2322,0.5209,0.1036,0,0.0004,0.0418
CA-AB,2021-12,0.0337,0.0009,0.071,0.2422,0.5435,0.0202,0,0.0014,0.0871
CA-BC,2021-12,0.0022,0.0001,0.0047,0.0161,0.0362,0.9192,0,0,0.0214
CA-YT,2021-12,0.0093,0.0002,0.0196,0.067,0.1503,0.7535,0,0,0
CA-NT,2021-12,0.0184,0.0005,0.0388,0.1324,0.297,0.499,0,0,0.014
CA-NU,2021-12,0.0378,0.001,0.0796,0.2718,0.6098,0,0,0,0
CA-NL,2022-01,0.0018,0.0001,0.0036,0.014,0.0263,0.9505,0,0,0.0037
CA-PE,2022-01,0.0004,0,0.0007,0.0027,0.0051,0,0,0.0003,0.9907
CA-NS,2022-01,0.0305,0.0012,0.0606,0.2339,0.4385,0.1309,0,0,0.1043
CA-NB,2022-01,0.0237,0.0009,0.0471,0.1816,0.3405,0.0883,0.2846,0,0.0332
CA-QC,2022-01,0.0003,0,0.0006,0.0022,0.0042,0.9494,0,0,0.0433
CA-ON,2022-01,0.0068,0.0003,0.0135,0.052,0.0975,0.2187,0.5068,0.006,0.0985
CA-MB,2022-01,0.0002,0,0.0004,0.0017,0.0031,0.9535,0,0,0.0411
CA-SK,2022-01,0.0333,0.0013,0.0662,0.2553,0.4787,0.1208,0,0.0005,0.0439
CA-AB,2022-01,0.0339,0.0013,0.0675,0.2603,0.4879,0.0215,0,0.0021,0.1255
CA-BC,2022-01,0.0026,0.0001,0.0051,0.0197,0.0369,0.9128,0,0,0.0228
CA-YT,2022-01,0.0085,0.0003,0.017,0.0654,0.1226,0.7861,0,0,0
CA-NT,2022-01,0.0236,0.0009,0.0468,0.1807,0.3387,0.3909,0,0,0.0183
CA-NU,2022-01,0.0399,0.0015,0.0793,0.3059,0.5734,0,0,0,0
CA-NL,2022-02,0.002,0.0001,0.0038,0.0148,0.0277,0.9471,0,0,0.0046
CA-PE,2022-02,0.0003,0,0.0006,0.0024,0.0045,0,0,0.0005,0.9916
CA-NS,2022-02,0.0308,0.0008,0.06,0.2325,0.4358,0.1173,0,0,0.1228
CA-NB,2022-02,0.0194,0.0005,0.0379,0.1467,0.2751,0.1099,0.3663,0,0.0442
CA-QC,2022-02,0.0003,0,0.0006,0.0024,0.0045,0.942,0,0,0.05
CA-ON,2022-02,0.0057,0.0002,0.0111,0.043,0.0806,0.2221,0.5099,0.0094,0.1181
CA-MB,2022-02,0.0002,0,0.0003,0.0013,0.0024,0.9583,0,0,0.0376
CA-SK,2022-02,0.0333,0.0009,0.0648,0.251,0.4706,0.134,0,0.0007,0.0448
CA-AB,2022-02,0.035,0.0009,0.0681,0.2638,0.4945,0.023,0,0.0032,0.1115
CA-BC,2022-02,0.003,0.0001,0.0058,0.0223,0.0418,0.9032,0,0,0.0238
CA-YT,2022-02,0.0042,0.0001,0.0082,0.0319,0.0598,0.8954,0,0.0003,0
CA-NT,2022-02,0.0244,0.0007,0.0475,0.184,0.345,0.3829,0,0,0.0155
CA-NU,2022-02,0.0405,0.0011,0.0789,0.3059,0.5735,0,0,0,0
CA-NL,2022-03,0.0017,0,0.0034,0.013,0.0244,0.953,0,0,0.0044
CA-PE,2022-03,0.0003,0,0.0006,0.0022,0.0042,0,0,0.001,0.9917
CA-NS,2022-03,0.0292,0.0008,0.0564,0.2179,0.4082,0.1385,0,0,0.149
CA-NB,2022-03,0.0153,0.0004,0.0296,0.1142,0.2139,0.1858,0.3947,0,0.0462
CA-QC,2022-03,0.0003,0,0.0007,0.0026,0.0048,0.9369,0,0.0001,0.0547
CA-ON,2022-03,0.0045,0.0001,0.0088,0.0339,0.0635,0.2519,0.5105,0.0141,0.1126
CA-MB,2022-03,0.0002,0,0.0003,0.0012,0.0023,0.9599,0,0,0.0361
CA-SK,2022-03,0.0332,0.0009,0.0642,0.2478,0.4642,0.1414,0,0.0008,0.0475
CA-AB,2022-03,0.0355,0.001,0.0687,0.265,0.4965,0.0243,0,0.0063,0.1028
CA-BC,2022-03,0.0032,0.0001,0.0062,0.0239,0.0448,0.8982,0,0.0001,0.0235
CA-YT,2022-03,0.0029,0.0001,0.0056,0.0217,0.0407,0.9274,0,0.0015,0
CA-NT,2022-03,0.0245,0.0007,0.0474,0.1828,0.3424,0.382,0,0.0002,0.02
CA-NU,2022-03,0.041,0.0011,0.0792,0.3058,0.5729,0,0,0,0
CA-NL,2022-04,0.0015,0,0.0029,0.0112,0.021,0.9578,0,0,0.0054
CA-PE,2022-04,0.0004,0,0.0008,0.003,0.0056,0,0,0.001,0.9892
CA-NS,2022-04,0.0261,0.0007,0.05,0.1906,0.3572,0.1709,0,0,0.2045
CA-NB,2022-04,0.0158,0.0004,0.0304,0.1157,0.2169,0.4538,0.1163,0,0.0506
CA-QC,2022-04,0.0004,0,0.0007,0.0026,0.0049,0.927,0,0.0001,0.0642
CA-ON,2022-04,0.0024,0.0001,0.0045,0.0172,0.0322,0.2737,0.5476,0.0201,0.1022
CA-MB,2022-04,0.0002,0,0.0003,0.0013,0.0025,0.9616,0,0,0.0341
CA-SK,2022-04,0.0324,0.0009,0.0621,0.2366,0.4435,0.1786,0,0.001,0.045
CA-AB,2022-04,0.0359,0.001,0.0688,0.2621,0.4913,0.0285,0,0.0079,0.1047
CA-BC,2022-04,0.0034,0.0001,0.0065,0.0249,0.0466,0.9007,0,0.0001,0.0178
CA-YT,2022-04,0.0024,0.0001,0.0047,0.0179,0.0335,0.9381,0,0.0033,0
CA-NT,2022-04,0.0267,0.0007,0.0511,0.1948,0.3651,0.3377,0,0.0007,0.0232
CA-NU,2022-04,0.0418,0.0012,0.08,0.3051,0.5719,0,0,0,0
CA-NL,2022-05,0.0011,0,0.0022,0.0084,0.0158,0.9696,0,0,0.0028
CA-PE,2022-05,0.0005,0,0.001,0.0038,0.0072,0,0,0.0019,0.9856
CA-NS,2022-05,0.026,0.0007,0.0493,0.1923,0.3596,0.2016,0,0,0.1704
CA-NB,2022-05,0.0121,0.0003,0.0229,0.0894,0.1672,0.6499,0,0,0.0581
CA-QC,2022-05,0.0004,0,0.0008,0.0031,0.0057,0.9398,0,0.0001,0.0501
CA-ON,2022-05,0.0037,0.0001,0.007,0.0275,0.0514,0.3216,0.4824,0.0228,0.0835
CA-MB,2022-05,0.0001,0,0.0002,0.0008,0.0016,0.971,0,0,0.0262
CA-SK,2022-05,0.0331,0.0009,0.0627,0.2442,0.4567,0.1208,0,0.0012,0.0805
CA-AB,2022-05,0.0351,0.0009,0.0665,0.2591,0.4845,0.031,0,0.0111,0.1119
CA-BC,2022-05,0.0026,0.0001,0.005,0.0193,0.0361,0.9192,0,0.0001,0.0176
CA-YT,2022-05,0.0019,0,0.0035,0.0137,0.0256,0.9518,0,0.0035,0
CA-NT,2022-05,0.0265,0.0007,0.0503,0.1959,0.3663,0.3379,0,0.0007,0.0218
CA-NU,2022-05,0.0414,0.0011,0.0786,0.3062,0.5727,0,0,0,0
CA-NL,2022-06,0.0007,0,0.0014,0.0054,0.01,0.98,0,0,0.0025
CA-PE,2022-06,0.0008,0,0.0015,0.0059,0.0109,0,0,0.0023,0.9786
CA-NS,2022-06,0.0345,0,0.0648,0.2506,0.4677,0.0476,0,0,0.1348
CA-NB,2022-06,0.0082,0,0.0154,0.0597,0.1115,0.7489,0,0,0.0563
CA-QC,2022-06,0.0004,0,0.0008,0.0032,0.006,0.9465,0,0.0001,0.0429
CA-ON,2022-06,0.0037,0,0.007,0.0271,0.0506,0.2723,0.5464,0.0223,0.0705
CA-MB,2022-06,0.0001,0,0.0002,0.0007,0.0012,0.978,0,0,0.0199
CA-SK,2022-06,0.0327,0,0.0614,0.2377,0.4435,0.1467,0,0.0014,0.0766
CA-AB,2022-06,0.0355,0,0.0666,0.2578,0.4811,0.0394,0,0.0131,0.1066
CA-BC,2022-06,0.0026,0,0.005,0.0192,0.0359,0.9189,0,0.0001,0.0183
CA-YT,2022-06,0.0016,0,0.003,0.0117,0.0219,0.9584,0,0.0033,0
CA-NT,2022-06,0.027,0,0.0508,0.1967,0.367,0.3405,0,0.0007,0.0174
CA-NU,2022-06,0.0422,0,0.0792,0.3066,0.5721,0,0,0,0
CA-NL,2022-07,0.0006,0,0.0011,0.0043,0.0081,0.9815,0,0,0.0044
CA-PE,2022-07,0.0005,0,0.0009,0.0035,0.0066,0,0,0.0024,0.986
CA-NS,2022-07,0.0325,0.0008,0.0633,0.2457,0.46,0.0401,0,0,0.1576
CA-NB,2022-07,0.0204,0.0005,0.0399,0.1547,0.2898,0.3485,0.0702,0,0.076
CA-QC,2022-07,0.0004,0,0.0008,0.003,0.0056,0.9406,0,0.0001,0.0494
CA-ON,2022-07,0.006,0.0001,0.0117,0.0455,0.0851,0.2274,0.5442,0.0207,0.0592
CA-MB,2022-07,0.0001,0,0.0002,0.0007,0.0012,0.9836,0,0,0.0142
CA-SK,2022-07,0.0309,0.0008,0.0603,0.234,0.4383,0.1832,0,0.0022,0.0502
CA-AB,2022-07,0.0349,0.0009,0.068,0.2639,0.4942,0.0595,0,0.0186,0.06
CA-BC,2022-07,0.0026,0.0001,0.0051,0.0197,0.037,0.9178,0,0.0001,0.0176
CA-YT,2022-07,0.0021,0.0001,0.0041,0.0158,0.0296,0.9452,0,0.0031,0
CA-NT,2022-07,0.0256,0.0006,0.0499,0.1935,0.3624,0.3495,0,0.0007,0.0178
CA-NU,2022-07,0.0405,0.001,0.0789,0.3062,0.5734,0,0,0,0
CA-NL,2022-08,0.0003,0,0.0005,0.002,0.0037,0.9899,0,0,0.0037
CA-PE,2022-08,0.0007,0,0.0013,0.0049,0.0093,0,0,0.0028,0.981
CA-NS,2022-08,0.0357,0.0009,0.0697,0.2687,0.5029,0.0141,0,0,0.108
CA-NB,2022-08,0.0184,0.0004,0.0358,0.1381,0.2585,0.1705,0.3492,0,0.029
CA-QC,2022-08,0.0004,0,0.0008,0.0032,0.006,0.9558,0,0.0001,0.0337
CA-ON,2022-08,0.0062,0.0001,0.0121,0.0467,0.0874,0.2214,0.5595,0.0183,0.0483
CA-MB,2022-08,0.0001,0,0.0001,0.0005,0.001,0.9849,0,0,0.0134
CA-SK,2022-08,0.0327,0.0008,0.0638,0.2458,0.46,0.1391,0,0.0023,0.0556
CA-AB,2022-08,0.0358,0.0009,0.0699,0.2692,0.5039,0.0406,0,0.0146,0.0652
CA-BC,2022-08,0.0027,0.0001,0.0053,0.0205,0.0384,0.9167,0,0.0002,0.0161
CA-YT,2022-08,0.0015,0,0.003,0.0115,0.0215,0.9603,0,0.002,0
CA-NT,2022-08,0.0279,0.0007,0.0545,0.21,0.3931,0.2882,0,0.0006,0.0251
CA-NU,2022-08,0.0407,0.001,0.0794,0.3061,0.5729,0,0,0,0
CA-NL,2022-09,0.0004,0,0.0007,0.0028,0.0053,0.9854,0,0,0.0054
CA-PE,2022-09,0.0005,0,0.001,0.0037,0.0069,0,0,0.0018,0.9861
CA-NS,2022-09,0.0329,0.0008,0.0634,0.2449,0.4589,0.0249,0,0,0.1743
CA-NB,2022-09,0.0125,0.0003,0.0242,0.0934,0.175,0.11,0.5381,0,0.0465
CA-QC,2022-09,0.0004,0,0.0009,0.0033,0.0063,0.9399,0,0.0001,0.0491
CA-ON,2022-09,0.0045,0.0001,0.0087,0.0334,0.0627,0.2406,0.568,0.0174,0.0647
CA-MB,2022-09,0.0001,0,0.0002,0.0007,0.0014,0.9731,0,0,0.0245
CA-SK,2022-09,0.0325,0.0008,0.0627,0.2421,0.4537,0.1301,0,0.0021,0.0762
CA-AB,2022-09,0.0357,0.0009,0.0689,0.2661,0.4987,0.0383,0,0.0202,0.0712
CA-BC,2022-09,0.0031,0.0001,0.0059,0.0228,0.0428,0.9024,0,0.0001,0.0228
CA-YT,2022-09,0.002,0,0.0039,0.0152,0.0285,0.9491,0,0.0012,0
CA-NT,2022-09,0.0265,0.0006,0.0512,0.1977,0.3705,0.308,0,0.0005,0.0449
CA-NU,2022-09,0.041,0.001,0.0791,0.3058,0.573,0,0,0,0
CA-NL,2022-10,0.0009,0,0.0018,0.0069,0.013,0.9738,0,0,0.0036
CA-PE,2022-10,0.0007,0,0.0013,0.0049,0.0092,0,0,0.0015,0.9824
CA-NS,2022-10,0.0307,0.0007,0.0593,0.2291,0.4289,0.0601,0,0,0.1912
CA-NB,2022-10,0.0099,0.0002,0.0191,0.074,0.1386,0.2253,0.4866,0,0.0461
CA-QC,2022-10,0.0005,0,0.0009,0.0036,0.0067,0.9294,0,0.0001,0.0588
CA-ON,2022-10,0.0046,0.0001,0.0088,0.0342,0.064,0.299,0.4498,0.0163,0.1232
CA-MB,2022-10,0.0001,0,0.0002,0.0009,0.0016,0.969,0,0,0.0282
CA-SK,2022-10,0.0325,0.0008,0.0627,0.2422,0.4535,0.1162,0,0.0016,0.0906
CA-AB,2022-10,0.0355,0.0008,0.0686,0.265,0.4962,0.0208,0,0.0208,0.0923
CA-BC,2022-10,0.0037,0.0001,0.0072,0.0277,0.0518,0.8806,0,0.0001,0.0289
CA-YT,2022-10,0.005,0.0001,0.0097,0.0373,0.0699,0.8776,0,0.0004,0
CA-NT,2022-10,0.0261,0.0006,0.0504,0.1947,0.3646,0.3242,0,0.0002,0.0392
CA-NU,2022-10,0.041,0.001,0.0792,0.306,0.5729,0,0,0,0
CA-NL,2022-11,0.0011,0.0001,0.002,0.0079,0.0149,0.9686,0,0,0.0054
CA-PE,2022-11,0.0003,0,0.0006,0.0025,0.0047,0,0,0.0004,0.9913
CA-NS,2022-11,0.0291,0.0015,0.0562,0.2183,0.4089,0.0679,0,0,0.2181
CA-NB,2022-11,0.0103,0.0005,0.02,0.0776,0.1453,0.2661,0.4296,0,0.0505
CA-QC,2022-11,0.0005,0,0.0009,0.0034,0.0064,0.9248,0,0,0.0641
CA-ON,2022-11,0.0039,0.0002,0.0075,0.029,0.0543,0.294,0.4724,0.009,0.1298
CA-MB,2022-11,0.0001,0,0.0002,0.0009,0.0017,0.9643,0,0,0.0326
CA-SK,2022-11,0.0323,0.0017,0.0626,0.2428,0.455,0.1048,0,0.0007,0.1001
CA-AB,2022-11,0.0346,0.0018,0.0671,0.2603,0.4877,0.0185,0,0.011,0.119
CA-BC,2022-11,0.0027,0.0001,0.0053,0.0206,0.0385,0.9074,0,0,0.0253
CA-YT,2022-11,0.0068,0.0004,0.0133,0.0515,0.0964,0.8316,0,0.0001,0
CA-NT,2022-11,0.0267,0.0014,0.0517,0.2008,0.3762,0.3185,0,0.0001,0.0247
CA-NU,2022-11,0.0407,0.0021,0.0788,0.3057,0.5728,0,0,0,0
CA-NL,2022-12,0.0013,0,0.0026,0.01,0.0187,0.9627,0,0,0.0047
CA-PE,2022-12,0.0006,0,0.0011,0.0044,0.0083,0,0,0.0002,0.9853
CA-NS,2022-12,0.0298,0.0011,0.0589,0.2277,0.426,0.1026,0,0,0.1539
CA-NB,2022-12,0.0201,0.0007,0.0397,0.1535,0.2872,0.3124,0.1533,0,0.033
CA-QC,2022-12,0.0004,0,0.0007,0.0028,0.0052,0.9427,0,0,0.0482
CA-ON,2022-12,0.0062,0.0002,0.0122,0.0472,0.0883,0.2687,0.4576,0.0051,0.1144
CA-MB,2022-12,0.0001,0,0.0002,0.0007,0.0014,0.9766,0,0,0.0209
CA-SK,2022-12,0.0317,0.0012,0.0627,0.2426,0.4539,0.1301,0,0.0006,0.0772
CA-AB,2022-12,0.0355,0.0013,0.0701,0.2711,0.5072,0.0194,0,0.0064,0.089
CA-BC,2022-12,0.0023,0.0001,0.0046,0.0178,0.0332,0.9252,0,0,0.0169
CA-YT,2022-12,0.0106,0.0004,0.021,0.0813,0.152,0.7347,0,0,0
CA-NT,2022-12,0.027,0.001,0.0534,0.2065,0.3863,0.3012,0,0.0001,0.0245
CA-NU,2022-12,0.0401,0.0015,0.0792,0.3063,0.573,0,0,0,0
CA-NL,2023-01,0.0012,0,0.0025,0.0084,0.0188,0.9656,0,0,0.0035
CA-PE,2023-01,0.0004,0,0.0008,0.0027,0.006,0,0,0.0003,0.9899
CA-NS,2023-01,0.0278,0.0008,0.0586,0.2002,0.4489,0.1641,0,0,0.0996
CA-NB,2023-01,0.0214,0.0006,0.0451,0.1539,0.3453,0.2463,0.1597,0,0.0277
CA-QC,2023-01,0.0003,0,0.0007,0.0025,0.0055,0.957,0,0,0.0339
CA-ON,2023-01,0.0046,0.0001,0.0097,0.0333,0.0746,0.2708,0.5231,0.0046,0.0792
CA-MB,2023-01,0.0001,0,0.0002,0.0008,0.0018,0.9767,0,0,0.0203
CA-SK,2023-01,0.03,0.0008,0.0633,0.2162,0.4849,0.1344,0,0.0009,0.0695
CA-AB,2023-01,0.0317,0.0009,0.067,0.2286,0.5128,0.0184,0,0.0092,0.1314
CA-BC,2023-01,0.003,0.0001,0.0063,0.0216,0.0485,0.8992,0,0,0.0212
CA-YT,2023-01,0.0057,0.0002,0.012,0.0411,0.0922,0.8488,0,0,0
CA-NT,2023-01,0.0235,0.0007,0.0496,0.1692,0.3795,0.3625,0,0,0.0151
CA-NU,2023-01,0.0377,0.001,0.0796,0.2719,0.6097,0,0,0,0
CA-NL,2023-02,0.0011,0,0.0023,0.0077,0.0173,0.968,0,0,0.0036
CA-PE,2023-02,0.0006,0,0.0013,0.0043,0.0097,0,0,0.0007,0.9834
CA-NS,2023-02,0.0285,0.0008,0.0595,0.2034,0.4562,0.1261,0,0,0.1255
CA-NB,2023-02,0.0199,0.0006,0.0417,0.1426,0.3197,0.1247,0.317,0,0.0338
CA-QC,2023-02,0.0003,0,0.0006,0.0021,0.0047,0.9445,0,0,0.0478
CA-ON,2023-02,0.0037,0.0001,0.0078,0.0267,0.0599,0.2616,0.5108,0.0117,0.1177
CA-MB,2023-02,0.0001,0,0.0003,0.0009,0.0021,0.9697,0,0,0.0269
CA-SK,2023-02,0.0295,0.0009,0.0616,0.2107,0.4725,0.1283,0,0.0018,0.0947
CA-AB,2023-02,0.0307,0.0009,0.0642,0.2196,0.4925,0.0152,0,0.0161,0.1608
CA-BC,2023-02,0.0036,0.0001,0.0074,0.0255,0.0571,0.8686,0,0,0.0376
CA-YT,2023-02,0.004,0.0001,0.0083,0.0284,0.0637,0.8951,0,0.0003,0
CA-NT,2023-02,0.0246,0.0007,0.0514,0.1758,0.3942,0.3455,0,0,0.0078
CA-NU,2023-02,0.038,0.0011,0.0795,0.2719,0.6095,0,0,0,0
CA-NL,2023-03,0.001,0,0.002,0.0069,0.0155,0.9705,0,0,0.0041
CA-PE,2023-03,0.0003,0,0.0007,0.0024,0.0054,0,0,0.001,0.99
CA-NS,2023-03,0.0291,0.0008,0.0604,0.2048,0.4592,0.1018,0,0,0.1438
CA-NB,2023-03,0.0156,0.0004,0.0323,0.1095,0.2455,0.1384,0.4168,0,0.0414
CA-QC,2023-03,0.0003,0,0.0007,0.0024,0.0054,0.9488,0,0.0001,0.0423
CA-ON,2023-03,0.0035,0.0001,0.0073,0.0247,0.0554,0.2683,0.5017,0.0166,0.1224
CA-MB,2023-03,0.0001,0,0.0003,0.001,0.0023,0.9731,0,0.0001,0.023
CA-SK,2023-03,0.0322,0.0009,0.0667,0.2265,0.5077,0.0887,0,0.0028,0.0744
CA-AB,2023-03,0.0329,0.0009,0.0682,0.2314,0.5187,0.016,0,0.0349,0.097
CA-BC,2023-03,0.0035,0.0001,0.0072,0.0243,0.0545,0.8892,0,0,0.0213
CA-YT,2023-03,0.0037,0.0001,0.0077,0.0263,0.0589,0.9019,0,0.0014,0
CA-NT,2023-03,0.027,0.0008,0.056,0.19,0.4259,0.2834,0,0.0003,0.0166
CA-NU,2023-03,0.0386,0.0011,0.08,0.2715,0.6087,0,0,0.0001,0
CA-NL,2023-04,0.001,0,0.0021,0.0071,0.016,0.9695,0,0,0.0043
CA-PE,2023-04,0.0005,0,0.001,0.0032,0.0072,0,0,0.0015,0.9866
CA-NS,2023-04,0.0283,0.0008,0.0586,0.1972,0.443,0.0855,0,0,0.1866
CA-NB,2023-04,0.0146,0.0004,0.0303,0.1019,0.229,0.3663,0.2118,0,0.0457
CA-QC,2023-04,0.0004,0,0.0008,0.0028,0.0063,0.9275,0,0.0001,0.062
CA-ON,2023-04,0.0028,0.0001,0.0057,0.0192,0.0432,0.2909,0.5137,0.0198,0.1046
CA-MB,2023-04,0.0001,0,0.0003,0.001,0.0023,0.9747,0,0,0.0215
CA-SK,2023-04,0.0304,0.0009,0.0629,0.2118,0.4759,0.1206,0,0.0025,0.095
CA-AB,2023-04,0.0313,0.0009,0.0648,0.2183,0.4905,0.0192,0,0.037,0.138
CA-BC,2023-04,0.0042,0.0001,0.0087,0.0293,0.0658,0.8625,0,0.0001,0.0293
CA-YT,2023-04,0.003,0.0001,0.0061,0.0206,0.0463,0.921,0,0.0028,0
CA-NT,2023-04,0.0245,0.0007,0.0506,0.1705,0.383,0.343,0,0.0007,0.0271
CA-NU,2023-04,0.0388,0.0011,0.0804,0.2707,0.6082,0,0,0.0007,0
CA-NL,2023-05,0.0007,0,0.0013,0.0046,0.0103,0.9774,0,0,0.0057
CA-PE,2023-05,0.0004,0,0.0008,0.0026,0.0058,0,0,0.0013,0.9892
CA-NS,2023-05,0.0254,0.0007,0.0515,0.1754,0.3932,0.0929,0,0,0.2609
CA-NB,2023-05,0.0196,0.0005,0.0397,0.1352,0.3031,0.3575,0.0752,0,0.0692
CA-QC,2023-05,0.0004,0,0.0008,0.0026,0.0058,0.9206,0,0.0001,0.0698
CA-ON,2023-05,0.0036,0.0001,0.0072,0.0246,0.0551,0.3123,0.5084,0.0255,0.0633
CA-MB,2023-05,0.0001,0,0.0003,0.001,0.0023,0.973,0,0,0.0232
CA-SK,2023-05,0.0313,0.0009,0.0635,0.2162,0.4848,0.1291,0,0.002,0.0722
CA-AB,2023-05,0.0316,0.0009,0.0641,0.2184,0.4897,0.0364,0,0.0506,0.1083
CA-BC,2023-05,0.0031,0.0001,0.0062,0.0211,0.0472,0.9,0,0.0001,0.0223
CA-YT,2023-05,0.0021,0.0001,0.0043,0.0145,0.0326,0.9429,0,0.0035,0
CA-NT,2023-05,0.0234,0.0006,0.0474,0.1615,0.362,0.3654,0,0.0009,0.0389
CA-NU,2023-05,0.0393,0.0011,0.0796,0.271,0.6076,0,0,0.0015,0
CA-NL,2023-06,0.0005,0,0.0009,0.0032,0.0071,0.984,0,0,0.0043
CA-PE,2023-06,0.0005,0,0.0011,0.0036,0.0081,0,0,0.0016,0.985
CA-NS,2023-06,0.0281,0.0007,0.0583,0.1967,0.4419,0.1131,0,0.0023,0.1588
CA-NB,2023-06,0.0118,0.0003,0.0244,0.0823,0.1848,0.2804,0.3734,0,0.0427
CA-QC,2023-06,0.0005,0,0.0009,0.0032,0.0071,0.9472,0,0.0001,0.041
CA-ON,2023-06,0.0073,0.0002,0.0151,0.051,0.1146,0.2338,0.5021,0.0214,0.0544
CA-MB,2023-06,0.0002,0,0.0003,0.0011,0.0024,0.9835,0,0.0001,0.0125
CA-SK,2023-06,0.0319,0.0008,0.0661,0.2231,0.5011,0.1098,0,0.0028,0.0645
CA-AB,2023-06,0.0305,0.0007,0.0633,0.2135,0.4796,0.0536,0,0.0503,0.1085
CA-BC,2023-06,0.0031,0.0001,0.0064,0.0215,0.0482,0.894,0,0.0001,0.0268
CA-YT,2023-06,0.003,0.0001,0.0063,0.0211,0.0475,0.9187,0,0.0033,0
CA-NT,2023-06,0.0245,0.0006,0.0509,0.1715,0.3854,0.3414,0,0.0008,0.0248
CA-NU,2023-06,0.0387,0.0009,0.0803,0.2707,0.6081,0,0,0.0014,0
CA-NL,2023-07,0.0004,0,0.0009,0.0029,0.0065,0.9865,0,0,0.0028
CA-PE,2023-07,0.0006,0,0.0012,0.0041,0.0093,0,0,0.0033,0.9815
CA-NS,2023-07,0.0298,0.0006,0.0635,0.2165,0.4859,0.0978,0,0.0005,0.1053
CA-NB,2023-07,0.014,0.0003,0.0298,0.1016,0.2279,0.2632,0.3412,0,0.0219
CA-QC,2023-07,0.0004,0,0.0009,0.0031,0.0071,0.9558,0,0.0001,0.0325
CA-ON,2023-07,0.0088,0.0002,0.0188,0.0641,0.1439,0.2155,0.4958,0.0187,0.0341
CA-MB,2023-07,0.0001,0,0.0003,0.0009,0.0019,0.9807,0,0.0001,0.0161
CA-SK,2023-07,0.0295,0.0006,0.0628,0.214,0.4803,0.1316,0,0.0025,0.0786
CA-AB,2023-07,0.0307,0.0007,0.0655,0.2232,0.5008,0.0415,0,0.0477,0.09
CA-BC,2023-07,0.0038,0.0001,0.0082,0.0279,0.0627,0.8758,0,0.0002,0.0212
CA-YT,2023-07,0.0031,0.0001,0.0067,0.0227,0.051,0.9128,0,0.0036,0
CA-NT,2023-07,0.0235,0.0005,0.05,0.1706,0.3827,0.3575,0,0.0007,0.0145
CA-NU,2023-07,0.0374,0.0008,0.0797,0.2716,0.6096,0,0,0.0009,0
CA-NL,2023-08,0.0004,0,0.0008,0.0026,0.0059,0.9877,0,0,0.0026
CA-PE,2023-08,0.0005,0,0.001,0.0036,0.008,0,0,0.0023,0.9847
CA-NS,2023-08,0.0285,0.0006,0.0598,0.2043,0.458,0.0936,0,0.0005,0.1546
CA-NB,2023-08,0.0152,0.0003,0.0318,0.1089,0.244,0.2325,0.3373,0.0001,0.0299
CA-QC,2023-08,0.0005,0,0.001,0.0036,0.008,0.9462,0,0.0001,0.0405
CA-ON,2023-08,0.0071,0.0002,0.015,0.0513,0.1149,0.2015,0.5383,0.0182,0.0536
CA-MB,2023-08,0.0001,0,0.0002,0.0008,0.0018,0.9803,0,0,0.0168
CA-SK,2023-08,0.0313,0.0007,0.0657,0.2247,0.5037,0.1137,0,0.0022,0.058
CA-AB,2023-08,0.0313,0.0007,0.0658,0.225,0.5044,0.0306,0,0.0432,0.0989
CA-BC,2023-08,0.0038,0.0001,0.0079,0.0271,0.0607,0.8752,0,0.0001,0.025
CA-YT,2023-08,0.0023,0.0001,0.0048,0.0163,0.0365,0.9384,0,0.0018,0
CA-NT,2023-08,0.032,0.0007,0.0671,0.2295,0.5144,0.1287,0,0.0004,0.0271
CA-NU,2023-08,0.0379,0.0008,0.0795,0.2717,0.6091,0,0,0.001,0
CA-NL,2023-09,0.0004,0,0.0008,0.0027,0.0062,0.9862,0,0,0.0036
CA-PE,2023-09,0.0004,0,0.0008,0.0027,0.006,0,0,0.0021,0.9881
CA-NS,2023-09,0.0292,0.0007,0.0608,0.2069,0.4647,0.0977,0,0.0004,0.1396
CA-NB,2023-09,0.0137,0.0003,0.0285,0.0971,0.218,0.2477,0.3633,0.0002,0.0311
CA-QC,2023-09,0.0005,0,0.0009,0.0032,0.0072,0.9469,0,0.0001,0.0412
CA-ON,2023-09,0.0066,0.0001,0.0136,0.0464,0.1043,0.2221,0.54,0.0191,0.0478
CA-MB,2023-09,0.0001,0,0.0003,0.0011,0.0024,0.9668,0,0.0001,0.0293
CA-SK,2023-09,0.0311,0.0007,0.0646,0.22,0.494,0.1257,0,0.0025,0.0614
CA-AB,2023-09,0.0313,0.0007,0.065,0.2213,0.497,0.0276,0,0.036,0.1211
CA-BC,2023-09,0.0037,0.0001,0.0077,0.0262,0.0588,0.8669,0,0.0001,0.0366
CA-YT,2023-09,0.0065,0.0001,0.0135,0.046,0.1032,0.8298,0,0.001,0
CA-NT,2023-09,0.03,0.0007,0.0624,0.2124,0.4771,0.1822,0,0.0004,0.0348
CA-NU,2023-09,0.0383,0.0009,0.0797,0.2715,0.6096,0,0,0,0
CA-NL,2023-10,0.0008,0,0.0017,0.0057,0.0128,0.975,0,0,0.0041
CA-PE,2023-10,0.0005,0,0.0011,0.0037,0.0083,0,0,0.001,0.9853
CA-NS,2023-10,0.0246,0.0006,0.0519,0.177,0.3971,0.157,0,0.0004,0.1915
CA-NB,2023-10,0.0143,0.0003,0.0301,0.1027,0.2304,0.2155,0.366,0.0001,0.0406
CA-QC,2023-10,0.0004,0,0.0008,0.0026,0.0059,0.9269,0,0.0001,0.0633
CA-ON,2023-10,0.0044,0.0001,0.0094,0.0319,0.0716,0.239,0.5327,0.0113,0.0997
CA-MB,2023-10,0.0002,0,0.0004,0.0014,0.0032,0.9579,0,0,0.0367
CA-SK,2023-10,0.0311,0.0008,0.0657,0.224,0.5026,0.085,0,0.0016,0.0892
CA-AB,2023-10,0.0308,0.0008,0.065,0.2216,0.4972,0.019,0,0.0194,0.1462
CA-BC,2023-10,0.0034,0.0001,0.0072,0.0247,0.0553,0.8756,0,0.0001,0.0336
CA-YT,2023-10,0.0079,0.0002,0.0166,0.0566,0.1271,0.7914,0,0.0002,0
CA-NT,2023-10,0.0305,0.0007,0.0643,0.2194,0.4923,0.1412,0,0.0001,0.0514
CA-NU,2023-10,0.0378,0.0009,0.0797,0.2716,0.6096,0,0,0.0004,0
CA-NL,2023-11,0.0009,0,0.0019,0.0065,0.0147,0.9728,0,0,0.0031
CA-PE,2023-11,0.0003,0,0.0007,0.0024,0.0054,0,0,0.0004,0.9906
CA-NS,2023-11,0.0273,0.0007,0.0576,0.1964,0.4407,0.0929,0,0.0002,0.1843
CA-NB,2023-11,0.0167,0.0004,0.0353,0.1204,0.2702,0.2107,0.2945,0.0001,0.0515
CA-QC,2023-11,0.0003,0,0.0006,0.0021,0.0047,0.9295,0,0,0.0627
CA-ON,2023-11,0.0064,0.0002,0.0134,0.0457,0.1025,0.2293,0.4798,0.0075,0.1153
CA-MB,2023-11,0.0002,0,0.0004,0.0014,0.0031,0.945,0,0,0.0499
CA-SK,2023-11,0.0308,0.0008,0.065,0.2217,0.4976,0.0837,0,0.0015,0.0989
CA-AB,2023-11,0.0296,0.0007,0.0624,0.2128,0.4774,0.018,0,0.013,0.1862
CA-BC,2023-11,0.0039,0.0001,0.0083,0.0284,0.0637,0.8568,0,0,0.0387
CA-YT,2023-11,0.0069,0.0002,0.0145,0.0495,0.1111,0.8081,0,0,0.0097
CA-NT,2023-11,0.0331,0.0008,0.0698,0.2379,0.5339,0.0956,0,0,0.0289
CA-NU,2023-11,0.0378,0.0009,0.0797,0.2717,0.6098,0,0,0.0001,0
CA-NL,2023-12,0.0009,0,0.0019,0.0065,0.0147,0.9728,0,0,0.0031
CA-PE,2023-12,0.0003,0,0.0007,0.0024,0.0054,0,0,0.0004,0.9906
CA-NS,2023-12,0.0273,0.0007,0.0576,0.1964,0.4407,0.0929,0,0.0002,0.1843
CA-NB,2023-12,0.0167,0.0004,0.0353,0.1204,0.2702,0.2107,0.2945,0.0001,0.0515
CA-QC,2023-12,0.0003,0,0.0006,0.0021,0.0047,0.9295,0,0,0.0627
CA-ON,2023-12,0.0064,0.0002,0.0134,0.0457,0.1025,0.2293,0.4798,0.0075,0.1153
CA-MB,2023-12,0.0002,0,0.0004,0.0014,0.0031,0.945,0,0,0.0499
CA-SK,2023-12,0.0308,0.0008,0.065,0.2217,0.4976,0.0837,0,0.0015,0.0989
CA-AB,2023-12,0.0296,0.0007,0.0624,0.2128,0.4774,0.018,0,0.013,0.1862
CA-BC,2023-12,0.0039,0.0001,0.0083,0.0284,0.0637,0.8568,0,0,0.0387
CA-YT,2023-12,0.0069,0.0002,0.0145,0.0495,0.1111,0.8081,0,0,0.0097
CA-NT,2023-12,0.0331,0.0008,0.0698,0.2379,0.5339,0.0956,0,0,0.0289
CA-NU,2023-12,0.0378,0.0009,0.0797,0.2717,0.6098,0,0,0.0001,0
CA-NL,2024-01,0.0009,0,0.0019,0.0065,0.0147,0.9728,0,0,0.0031
CA-PE,2024-01,0.0003,0,0.0007,0.0024,0.0054,0,0,0.0004,0.9906
CA-NS,2024-01,0.0273,0.0007,0.0576,0.1964,0.4407,0.0929,0,0.0002,0.1843
CA-NB,2024-01,0.0167,0.0004,0.0353,0.1204,0.2702,0.2107,0.2945,0.0001,0.0515
CA-QC,2024-01,0.0003,0,0.0006,0.0021,0.0047,0.9295,0,0,0.0627
CA-ON,2024-01,0.0064,0.0002,0.0134,0.0457,0.1025,0.2293,0.4798,0.0075,0.1153
CA-MB,2024-01,0.0002,0,0.0004,0.0014,0.0031,0.945,0,0,0.0499
CA-SK,2024-01,0.0308,0.0008,0.065,0.2217,0.4976,0.0837,0,0.0015,0.0989
CA-AB,2024-01,0.0296,0.0007,0.0624,0.2128,0.4774,0.018,0,0.013,0.1862
CA-BC,2024-01,0.0039,0.0001,0.0083,0.0284,0.0637,0.8568,0,0,0.0387
CA-YT,2024-01,0.0069,0.0002,0.0145,0.0495,0.1111,0.8081,0,0,0.0097
CA-NT,2024-01,0.0331,0.0008,0.0698,0.2379,0.5339,0.0956,0,0,0.0289
CA-NU,2024-01,0.0378,0.0009,0.0797,0.2717,0.6098,0,0,0.0001,0
